record_id,name,address,status,products,law,lat,lng
gfe053f81b4a7,(유)금호주방,전북특별자치도 전주시 덕진구 상리2길 25 (팔복동2가),영업,업무용대형연소기,액법,35.8538808,127.1007450
g82745ee7e4c4,(유)우신주방산업,전북특별자치도 전주시 덕진구 추천로 443-8 (팔복동4가),영업,업무용대형연소기,액법,35.8696422,127.1025044
g20e6d7ef41d1,(주)KHPT,전라남도 순천시 해룡면 율촌산단1로 80-35,영업,압력용기 · 저장탱크,고법,34.8926683,127.5783364
g66d5ec0d9799,(주)PN풍년,경기도 안산시 단원구 별망로 620 세광알미늄(주),영업,업무용대형연소기,액법,37.2999501,126.7936402
g9f9f1bbbebc7,(주)가온텍,경기도 화성시 향남읍 발안로474번길 19-27,영업,실린더캐비넷,고법,37.1291904,126.9627827
g18acc3330d3e,(주)강원엔티에스,충청남도 당진시 순성면 백석길 6,영업,압력용기,고법,36.8266590,126.6880093
g2b6475ddd334,(주)거봉한진,인천광역시 서구 북항로177번길 68,영업,기화장치 · 긴급차단장치 · 로딩암 · 안전밸브 · 압력조정기,고법 · 액법,37.5004874,126.6275561
gfb6804b9b2e9,(주)거산케이앤씨,대구광역시 북구 검단북로2길 9-9,영업,업무용대형연소기,액법,35.9133238,128.6093056
gc946933daf61,(주)거화산업,경기도 남양주시 화도읍 비룡로524번길 12,영업,업무용대형연소기,액법,37.6878845,127.3194364
g19bb4fef1083,(주)건호이엔씨,울산광역시 남구 용잠로74번길 48,영업,압력용기 · 응축기 · 저장탱크,고법,35.4966628,129.3424691
ga2c1352c4e5a,(주)경동나비엔,경기도 평택시 경기대로 663,영업,가스렌지 · 가스보일러 · 가스온수기,고법 · 액법,37.0080201,127.0752971
gb028600333d6,(주)경동나비엔,경기도 평택시 산단로121번길 57,영업,가스보일러,액법,37.0388041,127.0825200
gf6ba23034a30,(주)경동나비엔,경기도 평택시 서탄면 수월암길 95,영업,가스렌지 · 가스보일러 · 가스온수기,액법,37.1242399,127.0391534
g96f0a87a30b6,(주)경동에버런,경기도 평택시 경기대로 663,영업,강제혼합식가스버너,액법,37.0080201,127.0752971
g8c5a670b180d,(주)경안써머텍,경기도 화성시 팔탄면 율암리 761-3,영업,냉동설비,고법,37.1538500,126.8901432
g18c30d3ea9a9,(주)경원,부산광역시 사상구 사상로393번길 74 (주)경원,영업,업무용대형연소기,액법,35.1805047,128.9814678
g9274e8b64c7b,(주)경한,경상북도 경산시 진량읍 공단8로 58,영업,업무용대형연소기,액법,35.8630849,128.8322867
g501d8aac5be4,(주)고도이엔지,경기도 화성시 정남면 금복길 62-10,영업,실린더캐비넷,고법,37.1537586,127.0118544
g2f74b4891e26,(주)고려특수금속,인천광역시 남동구 남동서로205번길 25,영업,배관용밸브 · 안전밸브,고법 · 액법,37.4086923,126.6908445
g381193daf172,(주)고려프랜트,울산광역시 울주군 온산읍 처용산업1길 76-4,영업,냉동설비 · 압력용기 · 저장탱크,고법,35.4666331,129.3354469
g091509519ffa,(주)광산에스에이치아이,경상남도 창원시 진해구 신항8로 14,영업,압력용기 · 저장탱크,고법,35.0856419,128.7664080
gf1cc4ae78c3e,(주)귀뚜라미,충청남도 아산시 탕정면 음봉로 850,영업,가스난방기 · 가스보일러 · 가스온수기,고법 · 액법,36.8204791,127.0991803
gb4f232449abc,(주)귀뚜라미범양냉방,충청남도 아산시 탕정면 음봉로 850 (주)귀뚜라미,영업,냉동설비,고법,36.8204791,127.0991803
ge9ec4385d05f,(주)귀뚜라미-청도공장,경상북도 청도군 청도읍 월곡2길 34,영업,가스보일러,고법 · 액법,35.6308525,128.7564810
g12641dc8d6ee,(주)그릴랜드,"인천광역시 서구 검단로 85 ,2동",영업,가스그릴 · 고압가스 · 업무용대형연소기 · 이동식부탄연소기,액법,37.5983905,126.6169781
g03df7364c6d9,(주)극동금속,경기도 남양주시 진접읍 진벌로223번길 32,영업,업무용대형연소기,액법,37.7397752,127.2292493
g815c0fa7c441,(주)극동주공,인천광역시 서구 사렴로10번길 30 1동,영업,가스난방기 · 업무용대형연소기 · 주물연소기,액법,37.5494558,126.6401671
g93ff6edbec7b,(주)글로벌신용,경기도 화성시 서신면 제부로 1043,영업,업무용대형연소기 · 주물연소기,액법,37.1901493,126.7132736
gecca341b625d,(주)금강밸브,대구광역시 달서구 성서동로 193,영업,배관용밸브,고법 · 액법,35.8375687,128.5153591
ga99789456719,(주)금성하이텍,경기도 김포시 통진읍 김포대로 2398-28,영업,압력용기,고법,37.6991865,126.5854395
g244a55988eb0,(주)금호조리기,광주광역시 광산구 하남산단7번로 135-16,영업,업무용대형연소기,액법,35.2076382,126.8110919
gf6739509402c,(주)나비아,경상남도 함안군 칠원읍 동대이길 81,영업,가스난방기 · 이동식부탄연소기,액법,35.2985907,128.5319184
gda38f1312ed3,(주)네오테크,경기도 용인시 처인구 모현읍 독점로113번길 15-29,영업,실린더캐비넷,고법,37.3254082,127.2393349
g5630a8beea63,(주)누리,전라남도 여수시 산단중앙로 77-23,영업,압력용기 · 저장탱크,고법,34.8282688,127.6450581
g4c710419c6b7,(주)뉴템즈,경상남도 창원시 성산구 공단로21번길 28,영업,냉동기 · 냉동설비 · 압력용기 · 응축기 · 저장탱크 · 증발기,고법,35.2118258,128.6261309
ga2d6c7f0e047,(주)뉴템즈,경상남도 함안군 법수면 황사공단로 25,영업,냉동기 · 압력용기 · 응축기 · 저장탱크 · 증발기,고법,35.3352234,128.3207782
g4a8c90000a4a,(주)다스코,부산광역시 강서구 녹산산단17로78번길 33 (송정동),영업,기화장치 · 압력용기 · 저장탱크,고법,35.1001981,128.8296281
gd02cc2b8dbec,(주)다임코,경기도 시흥시 공단3대로 263 (시화공단 3바 909),영업,용기용밸브,고법 · 액법,37.3200508,126.7159722
g4b680c97d6e3,(주)대가,경기도 광주시 초월읍 무들로8번길 50-20,영업,배관이음관,액법,37.3840488,127.2952462
gbab04bc62dfb,(주)대경엠앤아이,전라남도 여수시 여수산단로 241 (월하동),영업,압력용기 · 저장탱크,고법,34.8055404,127.6654803
g751dd458b743,(주)대공,울산광역시 울주군 온산읍 처용산업1길 23,영업,압력용기 · 저장탱크,고법,35.4628838,129.3365401
g2e4299d142d7,(주)대륙제관,충청남도 아산시 영인면 영인로202번길 17,영업,납붙임 및 접합용기,고법 · 액법 · 도법,36.8688908,126.9492556
g04b305821fa7,(주)대륭,경기도 광주시 초월읍 무들로 252-19,영업,업무용대형연소기,액법,37.3777733,127.3113850
g33bd7d560493,(주)대림기계(구진성금속공업),경기도 부천시 원미구 도당동 12-3,영업,업무용대형연소기,액법,37.5154671,126.7808724
ge6a1704e9799,(주)대림기공,부산광역시 강서구 녹산산단381로 64,영업,소형탱크 · 압력용기 · 저장탱크,고법,35.0949127,128.8605172
g9e96a008fcb1,(주)대림기공,부산광역시 강서구 녹산산단381로 64 (송정동),영업,소형탱크 · 압력용기 · 저장탱크 · 탱크로리,고법,35.0949127,128.8605172
g5d669ff25c20,(주)대림기공 2공장,부산광역시 강서구 화전산단6로90번길 19 (화전동),영업,소형탱크 · 압력용기 · 저장탱크,고법,35.1053412,128.8849781
g2c176e6f0dde,(주)대명코리아,경기도 포천시 가산면 부흥로 664,영업,업무용대형연소기,액법,37.8085715,127.1847588
g422593e9da2f,(주)대성,경상남도 창원시 진해구 남영로527번길 43,영업,압력조정기,고법 · 액법,35.1173187,128.7777536
g784c2b7d1982,(주)대성종합밸브,경기도 광주시 도척면 도척로765번길 67-16,영업,배관용밸브,액법,37.2840502,127.3218039
g5fb39fe0f6c9,(주)대성주방,경기도 시흥시 엠티브이28로20번길 18 (정왕동) (주)대성주방,영업,업무용대형연소기,액법,37.3261573,126.6938365
g58ebb3bb78f8,(주)대신종합주방기구,"경기도 안산시 단원구 진흥로128번길 20(성곡동,시화공단5라602)",영업,업무용대형연소기,액법,37.3159389,126.7455437
g51b86297398d,(주)대아주방,광주광역시 북구 하서로216번길 8,영업,업무용대형연소기,액법,35.1944918,126.8780542
gb2e937674bef,(주)대양에스티,경기도 광주시 순암로 157-7,영업,업무용대형연소기,액법,37.3962101,127.2321813
g6a8fd55ae390,(주)대열보일러,충청남도 서산시 지곡면 무장리 1696,영업,강제혼합식가스버너,액법,36.8511651,126.4533314
g1594d818d882,(주)대우금속개발,경기도 광주시 초월읍 지월로16번길 33,영업,업무용대형연소기,액법,37.4097413,127.2922581
g97af56246df6,(주)대웅씨티,경상남도 김해시 한림면 용덕로23번길 109-12,영업,기화장치 · 압력용기 · 저장탱크 · 탱크로리,고법,35.2881849,128.8289950
gc2d24381f786,(주)대웅씨티,부산광역시 강서구 미음산단로 136,영업,기화장치 · 압력용기 · 저장탱크 · 초저온용기 · 탱크로리,고법,35.1359873,128.8600306
g1698c01d13a5,(주)대일기계,경기도 김포시 통진읍 마송2로104번길 166,영업,안전밸브,고법,37.6826366,126.5925105
g1f0feadc3d8e,(주)대정밸브,"대구광역시 달서구 호산동로 79, 달서대로95길 66",영업,안전밸브,고법,35.8423447,128.4851756
g9ddb301172e3,(주)대주기계 2공장,대구광역시 달성군 유가면 테크노순환로4길 11,영업,냉동설비 · 압력용기,고법,35.6764125,128.4568672
gdb18c2fe657f,(주)대창솔루션 화전2공장,부산광역시 강서구 화전산단1로 155,영업,기화장치 · 긴급차단장치 · 배관용밸브 · 안전밸브 · 압력용기 · 용기용밸브 · 저장탱크 · 탱크로리,고법 · 액법,35.0971822,128.8839345
g27c08c3bdda3,(주)대흥머시너리,경기도 광주시 도척면 도척로 750,영업,업무용대형연소기,액법,37.2896240,127.3226471
g13c432bc40e3,(주)대흥이엔텍울산지점,울산광역시 남구 용연로195번길 9 (용연동),영업,안전밸브,고법,35.4755792,129.3614734
g13e82cf26cfa,(주)대흥정공,충청남도 서산시 성연면 해성산업로 148-16 (주)대흥정공,영업,그밖의용기 · 암모니아용기 · 자동차용가스주입기 · 프레온용기 · 호스,고법 · 액법,36.8593112,126.4788635
g2507480851f4,(주)대흥쿨러,경기도 포천시 내촌면 금강로2018번길 41-24,영업,냉동설비 · 압력용기 · 저장탱크,고법,37.7569976,127.2256303
gd06c14aba7a5,(주)더블유원,전라남도 곡성군 석곡면 연반농공길 9,영업,LPG용기,고법 · 액법,35.1597961,127.2509621
g910cd84adfff,(주)더존그릴로,인천광역시 남동구 남동동로63번길 41 (고잔동),영업,이동식부탄연소기,액법,37.3922373,126.6923990
gfe770a0aa658,(주)덕산코트랜,대구광역시 북구 검단북로 74,영업,냉동기 · 응축기 · 증발기,고법,35.9146046,128.6145391
g61cd20b8ddff,(주)덕산코트랜 성서공장,대구광역시 달성군 다사읍 세천로4길 15,영업,냉동기 · 응축기 · 증발기,고법,35.8712721,128.4709487
ga4ab8b0c2113,(주)덕성기업,대구광역시 서구 장산로 300,영업,콕크 · 호스,액법,35.8734752,128.5328959
g5cbf08cfe022,(주)도전과기술,경기도 광명시 원노온사로 20,영업,업무용대형연소기,액법,37.4485586,126.8478152
g7b2a166dc47e,(주)돈트써멀솔루션,전북특별자치도 군산시 산단남북로 31 (오식도동),영업,압력용기,고법,35.9478233,126.5607794
g7d3434fd47ce,(주)동광보일러,충청남도 아산시 수장로 67 (배미동),영업,가스보일러 · 강제혼합식가스버너,액법,36.7978881,126.9689342
g113dfd6d494f,(주)동양엔지니어링,경기도 김포시 대곶면 대곶북로403번길 49-35,영업,안전밸브,고법,37.6773593,126.5700370
g5a1410be5fb2,(주)동일기연,경기도 화성시 하나문길 17,영업,냉동설비 · 압력용기,고법,37.1967340,126.7955842
g39a3ced08d26,(주)동진크로텍,경상남도 고성군 고성읍 대독산업로 83-12,영업,압력용기 · 저장탱크,고법,34.9654331,128.3073084
g1a74ce567a09,(주)동진테크윈,경상남도 고성군 고성읍 대독산업로 83-12,영업,압력용기 · 저장탱크,고법,34.9654331,128.3073084
g8f52803ac4a5,(주)동화뉴텍,부산광역시 강서구 미음산단로8번길 75 (구랑동),영업,압력용기 · 응축기 · 저장탱크 · 증발기,고법,35.1324599,128.8577201
ga096243ad89f,(주)동화엔텍,부산광역시 강서구 과학산단로305번길 7 (지사동),영업,압력용기,고법,35.1484986,128.8364917
gcab63d7618b9,(주)동화엔텍,부산광역시 강서구 녹산산단261로 7 (송정동),영업,기화장치 · 압력용기 · 응축기 · 저장탱크 · 증발기,고법,35.0896260,128.8446137
g49aeb19889e6,(주)동화엔텍,부산광역시 강서구 화전산단1로63번길 20 (화전동),영업,기화장치 · 압력용기,고법,35.1006988,128.8760879
g3d71aa72279d,(주)두본후렉시블,경기도 김포시 양촌읍 황금4로 117,영업,호스,액법,37.6116868,126.5998631
gf246971231a3,(주)두영빌리프,부산광역시 강서구 금호순서길 69-10 (대저2동),영업,업무용대형연소기,액법,35.1615797,128.9547882
g2f6ffd549dc6,(주)드림엔지니어링,울산광역시 남구 처용로 790,영업,압력용기 · 저장탱크,고법,35.4690104,129.3658781
g0fa06b3f6366,(주)드림엔지니어링제2공장,울산광역시 울주군 온산읍 처용산업3길 30-37,영업,압력용기 · 저장탱크,고법,35.4700640,129.3361725
g5329933cd4c3,(주)디더블유머티리얼즈,전라남도 광양시 광양읍 초남2공단길 8,영업,기화장치 · 압력용기 · 저장탱크,고법,34.9483375,127.6070934
gd4bb38721e8c,(주)디비포쎄,경기도 김포시 대곶면 대곶로 401,영업,업무용대형연소기,액법,37.6796302,126.5533764
g75cd2a182682,(주)디에이치오토넥스,전북특별자치도 김제시 용지면 용지로 55,영업,LPG용기,고법,35.8243905,126.9444330
g6b51fa6db779,(주)디엘에이치아이,경상남도 사천시 사남면 외국기업로 152-21,영업,압력용기,고법,35.0645075,128.0566748
ga3375d70f599,(주)디엠,경기도 평택시 서탄로 470-20,영업,실린더캐비넷,고법,37.1203930,127.0248670
g2d4ad2b0677d,(주)디티에스,전북특별자치도 군산시 자유무역2길 45 (오식도동),영업,압력용기,고법,35.9617932,126.5542901
g5e20128782ac,(주)런텍,부산광역시 강서구 미음산단4로 6 (미음동),영업,압력용기 · 저장탱크,고법,35.1541344,128.8609160
g6edae59ea3e6,(주)레스콘,경기도 양주시 평화로1429번길 89-28,영업,업무용대형연소기,액법,37.8223157,127.0420711
gd09f0b2adbaf,(주)레파엔지니어링,경기도 광주시 곤지암읍 독고개길 163-14,영업,냉동기,고법,37.3468160,127.3104283
gab79fe2704fb,(주)로커스,부산광역시 강서구 녹산산단261로74번길 41 B동 1호(송정동),영업,독성가스배관용밸브,고법,35.0962690,128.8509081
g5b3102e42f06,(주)로페,충청북도 충주시 수안보면 새재로 1860,영업,이음매없는용기,고법,36.8246581,128.0091367
g7b85280260b0,(주)리즈코포레이션,경기도 김포시 대곶면 용두로 28,영업,압력용기,고법,37.6574905,126.5987745
gcd5cb3a1adbf,(주)마이텍,부산광역시 강서구 미음산단4로 33 (미음동),영업,기화장치 · 압력용기 · 저장탱크,고법,35.1533769,128.8575933
g9d23f2718580,(주)매일마린 창원공장지점,경상남도 창원시 마산합포구 가포신항중앙로 50(가포동),영업,기화장치 · 압력용기,고법,35.1673587,128.5752538
gae96c2f76b22,(주)무유플랜트,충청남도 당진시 송악읍 부곡공단4길 53-39,영업,냉동설비 · 압력용기 · 응축기 · 저장탱크 · 증발기,고법,36.9636191,126.7734642
g70611cc5f658,(주)미동이엔지,경기도 동두천시 강변로850번길 136,영업,업무용대형연소기,액법,37.9354813,127.0515335
gcbe6618b1e74,(주)미래에너지,"대구광역시 북구 검단동로 45, 1동",영업,냉동기 · 응축기 · 증발기,고법,35.9151916,128.6239178
g9a54baf17c31,(주)미리코,경기도 안산시 단원구 동산로 30 (주)중앙일보사빌딩 9층,영업,가스누출자동차단장치,액법,37.3120621,126.7940972
ge396d953ef9b,(주)미성가스이엔지,"경기도 안산시 단원구 성곡로 176 (성곡동,타원타크라지식산업센타제가동304호)",영업,실린더캐비넷,고법,37.3252120,126.7612796
g09da8c85d271,(주)미코하이테크,인천광역시 남동구 능허대로 686 (고잔동) 남동공단148B-15L,영업,압력용기,고법,37.3886038,126.6874473
g52f0088fff85,(주)바이텍,인천광역시 남동구 고잔로21번길 20-4,영업,가스누출자동차단장치 · 콕크,액법,37.3957468,126.7172741
gb6b12ab9df75,(주)발맥스기술,충청남도 아산시 둔포면 아산밸리로387번길 10,영업,압력용기 · 저장탱크,고법,36.9057852,127.0639437
gb1f865b371f7,(주)백건이앤씨,"경기도 포천시 자작로 149, 가동일부(자작동)",영업,가스누출자동차단장치 · 콕크,액법,37.8750291,127.1634763
g075c4924311d,(주)범양써머텍,경기도 광명시 하안로 60 광명테크노파크 E동104호,영업,강제혼합식가스버너,액법,37.4447448,126.8940262
g126783506300,(주)베스코,전라남도 여수시 소라면 주삼덕양로 60-2,영업,압력용기 · 저장탱크,고법,34.7901866,127.6387100
g8350c84b67a6,(주)보광씨티,경기도 화성시 향남읍 발안공단로4길 74,영업,배관용밸브,액법,37.0842395,126.9020142
g272c73210b55,(주)보성,경기도 용인시 처인구 남사면 천덕산로74번길 40,영업,가스렌지 · 이동식부탄연소기,액법,37.1111964,127.1148724
g9bbfe1ab9eef,(주)보성이엔지,경기도 부천시 원미구 옥산로 218,영업,기화장치 · 안전밸브 · 자동차용가스주입기,고법 · 액법,37.5131081,126.7806159
gce6d848b1a43,(주)부산인텍부산금망,부산광역시 강서구 녹산산업북로313번길 48,영업,압력용기 · 저장탱크,고법,35.0991240,128.8548974
ge5db6b141bbe,(주)부성,인천광역시 남동구 남동대로155번길 65 (고잔동),영업,냉동설비 · 응축기 · 증발기,고법 · 액법,37.4004502,126.6899868
g4e535ed7aba8,(주)부-스타,충청북도 진천군 이월면 고등2길 18,영업,가스보일러 · 강제혼합식가스버너 · 냉동기 · 압력용기 · 증발기,고법 · 액법,36.9214959,127.4281876
g076f4df66024,(주)부영엔지니어링,경기도 안산시 단원구 엠티브이4로48번길 13 A동,영업,압력용기,고법,37.2976458,126.7714889
g4c69af7f33cf,(주)부영이엔지,충청북도 음성군 삼성면 청용로262번길 69,영업,소형탱크 · 압력용기,고법,37.0129715,127.4646933
g9a70d9c7f5ed,(주)비엠티,부산광역시 기장군 장안읍 신소재산단2로 17,영업,독성가스배관용밸브 · 배관용밸브 · 안전밸브,고법 · 액법,35.3417947,129.2668925
g6d6f911708df,(주)삼경이엔씨,충청남도 당진시 순성면 틀모시로 209-49,영업,응축기 · 증발기,고법,36.8569742,126.7025218
gd36a9fbd98d3,(주)삼성정공,경상북도 성주군 성주읍 성주산업단지로1길 90,영업,긴급차단장치 · 독성가스배관용밸브 · 배관용밸브,고법 · 액법,35.9312826,128.2920404
g4ba29bf4ab27,(주)삼신,충청남도 천안시 서북구 입장면 성진로 1138-11,영업,긴급차단장치 · 배관용밸브 · 안전밸브 · 압력용기,고법 · 액법,36.9138479,127.2558275
gd23afc4d79f8,(주)삼원가스앤플랜트,인천광역시 강화군 강화읍 강화산단로 85,영업,배관이음관,액법,37.7647471,126.5009442
g22a85d779690,(주)삼진정밀(삼진JMC사업부),대전광역시 대덕구 대화로52번길 20,영업,긴급차단장치 · 독성가스배관용밸브 · 배관용밸브,고법 · 액법,36.3684633,127.4146191
gcef3f2872049,(주)삼홍기계,경상남도 창원시 마산합포구 진북면 산단2길 52 (신촌리),영업,압력용기 · 저장탱크,고법,35.1366537,128.4815466
g4f640b61ba0e,(주)삼화제작소,인천광역시 남동구 남동동로 159 (주)삼화제작소,영업,압력용기,고법,37.3990591,126.6997459
g0fd483a82803,(주)서울산업기술,충청남도 당진시 고대면 고대로 884,영업,압력용기 · 저장탱크,고법,36.9679648,126.5384828
g94381afc3c00,(주)서흥테크,부산광역시 강서구 제도로1041번길 320 (강동동),영업,기화장치 · 긴급차단장치,고법 · 액법,35.2120792,128.9232946
gf4c3106bed32,(주)선영시스텍,대전광역시 유성구 테크노5로 43-11,영업,압력용기,고법,36.4274653,127.3937078
gc6ce780aff15,(주)선일금속,"경기도 안산시 단원구 진흥로128번길 20(성곡동,시화공단5라 602호)",영업,업무용대형연소기,액법,37.3159389,126.7455437
g666ef150c0b0,(주)성림에너지,경기도 포천시 호국로1145번길 129,영업,업무용대형연소기,액법,37.8619751,127.1610792
g9420a193b50b,(주)성산기업,충청남도 당진시 면천면 옥수로 244 (주)성산기업,영업,기화장치 · 압력용기 · 저장탱크,고법,36.7939269,126.6963395
g909a2c754520,(주)성원기업,부산광역시 강서구 가리새2로13번길 27 (생곡동),영업,압력용기 · 저장탱크,고법,35.1386238,128.8826180
g45317e605e0e,(주)성현,전북특별자치도 군산시 자유무역2길 31 (오식도동),영업,소형탱크 · 압력용기 · 저장탱크 · 탱크로리,고법,35.9619032,126.5510740
g7127e1f17205,(주)성화에프앤디,경기도 안양시 동안구 엘에스로116번길 25-32 (호계동) 비 121호,영업,가스누출자동차단장치,액법,37.3740595,126.9487876
g15529aa7b127,(주)세광,경기도 김포시 양촌읍 황금로127번길 106,영업,압력용기,고법,37.6136461,126.6208171
g7ca9dcaf0ee4,(주)세기,경기도 부천시 오정구 오정로39번길 24-17,영업,응축기,고법,37.5269964,126.7654397
g175d3c3d6759,(주)세안,인천광역시 서구 길주로44번길 24,영업,납붙임 및 접합용기,고법,37.5057505,126.6635893
g382073bac923,(주)세안,충청북도 음성군 원남면 원남산단1길 50,영업,납붙임 및 접합용기,고법,36.8925549,127.6758706
g4c5bd92da99c,(주)세양기업,경기도 시흥시 공단1대로79번길 31 (주)세양기업,영업,압력용기,고법,37.3480378,126.7155094
g6897f830c91c,(주)세원기연,경기도 평택시 세교산단로 51,영업,냉동기 · 응축기,고법 · 액법,37.0119687,127.0806895
ga455634192a7,(주)세이프퀴슬,"경기도 의왕시 오봉산단3로 25, 1동 507~509호",영업,콕크,액법,37.3286369,126.9534222
g69571e20e4c1,(주)세이프텍,"경기도 부천시 석천로 397,101동1007호,1008호(부천테크노파크쌍용3차)",영업,콕크,액법,37.5229346,126.7654290
g75c591015efc,(주)세종테크,울산광역시 울주군 온양읍 원동3길 31,영업,압력용기 · 저장탱크,고법,35.4586125,129.2939546
g09fa27e8341b,(주)세진중공업-5공장,울산광역시 울주군 온산읍 당월로 216-18,영업,압력용기 · 저장탱크,고법,35.4204512,129.3518090
g61255b594e77,(주)세진큐앤텍,경상남도 양산시 어곡공단1길 142,영업,호스,액법,35.3836953,129.0163019
ge224a8b85c60,(주)세창엠아이,경기도 화성시 팔탄면 온천로 76-16,영업,암모니아용기 · 압력용기 · 저장탱크,고법,37.1300669,126.8633399
ge9be8cb9dbd5,(주)세화테크놀로지,경기도 안성시 원곡면 원암로 250-4,영업,실린더캐비넷,고법,37.0865173,127.1749668
ga6ae940c7fa8,(주)센추리아산공장,충청남도 아산시 탕정면 음봉로 850 (주)귀뚜라미 센추리,영업,냉동기 · 냉동설비,고법 · 액법,36.8204791,127.0991803
gb0bbee8256ed,(주)셀덤,경기도 김포시 대곶면 대곶로 401-2,영업,업무용대형연소기,액법,37.6791280,126.5518028
gc4eccda9380d,(주)셀트론,경기도 화성시 정남면 신백길 102-3,영업,실린더캐비넷,고법,37.1652954,126.9734467
g6fecc2c4537b,(주)송산피엔이,경기도 김포시 하성면 하성로 377-31,영업,압력용기,고법,37.7086305,126.6354188
g839b7c390536,(주)수국,경기도 광주시 고불로279번길 40,영업,강제혼합식가스버너,액법,37.3988817,127.2049699
gd49256ac2909,(주)수국,경기도 이천시 신둔면 원적로290번길 107,영업,가스난방기 · 강제혼합식가스버너,액법,37.3128842,127.4253316
g3f0225d827a5,(주)수림테크,경기도 안성시 미양면 강덕1길 44,영업,긴급차단장치 · 안전밸브,고법,36.9516863,127.2285085
g2bba076fd96a,(주)수산홈텍,경기도 광주시 삼지곡길 87 (삼동),영업,가스누출자동차단장치,액법,37.4177267,127.2039105
g96e10e4b4edc,(주)스윅,울산광역시 울주군 온산읍 원산리 919-1,영업,압력용기 · 저장탱크,고법,35.4164183,129.3364074
gf23679228073,(주)승일,충청남도 천안시 서북구 직산읍 4산단1길 10,영업,납붙임 및 접합용기,고법,36.8609968,127.1143095
g04a7e5dc2886,(주)승진엔지니어링,전라남도 여수시 소라면 덕양로 251,영업,압력용기 · 저장탱크,고법,34.7802804,127.6329560
gc449c0334738,(주)시스피아기연,경기도 부천시 오정구 산업로 11 3층,영업,업무용대형연소기,액법,37.5290385,126.7794885
g113cd2f4a188,(주)신성금속,경기도 김포시 월곶면 군하로 230,영업,호스,액법,37.7141143,126.5573174
gca0752b4ae07,(주)신성엔지니어링,충청남도 아산시 탕정면 음봉로 850 (주)신성엔지니어링,영업,냉동기 · 냉동설비,고법 · 액법,36.8204791,127.0991803
g240ff14a9152,(주)신아금속플렉시블,경기도 화성시 봉담읍 덕우공단2길 48,영업,호스,액법,37.1559384,126.9174693
g9e0a911a670b,(주)신용산업,경기도 의왕시 오봉산단2로 21,영업,업무용대형연소기,액법,37.3295648,126.9560972
g605c2f1b6e98,(주)신우전자,경기도 화성시 장안면 3.1만세로281번길 144-6,영업,가스누출자동차단장치,액법,37.1041708,126.8256490
g7d24350cf753,(주)신일기업,전북특별자치도 김제시 용마로 10 (난봉동),영업,배관이음관,액법,35.7913747,126.9385151
g80188e72842b,(주)신조로스타,경기도 양주시 율정로199번길 96-28,영업,가스그릴 · 가스렌지 · 기타연소기,액법,37.8270321,127.1070493
g80a9e1aae2ff,(주)신진마스타,경기도 김포시 대곶면 산자뫼로 24,영업,업무용대형연소기,액법,37.6494969,126.5673416
g36e5b16412cb,(주)신화엠텍,울산광역시 울주군 청량읍 처용산업3길 45,영업,압력용기 · 저장탱크,고법,35.4743253,129.3333749
g823ca506836f,(주)신화정밀,충청남도 금산군 부리면 창평1길 27,영업,고압가스 · 이동식부탄연소기,액법,36.0958866,127.5316348
g62ec3b38c2e0,(주)썬터치,충청남도 금산군 복수면 용천로 867,영업,이동식부탄연소기,액법,36.1661703,127.4317121
g663a444457ee,(주)썬프리시즌,경상남도 김해시 대동면 대동산단6로 181,영업,안전밸브,고법,35.2734150,129.0005211
g8f76fa32a03e,(주)씨브이,경기도 화성시 동탄면 동탄산단7길 116,영업,압력용기 · 저장탱크,고법,37.1807562,127.0863973
g8a1496517141,(주)씨스코,경기도 안성시 미양면 개정산업단지1로 52,영업,강제혼합식가스버너,고법 · 액법,36.9593799,127.1994452
g216ace839415,(주)아라텍,경기도 양주시 은현면 용암로161번길 105 1층,영업,업무용대형연소기,액법,37.8666537,127.0398050
gba64ff4e7ecc,(주)아론,경기도 화성시 남양읍 현대기아로 466-32,영업,실린더캐비넷,고법,37.1909407,126.8490962
g7b69ee536fb0,(주)아리온테크,경기도 오산시 독산성로362번길 6-16,영업,실린더캐비넷,고법,37.1834395,127.0352957
gbe6a980fdcf4,(주)아산엔지니어링,경기도 안산시 단원구 정왕천동로 40 (주)아산엔지니어링,영업,안전밸브,고법,37.3171993,126.7273470
gc69e2da27554,(주)아시안룩스,경기도 김포시 대곶면 학의동로 43,영업,업무용대형연소기,액법,37.6571112,126.5570355
ga2d43a9dcad3,(주)아이티에스,충청남도 서산시 성연면 성연4로 101-56 2층,영업,압력용기 · 저장탱크,고법,36.8295830,126.4505440
g7fcb6dd655d1,(주)아이플랜트,울산광역시 울주군 청량면 처용산업3길 156,영업,압력용기,고법,35.4808687,129.3280507
g538e74024641,(주)아진이에스알,대구광역시 북구 검단로27길 61,영업,냉동기,고법,35.9126139,128.6174785
g700d1e2d2310,(주)아큐스,경기도 화성시 동탄면 동탄산단2길 46,영업,기화장치,고법,37.1623594,127.0891195
gcb36e3a997e0,(주)아텍,경기도 화성시 봉담읍 쇠틀길 30-1,영업,실린더캐비넷,고법,37.2000568,126.9735315
g580f633b7cb8,(주)아폴로,울산광역시 남구 처용로487번길 22,영업,긴급차단장치,고법,35.4811576,129.3499332
g765b516f4ad2,(주)알토엔대우,경기도 화성시 동탄산단9길 23-7,영업,가스보일러 · 가스온수기,액법,37.1760059,127.0896758
g27a5d69b4788,(주)앤써,부산광역시 강서구 가리새2로 7 (생곡동),영업,기화장치 · 압력용기,고법,35.1377969,128.8851070
g00d1323a39f8,(주)야성,대구광역시 동구 안심로65길 5,영업,호스,액법,35.8674645,128.7203786
g701a40cb8e9a,(주)억조조리기기,경기도 고양시 덕양구 통일로 1161-42,영업,업무용대형연소기,액법,37.7177321,126.8468595
g17953b46c13c,(주)에너텍,경기도 시흥시 공단2대로 31,영업,업무용대형연소기,액법,37.3368905,126.6996146
gc43e84eb17a3,(주)에스씨티,충청남도 서산시 대산읍 평신1로 493-40,영업,압력용기 · 저장탱크,고법,36.9845915,126.3717454
g6619f41bfd83,(주)에스씨티,충청북도 청주시 서원구 남이면 척산길 7-44,영업,압력용기 · 저장탱크,고법,36.5626860,127.4322262
gec90c50dc4fa,(주)에스에이치,"경상북도 성주군 월항면 유월공단길 58,60",영업,그밖의용기 · 소형탱크,고법,35.9543481,128.3401417
g9edca08b071c,(주)에스와이티컴퍼니,대구광역시 달서구 성서공단북로 231 (신당동),영업,압력용기,고법,35.8451087,128.4981283
g1e02833b75a7,(주)에스파이어텍,경기도 화성시 장안면 석포로 236-7,영업,업무용대형연소기,액법,37.1463079,126.8356366
g35e115bdeafc,(주)에쎈테크,전북특별자치도 군산시 자유무역2길 15 (오식도동),영업,배관용밸브 · 용기용밸브,고법 · 액법,35.9617257,126.5484233
gb9e500ce65cb,(주)에쓰브이씨(SVC),경기도 김포시 승가로58번길 57,영업,긴급차단장치 · 안전밸브,고법,37.6092226,126.7171275
g9edc3ab97d48,(주)에이원,경기도 안산시 단원구 정왕천동로 184 (성곡동),영업,압력용기 · 저장탱크,고법,37.3274322,126.7376702
g59d518f9e169,(주)에이치앤씨,충청남도 아산시 염치읍 서원길 238-22,영업,냉동설비,고법,36.8259693,126.9509631
g34ab5769d6d8,(주)에이치엔씨,충청남도 당진시 송악읍 부곡공단4길 53-28,영업,업무용대형연소기,액법,36.9634656,126.7750940
gcfd775a1015a,(주)에이치티씨,경기도 안산시 단원구 성곡로 208,영업,그밖의용기,고법,37.3253990,126.7636181
gb48b867c4e76,(주)에이티,전라남도 여수시 율촌면 율촌산단2로 203-86,영업,압력용기 · 저장탱크,고법,34.8881111,127.5991548
g7dada5f5dcf9,(주)에프씨피,대전광역시 유성구 국제과학10로 42 (둔곡동),영업,압력용기,고법,36.4645325,127.3640187
g9397c069f781,(주)에프에스가스에너지연구소,"경기도 안양시 만안구 전파로 53 (안양동, 태광산업별관A동2층)",영업,업무용대형연소기,액법,37.3914100,126.9383633
g7d5f53aaf536,(주)에프엔지,부산광역시 강서구 상덕로119번길 68-20,영업,기화장치,고법,35.1932456,128.9175771
g85b0025a4f71,(주)에프엠티,경기도 화성시 마도면 석교남길 37-4,영업,용기용밸브,고법,37.1938443,126.7723978
g1ad9392d53fe,(주)엑세쉬,충청남도 아산시 배방읍 수철리길 45,영업,업무용대형연소기,액법,36.7275381,127.0514099
ga9df2b48828e,(주)엑스필,경기도 김포시 대곶면 소래로 87-23,영업,압력용기,고법,37.6560923,126.5743077
g339f16c0eef4,(주)엔원테크,경기도 화성시 마도면 마도공단로6길 46-10,영업,압력용기 · 저장탱크,고법,37.1779594,126.7884802
g35d0cac0bb4d,(주)엔텍,충청북도 진천군 초평면 영신길 45,영업,기화장치 · 긴급차단장치 · 독성가스배관용밸브 · 로딩암 · 배관용밸브 · 안전밸브 · 압력조정기,고법 · 액법,36.8643897,127.5155771
g4fffce6bdce7,(주)엘에치이,경상남도 김해시 한림면 한림로515번길 203-42,영업,압력용기,고법,35.3227713,128.7854715
g4fd117aabe0c,(주)엘투케이알,경기도 부천시 산업로8번길 22-13,영업,이동식부탄연소기,액법,37.5271945,126.7792517
g0fdc4431a458,(주)엘피코,충청남도 당진시 합덕읍 남부로 1402,영업,압력용기 · 저장탱크,고법,36.8271579,126.7317541
g641644e12f62,(주)엠에스동남산업가스,경상남도 김해시 진례면 고모로364번길 74-22,영업,기화장치,고법,35.2559558,128.7781371
g2003da042390,(주)엠에스이엔지,부산광역시 사상구 학장로 165 (학장동),영업,그밖의가스용품 · 기화장치 · 긴급차단장치 · 독성가스배관용밸브 · 로딩암 · 배관용밸브 · 안전밸브 · 용기용밸브,고법 · 액법,35.1427019,128.9852410
g14a996ea20a6,(주)엠에프테크,경기도 안산시 단원구 해안로 315,영업,압력용기 · 저장탱크,고법,37.2975123,126.7913349
g9ee31278aed1,(주)엠티씨,경기도 이천시 단월로 110 (단월동),영업,이음매없는용기,고법,37.2281734,127.4502515
ga62b05601f14,(주)엠티씨(MTC),충청북도 음성군 감곡면 가곡로 478-59,영업,이음매없는용기,고법,37.1081879,127.6912333
g859f64ad4891,(주)영광이진공장,울산광역시 울주군 온산읍 산암로 448,영업,냉동기 · 압력용기 · 저장탱크,고법,35.4299764,129.3630054
g1decdc5ca9af,(주)영광처용공장,울산광역시 울주군 청량읍 처용산업5길 55,영업,압력용기 · 저장탱크,고법,35.4788579,129.3325893
gfc1185f65dd4,(주)오닉스텍,충청북도 괴산군 소수면 길선2길 58 공장,영업,냉동설비 · 응축기,고법,36.8634530,127.7317994
gca4d031d5af3,(주)오메가통상,경기도 부천시 원미구 평천로817번길 31,영업,업무용대형연소기,액법,37.5163840,126.7815639
g735051bd92a3,(주)오성주방설비,경기도 남양주시 진접읍 금강로 1803,영업,업무용대형연소기,액법,37.7474951,127.2050531
g44380753eede,(주)오일금속,경기도 화성시 봉담읍 수영로82번길 58-10,영업,그밖의용기 · 용기용밸브 · 이음매없는용기,고법,37.2407701,126.9528944
g4916f34d6581,(주)올멧,경기도 안산시 단원구 번영로44번길 11 시화공단 4바308호,영업,압력용기,고법,37.3143835,126.7333881
g8cf6c0789522,(주)와이에스피이,부산광역시 강서구 녹산산업중로 286 (송정동),영업,압력용기,고법,35.0929467,128.8508549
g771c1baae74c,(주)와이엔브이,부산광역시 강서구 화전산단6로66번길 19 (화전동),영업,안전밸브,고법,35.1031930,128.8852629
gefa6e8ed17f2,(주)용호기계기술,전라남도 여수시 여수산단로 736,영업,압력용기 · 저장탱크,고법,34.8395459,127.6954464
g27c8361c3bd8,(주)우리이엠아이,경기도 화성시 우정읍 기아자동차로299번길 51-28,영업,압력용기,고법,37.0572835,126.7730384
ge343a5331d70,(주)우리플랜트,전라남도 여수시 상암로 272 (호명동),영업,압력용기 · 저장탱크,고법,34.7976034,127.7164892
g82936cc1ec44,(주)우보엔지니어링,경기도 이천시 마장면 서이천로 271-49,영업,압력용기,고법,37.2572357,127.3859707
g8b5cadca96cc,(주)우성기업,충청남도 천안시 동남구 광덕면 광덕로 258-16,영업,업무용대형연소기,액법,36.6894377,127.1270238
g94decdcd154c,(주)울트라테크,대구광역시 달성군 논공읍 논공로117길 50,영업,배관용밸브,액법,35.7281493,128.4612274
gc5bae866188c,(주)울프 1공장,울산광역시 울주군 온산읍 처용산업로 129-19,영업,냉동설비 · 압력용기 · 저장탱크,고법,35.4712342,129.3327490
g2f960f99a81a,(주)원익홀딩스,경기도 평택시 진위면 마산12로 21,영업,실린더캐비넷,고법,37.0849310,127.1022283
gbaaa6ad09c22,(주)원일티엔아이,경기도 김포시 양촌읍 황금1로 150,영업,강제혼합식가스버너 · 압력용기,고법 · 액법,37.6194785,126.6166493
g186e173ee022,(주)월드에너지,경상북도 문경시 가은읍 가은공단길 97,영업,압력용기,고법,36.6393831,128.0762974
ga202e39affa2,(주)위림,울산광역시 남구 처용로 603,영업,압력용기 · 저장탱크,고법,35.4711870,129.3491892
g687c247dd6de,(주)윈테크,울산광역시 울주군 언양읍 반천산업로 135-17,영업,압력용기,고법,35.5648987,129.1426894
gd79e40396d36,(주)유니락,경기도 안산시 단원구 시화호수로 937,영업,독성가스배관용밸브 · 용기용밸브,고법,37.2940658,126.7702166
geb9f04944f08,(주)유니웰,울산광역시 울주군 삼동면 암리3길 26-8,영업,압력용기 · 저장탱크,고법,35.5053521,129.0990671
g5e87ba904279,(주)유니콘 시스템,경기도 안산시 단원구 강촌로139번길 72 A동,영업,배관용밸브,고법 · 액법,37.3213211,126.7689591
g31a79263d079,(주)유니콘시스템,경기도 안산시 단원구 강촌로139번길 72,영업,긴급차단장치 · 독성가스배관용밸브,고법,37.3213211,126.7689591
g3ffb933dd8c0,(주)유니플로,경기도 안산시 단원구 번영로82번길 21 시화공단4마319,영업,긴급차단장치 · 독성가스배관용밸브,고법,37.3166592,126.7368524
g9f1e350cc9b5,(주)유벡,울산광역시 남구 용연로 106,영업,압력용기 · 저장탱크 · 탱크로리,고법,35.4834230,129.3596887
g30b221e63958,(주)유원,경기도 오산시 가장산업동로 14-11,영업,실린더캐비넷,고법,37.1617383,127.0377237
g720d4cea8c89,(주)유원산업기술,전라남도 광양시 광양읍 율촌산단5로 150,영업,압력용기 · 저장탱크,고법,34.8987861,127.5991849
g97c66805be12,(주)유진기업,인천광역시 미추홀구 길파로 86,영업,업무용대형연소기,액법,37.4733306,126.6813248
gbf7131a50035,(주)유진이엔티,경기도 화성시 마도면 마도공단로5길 30,영업,냉동기 · 압력용기 · 응축기,고법,37.1805639,126.7893722
g8f9beaf87c29,(주)유진티엠씨,경상남도 함안군 대산면 대법로 572,영업,압력용기 · 저장탱크,고법,35.3451199,128.4130239
g2f41844ddcfc,(주)유한정공,서울특별시 성동구 성수이로18길 32-1,영업,업무용대형연소기,액법,37.5413897,127.0604590
g11c2727c1d52,(주)이에스에치,경기도 안산시 단원구 산단로67번길 29 신기금속공업사,영업,안전밸브,고법,37.3023842,126.7837540
g7e1ca1894833,(주)이연텍,울산광역시 울주군 청량읍 처용산업4길 14-16,영업,압력용기 · 저장탱크,고법,35.4745516,129.3287549
gfe82afde437c,(주)이우기기,경기도 군포시 흥안대로 15-31,영업,가스누출자동차단장치,액법,37.3673573,126.9472084
g8da1673c2bfe,(주)이지솔루션,경기도 평택시 청북읍 광승길 159-36,영업,실린더캐비넷,고법,37.0510362,126.9429558
ga5580ae782af,(주)이지씨엔이,대구광역시 달성군 구지면 달성2차로 220,영업,배관용밸브 · 콕크,액법,35.6396479,128.4305979
g6bccbc35837a,(주)인터텍,대전광역시 유성구 테크노1로 37-9,영업,업무용대형연소기,액법,36.4314221,127.3917686
g75c6ec89254b,(주)일광이앤티,광주광역시 광산구 하남산단10번로 115-22,영업,가스난방기 · 강제혼합식가스버너,액법,35.2163908,126.8099423
g9d56edc63836,(주)일성하이스코,울산광역시 울주군 온산읍 대정로 74,영업,압력용기 · 저장탱크,고법,35.4216215,129.3352367
g502517f8fd12,(주)일신밸브,경기도 시흥시 옥구천서로237번길 35,영업,독성가스배관용밸브 · 배관용밸브,고법 · 액법,37.3469894,126.7138128
g77940526a164,(주)일신오토클레이브,대전광역시 유성구 테크노2로 255,영업,안전밸브 · 압력용기,고법,36.4193701,127.4112248
g2cb0a135d3a8,(주)일진에너지,울산광역시 울주군 온산읍 산암로 42,영업,냉동설비 · 압력용기 · 저장탱크,고법,35.4377844,129.3363938
gfeecec6dcce5,(주)일진에너지,울산광역시 울주군 온산읍 화산로 137-6,영업,냉동설비 · 압력용기 · 저장탱크,고법,35.4235232,129.3278003
gca2e4310b94f,(주)일진텍(1공장),울산광역시 울주군 청량면 처용산업로 155,영업,압력용기 · 저장탱크,고법,35.4730741,129.3306426
g768a33f90429,(주)재이시스템,충청남도 천안시 서북구 직산읍 직산로 252-15,영업,압력용기,고법,36.8965776,127.1667108
g3967725e8463,(주)정상테크,대구광역시 달성군 하빈면 달구벌대로12길 215,영업,강제혼합식가스버너,액법,35.8639241,128.3975233
g7ced86814ea0,(주)제라,충청남도 금산군 부리면 창평1길 33,영업,이동식부탄연소기,액법,36.0951585,127.5327670
g309287654f2c,(주)제우스코리아,경기도 시흥시 매화산단로 61-11,영업,업무용대형연소기,액법,37.4111829,126.8221109
g4193c08a4d43,(주)제이씨에스컴퍼니,경기도 광주시 곤지암읍 가마을길 208,영업,업무용대형연소기,액법,37.3589457,127.3924458
g3475b20da64f,(주)제이에스엠티,울산광역시 울주군 온산읍 처용산업로 129-39,영업,냉동설비 · 압력용기 · 저장탱크,고법,35.4681630,129.3338536
g3fa6dd4d767b,(주)제이에프씨,경기도 여주시 점동면 장여로 1318-20,영업,압력용기,고법,37.2182959,127.6688749
g31efbd1344f7,(주)제이콘,울산광역시 울주군 청량면 처용산업로 243-39,영업,압력용기 · 응축기 · 저장탱크 · 증발기,고법,35.4798168,129.3231257
gda97d6038ef6,(주)제이푸드테크,대전광역시 대덕구 신탄진로744번길 11(신탄진동),영업,업무용대형연소기,액법,36.4439897,127.4300830
geb73d73f24a7,(주)제이피이노베이션,경기도 화성시 마도면 청원산단8길 138,영업,압력용기 · 저장탱크,고법,37.1701765,126.7621521
g0d75e1bd6097,(주)제일이엔지,경기도 화성시 팔탄면 온천로 326 (덕천리),영업,실린더캐비넷,고법,37.1476186,126.8729528
g3656172e5029,(주)중원,경기도 김포시 통진읍 하성로62번길 15,영업,호스,액법,37.6813954,126.6326167
g808175bb9843,(주)지경,울산광역시 울주군 웅촌면 웅촌로 557-44,영업,압력용기 · 저장탱크,고법,35.4786954,129.2172322
g6ca14dea5935,(주)지라프,경기도 김포시 통진읍 월하로 488,영업,가스그릴 · 이동식부탄연소기,액법,37.7104956,126.6099241
gf79fa783e00e,(주)지쓰리,경기도 화성시 봉담읍 흰돌산길 75,영업,실린더캐비넷,고법,37.1823051,126.9297417
g019b223fa288,(주)지앤지엠씨,경기도 오산시 경기대로658번길 27-24,영업,실린더캐비넷,고법,37.1823885,127.0548385
g97700cded50d,(주)지에스엔텍,울산광역시 남구 용잠로 353,영업,압력용기,고법,35.4970206,129.3702756
g77e312af267e,(주)지에스엠,경기도 김포시 양촌읍 황금1로 172,영업,압력용기,고법,37.6217124,126.6147507
g298270888243,"(주)지에스케이(GSK.Co.,Ltd)",경기도 부천시 옥산로214번길 24,영업,업무용대형연소기,액법,37.5124717,126.7817481
g4ab74e92f9e2,(주)지에스켐,충청북도 진천군 덕산읍 신척산단5로 89,영업,납붙임 및 접합용기,고법,36.9250923,127.4865328
g27f4ea782610,(주)지티씨,경상남도 함안군 산인면 신산로 56,영업,압력용기 · 저장탱크,고법,35.2690926,128.4719598
gb2125fd6bf89,(주)지티케이,경기도 김포시 대곶면 대곶북로68번길 54,영업,가스난방기 · 이동식부탄연소기,액법,37.6601359,126.5934423
g87be0ec6d615,(주)진검물산,경기도 김포시 통진읍 가현로 73-42,영업,이동식부탄연소기,액법,37.6707783,126.5814305
g2856a181168b,(주)진솔루션,경기도 화성시 동탄면 동탄산단7길 98-38,영업,실린더캐비넷,고법,37.1816978,127.0872990
g484ef6518425,(주)창성에이스산업 지제지점,"경기도 평택시 지제로 101 2층, 지층",영업,가스누출자동차단장치,액법,37.0214010,127.0608669
ga2e9bfcfda01,(주)청우지엔티,경기도 시흥시 엠티브이25로58번길 23,영업,강제혼합식가스버너,액법,37.3194564,126.7134564
gd8c9a2d4f394,(주)청정,"경기도 김포시 양촌읍 황금로128번길 35 가동,나동",영업,업무용대형연소기,액법,37.6194345,126.6176402
g1c9c70a599a7,(주)충우엔지니어링,경기도 안산시 단원구 번영로186번길 34,영업,강제혼합식가스버너,액법,37.3227432,126.7445344
g24b2f7caee17,(주)카본가람,대구광역시 달성군 논공읍 논공로 391,영업,압력용기,고법,35.7318634,128.4664639
g093a73612ad3,(주)캐로스컴퍼니,경기도 평택시 서탄면 내천길 122,영업,가스난방기 · 냉동기,고법 · 액법,37.1239269,127.0150957
gf7708499836d,(주)케이디엠텍,울산광역시 울주군 온산읍 화산2길 11,영업,기화장치 · 냉동설비 · 압력용기 · 저장탱크,고법,35.4249349,129.3309886
ga9041b004f93,(주)케이디텍,울산광역시 울주군 청량읍 처용산업3길 31,영업,냉동설비 · 압력용기 · 저장탱크,고법,35.4738006,129.3345696
ga902950269fb,(주)케이씨 2공장,경기도 안성시 미양면 제2공단3길 30 (계륵리 271),영업,실린더캐비넷,고법,36.9792309,127.2598551
gac8aa3125427,(주)케이엘테크,전북특별자치도 완주군 삼례읍 테크노밸리로 96-61,영업,기화장치 · 실린더캐비넷,고법,35.9383574,127.1196778
g1089edc40f63,(주)케이와이산업,경상남도 사천시 축동면 서삼로 1420,영업,그밖의용기,고법,35.0997420,128.0619780
gaa209191432e,(주)케이웰,인천광역시 서구 건지로97번길 33-25,영업,업무용대형연소기,액법,37.5040949,126.6509428
g52a238d3929f,(주)케이테크,충청남도 당진시 우강면 다량길 62,영업,압력용기 · 저장탱크,고법,36.8257897,126.7647381
g0445586d213f,(주)케이티앤이,경기도 화성시 마도면 송정로264번길 67,영업,업무용대형연소기,액법,37.2184528,126.7984108
g5317673573e2,(주)케이피씨,대구광역시 동구 안심로59길 8,영업,긴급차단장치 · 독성가스배관용밸브 · 배관용밸브,고법 · 액법,35.8669955,128.7188162
g083ec22470ae,(주)케이피씨 동호동공장,대구광역시 동구 안심로59길 13,영업,배관용밸브,액법,35.8673960,128.7179117
gbcdbe4fe99a2,(주)케일럼,부산광역시 강서구 범방2로 6 (범방동),영업,압력용기,고법,35.1433988,128.8761146
g0faba4075901,(주)케일럼울산공장,울산광역시 울주군 온산읍 우봉강양로 35,영업,압력용기 · 저장탱크,고법,35.4048182,129.3514311
g3167a9e4dca5,(주)코밸,부산광역시 사하구 다산로 92 (다대동),영업,배관용밸브 · 안전밸브,고법 · 액법,35.0610709,128.9589167
g3f69cd93e9e7,(주)코베아,"경기도 부천시 송내대로 388, 부천테크노파크 202동 401호",영업,이동식부탄연소기,액법,37.5168589,126.7622786
gfb63bb25e84f,(주)코베아,인천광역시 계양구 서운산단로1길 87 본관동,영업,가스난방기 · 이동식부탄연소기,액법,37.5374419,126.7551481
g1b94b5775d49,(주)코뿔소,인천광역시 서구 보듬로 23(오류동),영업,호스,액법,37.5873795,126.6035748
gf392504689c9,(주)코스티모,인천광역시 부평구 부평북로 244,영업,업무용대형연소기,액법,37.5217933,126.7203992
g3217ef3fd00f,(주)코푸렉스,인천광역시 미추홀구 염전로128번길 23,영업,콕크 · 호스,액법,37.4785832,126.6566057
g0dd154cf4675,(주)키마루,경기도 양주시 백석읍 중앙로 353-169,영업,업무용대형연소기,액법,37.8005509,126.9733769
g9c4b7d74804b,(주)키친메이트,경기도 광주시 초월읍 두월길 29,영업,업무용대형연소기,액법,37.4032497,127.3118082
g1aa938d39e0b,(주)태랑,전북특별자치도 군산시 옥구읍 광월안길 19 상평농공단지內,영업,압력용기 · 저장탱크,고법,35.9297082,126.7126573
gf59135c17376,(주)태림인더스트리,부산광역시 강서구 화전산단2로 107,영업,압력용기,고법,35.1042477,128.8834389
gcbc385fc0a0f,(주)태양,충청남도 천안시 서북구 업성1길 27,영업,납붙임 및 접합용기,고법 · 도법,36.8559646,127.1256376
g90eb6d733a75,(주)태양테크,인천광역시 남동구 남동대로 222(71B-18L),영업,배관용밸브 · 콕크,액법,37.4042442,126.6985514
ga6ae3eefa0a7,(주)태정금속,충청남도 천안시 서북구 직산읍 마정1길 38 태정금속,영업,업무용대형연소기,액법,36.8629115,127.1014237
g0379e18fed9e,(주)태진중공업,경상남도 창원시 진해구 죽곡로 146,영업,기화장치 · 압력용기 · 저장탱크 · 탱크로리,고법,35.1118779,128.7259497
gb194a73aa57f,(주)태현이엔지,부산광역시 사하구 감천항로 221-9 (구평동,영업,기화장치,고법,35.0742062,128.9911452
gec4bcd345a69,(주)태화인더스트리,부산광역시 강서구 녹산산단231로 20 (송정동),영업,냉동기 · 응축기 · 증발기,고법,35.0905917,128.8429298
g742bd426df36,(주)태화인더스트리부산지점(2공장),부산광역시 강서구 녹산산단261로40번길 22 (송정동),영업,냉동기 · 압력용기 · 응축기 · 저장탱크 · 증발기,고법,35.0924156,128.8484896
gfb2075603d94,(주)태환자동화산업,경기도 부천시 오정구 석천로 397 부천테크노파크쌍용3차303동비103호,영업,업무용대형연소기,액법,37.5229346,126.7654290
g3d6d6aff3a4f,(주)테라텍,경기도 안성시 대덕면 모산로 401-9,영업,실린더캐비넷,고법,37.0530882,127.2378440
g67ef45f34aac,(주)테크니컬코리아,경기도 화성시 비봉면 현대기아로 771-9 1동,영업,냉동기 · 응축기 · 증발기,고법,37.2160615,126.8566558
g549ced487674,(주)템코,부산광역시 강서구 미음산단3로 135 (미음동),영업,기화장치 · 긴급차단장치,고법,35.1559235,128.8579529
gb615b29cfd80,(주)트레이딩포스트 가스버너사업부,"경기도 포천시 가산면 마정로 287, 가동,나동",영업,이동식부탄연소기,액법,37.8181933,127.1816687
g86dc35b47d48,(주)트릴리엄플로우코리아,경기도 안산시 단원구 범지기로 151,영업,긴급차단장치 · 독성가스배관용밸브,고법,37.3077860,126.7927069
g1de5e2a5e964,(주)티앤비테크놀로지,경기도 화성시 봉담읍 최루백로 214-35,영업,업무용대형연소기,액법,37.2043612,126.9598740
g7181cdf1c6c6,(주)티에라,경기도 동두천시 강변로850번길 27 (동두천동),영업,이동식부탄연소기,액법,37.9400695,127.0548135
gac848f967ba9,(주)티엠이씨,울산광역시 울주군 청량면 처용산업5길 69,영업,기화장치 · 냉동설비 · 압력용기 · 저장탱크,고법,35.4795067,129.3331151
g51028e0feb3a,(주)티엠이씨(서생공장),울산광역시 울주군 서생면 에너지산업6로 50,영업,냉동설비 · 압력용기 · 저장탱크,고법,35.3590042,129.3206369
gc747e18140db,(주)티이씨,울산광역시 울주군 청량면 처용산업로 147,영업,냉동설비 · 압력용기 · 저장탱크,고법,35.4729838,129.3309026
g1ece16a27755,(주)파라텍,"충청남도 서산시 수석산업로 51 1층, 주1동",영업,가스누출자동차단장치,액법,36.7786012,126.5043913
gad0a3d6848ea,(주)파세코,경기도 안산시 단원구 원시로 248,영업,가스난방기 · 그밖의가스용품 · 업무용대형연소기,액법,37.3181055,126.7847765
g99f0a1734cdc,(주)파카하니핀커넥터,경상남도 양산시 유산공단4길 77,영업,호스,고법 · 액법,35.3584622,129.0275032
gb86de12e4017,(주)패스코,부산광역시 강서구 녹산산업중로 401 (송정동),영업,압력용기 · 저장탱크,고법,35.0939093,128.8638283
gf4b97cb53cdd,(주)퍼스컴프,경기도 화성시 향남읍 발안공단로 14,영업,압력용기,고법,37.0894099,126.9138187
g2ac8c7e6f119,(주)포스엔텍,대전광역시 유성구 테크노8로 70-1,영업,압력용기,고법,36.4210861,127.4047468
gb5c12cf4c0f4,(주)포스코이앤씨,경상북도 포항시 남구 대송로 180,영업,저장탱크,고법,35.9950495,129.3737622
g8aac08011689,(주)포트텍,경기도 안성시 양성면 한내로 365-51,영업,그밖의용기 · 용기용밸브,고법,37.0630090,127.2302403
g3abdaf91a798,(주)폴리텍,세종특별자치시 연기면 공단로 130,영업,배관용밸브 · 배관이음관,액법,36.5507377,127.2700152
g560e86eed642,(주)풍산 안강사업장,경상북도 경주시 안강읍 호국로 2606-10,영업,이음매없는용기,고법,35.9814335,129.1835192
g5a29597b56c0,(주)풍산산업기기,대구광역시 북구 검단공단로21길 50-17,영업,정압기용필터,액법,35.9115637,128.6082762
gad4ceabc46fe,(주)프라임,인천광역시 남동구 앵고개로 627 (고잔동),영업,업무용대형연소기,액법,37.3906324,126.7076131
g97909bc875da,(주)플랜텍,경상북도 포항시 북구 흥해읍 해안로 1133,영업,저장탱크,고법 · 수소법,36.1149249,129.4109022
gacc80c897761,(주)플로우마스터,전북특별자치도 군산시 자유무역1길 27 (오식도동),영업,압력용기,고법,35.9599196,126.5440903
g46fd86ddedbf,(주)플로원,부산광역시 강서구 화전산단6로 110 (화전동),영업,독성가스배관용밸브,고법 · 액법,35.1070267,128.8832781
g06a095a0a8fe,(주)플로원,전북특별자치도 군산시 산단동서로 282 (오식도동),영업,압력용기 · 저장탱크,고법,35.9504540,126.5515070
gab472d0c4567,(주)플루엔,경상남도 김해시 진영읍 서부로378번길 41,영업,압력용기 · 저장탱크,고법,35.2714575,128.7525813
ge2310a031bf5,(주)피에스디이,경기도 화성시 향남읍 만년로151번길 107 108,영업,실린더캐비넷,고법,37.1320851,126.9747786
gccf2fa88dcf7,(주)피케이이앤씨,대전광역시 유성구 테크노2로 186-10,영업,압력용기,고법,36.4232143,127.4039135
g4fd4860cc2d8,(주)하나파워시스템서비스,경상남도 창원시 성산구 공단로 322(웅남동),영업,압력용기 · 저장탱크,고법,35.2100445,128.6569778
ga196b0409b2a,(주)하나플랜트,경기도 화성시 양감면 서해로 113-15,영업,압력용기,고법,37.0758651,126.9113669
gd03e3f7e94b7,(주)하이옥스,전라남도 나주시 동수농공단지길 123 (주)하이옥스,영업,증발기,고법,34.9857632,126.6799533
g702c91ab4391,(주)하이텍,전라남도 나주시 남평읍 평산앞들길 20,영업,가스누출자동차단장치,액법,35.0515466,126.8339919
gaa39e74f1889,(주)하츠,경기도 평택시 진위면 동부대로 202,영업,가스렌지,고법 · 액법,37.1208297,127.0808256
gda5886620da4,(주)하크,경기도 광주시 곤지암읍 독고개길 70,영업,강제혼합식가스버너,액법,37.3545763,127.3139987
gfffd350af5e3,(주)한강엔지니어링,경기도 화성시 마도면 마도공단로5길 46-14,영업,압력용기,고법,37.1791746,126.7896736
g1eae8273ca78,(주)한국S.V,부산광역시 사상구 학장로169번길 92 (주)한국S.V,영업,용기용밸브 · 자동차용가스주입기,고법,35.1466972,128.9867350
gf4781a0d518f,(주)한국마이콤 창원지점,경상남도 창원시 의창구 반계로 19 (팔용동),영업,냉동기 · 냉동설비 · 압력용기 · 압축기 · 응축기 · 증발기,고법 · 액법,35.2490780,128.6114794
g5d8896dd42f7,(주)한국소방기구제작소,대구광역시 서구 평리로29길 33 한국소방기구,영업,가스누출자동차단장치,고법 · 액법,35.8613202,128.5395386
gc92b63701b27,(주)한국지이,경기도 안양시 만안구 삼막로24번길 76,영업,가스그릴 · 가스렌지 · 고압가스 · 업무용대형연소기,액법,37.4238121,126.9137017
g6e5e11134ed5,(주)한백금속산업,경기도 시흥시 군자천로237번길 13,영업,업무용대형연소기,액법,37.3400331,126.7266133
g851aecb58614,(주)한비,울산광역시 울주군 웅촌면 고연로 183-42,영업,초저온용기,고법,35.4419719,129.1772798
g805dd5f5a0ba,(주)한비크라이오,충청북도 옥천군 옥천읍 옥천농공길 53-27,영업,초저온용기,고법,36.3065829,127.5822422
g357abde7cc4d,(주)한성기공,경기도 안산시 상록구 도금단지1길 22,영업,압력용기 · 저장탱크,고법,37.2874038,126.8848888
g69769830cf02,(주)한신기업,경기도 김포시 하성면 월하로860번길 96,영업,업무용대형연소기,액법,37.7029004,126.6465766
g106a9f44cddd,(주)한울,경기도 화성시 향남읍 발안공단로 51,영업,압력용기 · 저장탱크,고법,37.0865894,126.9139833
g50bccde12161,(주)한울엔지니어링,충청남도 아산시 음봉면 산동로 293-3,영업,압력용기,고법,36.8526987,127.1034710
g0b99aed71bf5,(주)한일오닉스,인천광역시 계양구 서운산단로2길 72,영업,업무용대형연소기,액법,37.5374269,126.7583659
gac60cab85520,(주)한컴라이프케어,경기도 용인시 처인구 양지면 중부대로1960번길 53,영업,용기용밸브,고법,37.2212725,127.2649565
g7a2f3be912d0,(주)한텍,울산광역시 울주군 온산읍 연자로 51,영업,기화장치 · 냉동설비 · 압력용기 · 저장탱크 · 탱크로리,고법,35.4188810,129.3579263
g2c3fb69c6e54,(주)해성이엔티,부산광역시 강서구 미음산단1로15번길 39 (구랑동),영업,독성가스배관용밸브 · 안전밸브,고법,35.1283239,128.8602316
g1fe30445f2d5,(주)현대이엔지,서울특별시 금천구 디지털로9길 56 코오롱테크노밸리 B104-106,영업,냉동기 · 응축기 · 증발기,고법,37.4804026,126.8868723
g6caeec01e084,(주)현우,경상남도 함안군 칠원면 용정1길 68,영업,압력용기 · 저장탱크,고법,35.2985633,128.5069210
gd9d9b13ca7ab,(주)현진티엔아이,"충청북도 영동군 용산면 법화공단길 22 ,26",영업,소형탱크 · 압력용기 · 저장탱크 · 탱크로리,고법,36.2973507,127.8187104
geaa072f0a750,(주)화산,경상북도 경산시 진량읍 일연로115길 18,영업,납붙임 및 접합용기,고법,35.8592827,128.8036677
gf65366ed8e0e,(주)화성인더스트리,인천광역시 남동구 남동대로36번길 46 화성인더스트리,영업,강제혼합식가스버너 · 압력용기 · 정압기용필터,고법 · 액법,37.3888245,126.6892311
gdb11dfd176c4,(주)화신테크이엔지,경기도 광주시 광남안로 108 (목동),영업,업무용대형연소기,액법,37.3868515,127.2148038
g7ce2ddef706c,(주)화영,부산광역시 강서구 과학산단1로60번길 12 (지사동),영업,호스,액법,35.1451907,128.8274406
gb325e7f7404d,(주)휴브텍,경기도 남양주시 진건읍 독정로273번길 45,영업,이동식부탄연소기,액법,37.6774370,127.1971978
g9f90cb43f2c9,(주)휴엔텍,전라남도 여수시 여수산단로 274-17,영업,압력용기 · 저장탱크,고법,34.8058783,127.6695156
gbaf01d8b187e,G&K,경기도 시흥시 봉우순환로113번길 9-9 (정왕동),영업,업무용대형연소기,액법,37.3572281,126.7506410
g5fc71e6b7e61,가스웨이텍(주),경기도 부천시 정주로 53 604호,영업,기화장치,고법,37.5091868,126.7763745
g005801001048,가스텍코리아(주),서울특별시 강서구 양천로47나길 18 이에프지(EFG),영업,업무용대형연소기,액법,37.5714461,126.8387164
g02f00ba4dab9,가원종합주방,전북특별자치도 전주시 덕진구 신복로 68-3 (팔복동1가),영업,업무용대형연소기,액법,35.8570773,127.1074980
gcdb90b652eb8,강림중공업(주),경상남도 창원시 성산구 연덕로 76,영업,압력용기 · 저장탱크,고법,35.2096194,128.6612185
g2a0052f51171,거송로스타MFG,인천광역시 미추홀구 길파로 86,영업,가스그릴 · 가스렌지 · 고압가스 · 기타연소기 · 업무용대형연소기,액법,37.4733306,126.6813248
gd198912c8bbf,건주테크(주),경상남도 김해시 진례면 테크노밸리로 181,영업,압력용기 · 저장탱크,고법,35.2793129,128.7731407
g05583acc686e,건호이엔씨 주식회사,전라남도 여수시 소라면 마산로 148-70,영업,압력용기 · 저장탱크,고법,34.7811251,127.6048224
g6c373da8d6ed,경동산업(주),경기도 파주시 광탄면 혜음로601번길 51 (주)경동산업,영업,냉동기 · 응축기 · 증발기,고법,37.7423703,126.8709842
g77ef0972ca3c,경동종합주방,경상남도 사천시 축동면 수자원길 21,영업,업무용대형연소기,액법,35.0968523,128.1009687
g6e3dba5a10f4,경인냉열,경기도 파주시 파주읍 정문로588번길 104,영업,냉동기 · 냉동설비,고법,37.8103348,126.8244138
g9420ed2419a1,경일주방(주),경기도 시흥시 새우개4길 4,영업,업무용대형연소기,액법,37.4029708,126.7737698
g15182c468810,고려FM,인천광역시 계양구 서운산단로8길 15,영업,업무용대형연소기,액법,37.5359805,126.7578317
g3df91e4c2abf,고려엠지(주),충청남도 천안시 서북구 성환읍 율금1길 261-8,영업,냉동기 · 냉동설비 · 압력용기,고법,36.9046454,127.1083511
gbdb0100f382f,공신산업,인천광역시 서구 백범로910번길 27,영업,가스그릴 · 가스렌지 · 기타연소기 · 업무용대형연소기,액법,37.4893308,126.6577643
ga57b354fb4df,공신테크(주),경기도 김포시 양촌읍 대포산단로 47,영업,압력용기,고법,37.6120531,126.6275546
gac9730c772fe,광신기계공업(주),경상남도 함안군 칠원읍 오곡로 124,영업,압력용기 · 압축기 · 응축기 · 증발기,고법 · 액법,35.2782469,128.5179305
g164671435afe,광신기계공업(주)3공장,경상남도 함안군 칠원면 용정1길 37,영업,압력용기,고법,35.2998256,128.5067544
g014f0ed207ac,국제냉동(주),대전광역시 대덕구 산업단지로87번길 101,영업,냉동기 · 냉동설비,고법,36.4301767,127.4071704
gd97716fd9382,국제주방,서울특별시 구로구 신도림로15길 35,영업,업무용대형연소기,액법,37.5104161,126.8812550
ge4a4e021c58e,굿플렉스,인천광역시 남동구 고잔로 83 2층,영업,호스,액법,37.3893993,126.7170434
g1be7cfcb515f,그린쿡&로스타,인천광역시 서구 백범로934번길 15 대덕테크노타운408호,영업,업무용대형연소기,액법,37.4896546,126.6547530
g26eb3757cd20,글로벌세이프벨루(주),충청북도 충주시 봉계4길 15,영업,콕크,액법,36.9773664,127.9161935
g3adf602d02be,금성지티씨(주),울산광역시 울주군 언양읍 반천산업로 203,영업,압력용기 · 저장탱크,고법,35.5651976,129.1517412
g66d421dc5589,금성화학기계공업(주),울산광역시 울주군 고연리 고연공단4길 32,영업,기화장치 · 냉동설비 · 소형탱크 · 압력용기 · 저장탱크 · 탱크로리,고법,35.4412723,129.1783429
g001d3bc3cc9f,금정산업,대구광역시 북구 유통단지로3길 36,영업,업무용대형연소기 · 주물연소기 · 콕크,액법,35.9073903,128.6036679
gb3a2ed292aa7,금화산업,경기도 안산시 단원구 별망로159번길 42,영업,압력용기,고법,37.3158151,126.7462219
g484b238b955e,남성정밀(주),경상남도 김해시 상동면 상동로 460,영업,배관용밸브,액법,35.3049632,128.9212787
g7e5fee44c96c,남해화학(주),전라남도 여수시 여수산단로 1384,영업,압력용기 · 저장탱크,고법 · 액법,34.8485508,127.7480903
ge9f019335590,네로컴퍼니,경기도 남양주시 진접읍 장현로147번길 21,영업,업무용대형연소기,액법,37.7230944,127.1854036
ge20b6c883279,뉴텍에너지,경기도 남양주시 진접읍 부마로 207,영업,업무용대형연소기,액법,37.7609380,127.1920449
gd70598072407,니마테코,충청북도 충주시 주덕읍 충청대로 2236-1,영업,업무용대형연소기,액법,36.9609934,127.7700258
g57b2c1709c54,니키소씨이앤드아이지코리아주식회사,부산광역시 강서구 녹산산업중로 83 (송정동),영업,압력용기,고법,35.0962949,128.8306051
gf935755b56b7,다온테크,경기도 화성시 봉담읍 골말2길 9-8,영업,업무용대형연소기,액법,37.1652400,126.9298304
g7de028f7d216,대경산업,충청남도 공주시 계룡면 영규대사로 777,영업,배관이음관,액법,36.3862308,127.1438191
ga6e737aa0304,대경이앤씨(주),울산광역시 남구 용잠로40번길 30,영업,냉동설비 · 압력용기 · 저장탱크,고법,35.4996669,129.3408113
g8cd474e17e36,대경종합주방,강원특별자치도 횡성군 우천면 수남로266번길 32,영업,업무용대형연소기,액법,37.4564765,128.0580502
g538af6cd95ef,대광토탈키친,경기도 양주시 화합로 1829-12,영업,업무용대형연소기,액법,37.8385609,127.1084779
gd56b39bdc2ce,대길주방설비,경기도 남양주시 진접읍 진벌로 81,영업,업무용대형연소기,액법,37.7444662,127.2147589
g968841ba3227,대동엔텍(주),부산광역시 강서구 녹산산단77로22번길 37 (송정동),영업,압력용기 · 저장탱크,고법,35.0925295,128.8326693
g0b6a0f37bd90,대동철공소,부산광역시 영도구 남항서로104번길 2 (남항동2가),영업,독성가스배관용밸브 · 안전밸브,고법 · 액법,35.0895214,129.0366954
g7e21959fc8f7,대림로얄이엔피(주),경상북도 칠곡군 왜관읍 공단로1길 152,영업,가스보일러,고법 · 액법,35.9732900,128.4263676
gf667d4ff10ca,대상중공업(주),전라남도 영암군 삼호읍 나불로 235,영업,압력용기,고법,34.7625174,126.4361503
g6dc3078294a3,대성계전(주),경상북도 문경시 호계면 태봉1길 5,영업,가스누출자동차단장치,액법,36.6479109,128.1497539
gcb34d27d7730,대성산업(주)캔사업소,경기도 포천시 영중면 호국로 2583-1,영업,납붙임 및 접합용기 · 이동식부탄연소기용용접용기,고법,37.9742870,127.2477279
g30ac1c19bbd3,대성쎌틱에너시스(주),충청북도 음성군 삼성면 상곡로 55-72,영업,가스보일러 · 가스온수기,고법 · 액법,37.0037422,127.4526126
g07bd9fed5e72,대성하이원(주),경기도 화성시 팔탄면 버들로1318번길 12-11,영업,가스난방기,액법,37.1261639,126.8510253
gd8f69959a640,대승주방,경기도 남양주시 의안로260번길 44 (평내동),영업,업무용대형연소기,액법,37.6494182,127.2478840
gc81e3ae1e1b4,대신기공(주),전라남도 여수시 여수산단로 735,영업,압력용기 · 저장탱크,고법,34.8398258,127.6944368
ga78d49686fc5,대신기공(주),충청남도 서산시 대산읍 평신1로 595-45,영업,압력용기 · 저장탱크,고법,36.9842845,126.3613579
g3b730cc3ea88,대아이앤씨(주),전라남도 여수시 여수산단1로 310-13,영업,압력용기 · 저장탱크,고법,34.8312400,127.6458068
g979f70fb9443,대양에프엔지,경기도 화성시 정남면 문학로68번길 26-12,영업,가스누출자동차단장치,액법,37.1503707,126.9678252
g1c750a567ec4,대영산업,대구광역시 동구 안심로55길 21,영업,업무용대형연소기,액법,35.8680981,128.7157173
gec6fec97eb02,대영이엔지,대구광역시 동구 안심로55길 21,영업,주물연소기,액법,35.8680981,128.7157173
g297c22154b9c,대우사,전북특별자치도 익산시 목천로2길 95 (인화동2가),영업,업무용대형연소기,액법,35.9261163,126.9531173
geb5f5c9ee469,대원전기,경기도 부천시 소사구 송내동 387-13,영업,가스그릴 · 업무용대형연소기,액법,37.4835983,126.7663991
gc45eb728854e,대한공조(주),경기도 오산시 독산성로 342,영업,냉동설비,고법,37.1832573,127.0340343
gd64083e6d4b9,대한산업,대구광역시 북구 오봉로21길 14,영업,업무용대형연소기,액법,35.8966195,128.5771275
g43904199ce1b,대한엔지니어링,경기도 부천시 오정구 석천로442번길 19 1층,영업,기화장치,고법,37.5265525,126.7706773
gf89587c7afef,대현로스타,"인천광역시 서구 가석로 30 421호, 422호",영업,가스그릴 · 고압가스 · 업무용대형연소기,액법,37.4873610,126.6758780
gd444abff1921,대흥주물,광주광역시 광산구 하남산단4번로 156 (장덕동),영업,주물연소기,액법,35.1923487,126.8079301
g657cdb9f0e1d,대흥테크(주),인천광역시 남동구 남동대로410번길 23,영업,용기용밸브,고법,37.4188157,126.7098257
g4d205f08e0bb,덕산금속(주),경기도 김포시 월곶면 대곶로484번길 43-16,영업,용기용밸브,고법 · 액법,37.6845026,126.5570118
gcb912a77c645,덕산에테르씨티 주식회사,부산광역시 강서구 녹산산단17로 113 (송정동),영업,압력용기 · 용기용밸브 · 이음매없는용기,고법,35.1020988,128.8309491
gf028625b0507,덕휘주방,경기도 남양주시 의안로260번길 46-60,영업,업무용대형연소기,액법,37.6480434,127.2480720
g453a3b1149bf,동광금속,"서울특별시 성동구 성수이로18길 45 (성수동2가, 1층)",영업,업무용대형연소기,액법,37.5414703,127.0622406
ge42cd2f5351c,동방,대전광역시 동구 이사로 119,영업,업무용대형연소기,액법,36.2857613,127.4469783
g1e1f1ff0c064,동산기업,경기도 포천시 군내면 연정말길 87,영업,이동식부탄연소기,액법,37.8539828,127.2005320
gfe2160b8eaff,동성세이프,경기도 남양주시 진접읍 금강로1521번길 66,영업,그밖의가스용품 · 이동식부탄연소기,액법,37.7309726,127.1882338
g007dc2500ba7,동신금속,경기도 부천시 원미구 도당동 21-3,영업,가스그릴 · 가스렌지 · 기타연소기 · 업무용대형연소기,액법,37.5169271,126.7833127
ga0192a8ef64d,동아공업사,부산광역시 사상구 낙동대로 865 (감전동),영업,업무용대형연소기 · 주물연소기,액법,35.1377162,128.9702235
g35a009b92698,동아금속주름관(주),경기도 용인시 처인구 백암면 죽양대로 956-10,영업,호스,액법,37.1519263,127.3877927
gd52363f608fe,동우공업(주),경기도 김포시 양촌읍 삼도로 272,영업,가스난방기 · 강제혼합식가스버너,액법,37.6146215,126.6005110
g6ac992c8bbfc,동우테크,경기도 이천시 신둔면 이장로311번길 359,영업,업무용대형연소기,액법,37.2894641,127.3757834
g6c5c94f77e4e,동은밸브(주),부산광역시 강서구 과학산단로369번길 9(지사동),영업,독성가스배관용밸브,고법 · 액법,35.1481766,128.8290787
g260ff4ab97b8,동일산업(주),울산광역시 남구 산안로 114,영업,압력용기 · 저장탱크,고법,35.5191023,129.3553932
g92c3a173e160,동해기계(주),경상남도 함안군 법수면 법수로 358-46,영업,압력용기 · 저장탱크,고법,35.3092011,128.3618639
gdc55cacfab49,동화윈(주),경기도 양주시 광적면 광적로 289-12,영업,냉동기 · 수액기 · 압축기 · 응축기 · 증발기,고법,37.8392661,126.9668787
g4176653a0f0a,두산에너빌리티(주),경상남도 창원시 성산구 두산볼보로 22,영업,압력용기 · 저장탱크,고법,35.1753916,128.6014748
gb6332f053496,두성기업,경기도 부천시 오정구 석천로442번길 80,영업,업무용대형연소기,액법,37.5283118,126.7729586
gf5f923b57975,두원중공업(주),경상남도 사천시 축동면 구해창길 20-7 두원중공업,영업,압축기 · 응축기,고법,35.0871557,128.0541854
g4934d3825d6f,드림로스터,경기도 양주시 고덕로139번길 136-2 (덕계동) 1층,영업,업무용대형연소기,고법,37.8125198,127.0601417
gb219f8db6eac,디아이밸브(주),경기도 김포시 양촌읍 황금로292번길 29,영업,배관용밸브,액법,37.6139933,126.6010801
g7abfe0242edd,디아이시스템(주)1공장,경상남도 김해시 한림면 김해대로 1458-26,영업,응축기 · 증발기,고법,35.2757026,128.8310111
g9b706d53d13d,디앨(주),경기도 화성시 서신면 제부로722번길 36,영업,소형탱크 · 압력용기 · 탱크로리,고법 · 액법,37.1697924,126.6937309
g0ff839ae736e,디에스베이어레프코리아(주),경기도 화성시 우정읍 기아자동차로 403,영업,냉동기 · 응축기 · 증발기,고법,37.0578804,126.7804841
g81a7bccf9822,디에이치피이엔지(주),경상남도 김해시 한림면 김해대로1022번길 105,영업,압력용기,고법,35.2858726,128.7992437
gdc503bbac301,디엘이앤씨(주),서울특별시 종로구 통일로 134 (평동) 36 대림빌딩,영업,액화천연가스저장탱크,고법 · 액법,37.5667350,126.9663572
g50e9d51decc6,디케이락(주),경상남도 김해시 주촌면 골든루트로129번길 7,영업,독성가스배관용밸브 · 안전밸브 · 용기용밸브,고법 · 액법,35.2164055,128.8272837
g77c3664ba739,디케이락(주),"경상남도 김해시 주촌면 골든루트로129번길 7, F-4",영업,배관용밸브 · 안전밸브,액법,35.2164055,128.8272837
g33a55745a534,디케이엠이 주식회사 울산2공장,울산광역시 울주군 온산읍 대정로 52,영업,압력용기 · 저장탱크,고법,35.4226564,129.3340729
g260069cf609b,디케이엠이(주),울산광역시 남구 처용로 260-37,영업,기화장치 · 냉동설비 · 압력용기 · 저장탱크 · 탱크로리,고법,35.4970007,129.3397427
g669ec07835b9,디판(주),경기도 김포시 양촌읍 황금3로8번길 23,영업,업무용대형연소기,액법,37.6127055,126.6116831
gce90e21734a6,라텍코리아시스템,서울특별시 금천구 가산로3길 129 (주)캐리마,영업,안전밸브,고법 · 액법,37.4718854,126.8883278
g7663ac47c516,럭키금속(주),광주광역시 광산구 평동산단2번로 198,영업,업무용대형연소기,액법,35.1332700,126.7707425
ge2b69ccfd9aa,롯데알미늄(주)기공사업본부,인천광역시 미추홀구 염전로333번길 8,영업,냉동기 · 응축기 · 증발기,고법 · 액법,37.4722079,126.6791546
g3bcea39e9d01,리나스대성(주),경기도 남양주시 화도읍 녹촌로 57-38,영업,업무용대형연소기,액법,37.6434409,127.2953290
gba91521c50a0,린나이코리아(주)3공장,인천광역시 서구 가좌로12번길 39,영업,가스보일러,액법,37.4747863,126.6839610
g17539d43ddd1,린나이코리아(주)제2공장,인천광역시 부평구 백범로577번길 48,영업,가스보일러,고법 · 액법,37.4733711,126.6868049
g51ee9c0af52b,마이커피,경기도 파주시 교하로1205번길 56 (오도동),영업,업무용대형연소기,액법,37.7467240,126.7283749
g479c0c16815d,마포산업,경기도 용인시 기흥구 용구대로2469번길 38,영업,가스그릴 · 가스난방기 · 가스렌지 · 업무용대형연소기,액법,37.3102045,127.1058920
g97069f24f998,메인테크플랜트(주),충청남도 서산시 대산읍 죽엽로 285-10,영업,압력용기 · 저장탱크,고법,36.9920467,126.3971044
g665c8e6d1721,명우네오텍(주),충청남도 당진시 송산면 녹동로 210-1,영업,압력용기 · 응축기 · 저장탱크 · 증발기,고법,36.9159810,126.6826994
gf28eea363db4,모카로스터스,경기도 화성시 향남읍 우등길 13-4,영업,업무용대형연소기,액법,37.1375254,126.9798059
g7a177f1b11fc,미가상사,경기도 김포시 양촌읍 황금1로80번길 130 (103호),영업,업무용대형연소기,액법,37.6151411,126.6260040
gb37c20846ae5,미래기계기술주식회사,전라남도 여수시 산단중앙로 135,영업,압력용기 · 저장탱크,고법,34.8300768,127.6509346
ge92bbe635131,미화인더스트리,경기도 고양시 일산동구 사리현로 147-3,영업,업무용대형연소기,액법,37.6923098,126.8334554
g81a4008685ee,반석리퀴드앤이엔지(주),경상남도 밀양시 초동면 명성2길 58-4,영업,기화장치 · 압력용기 · 저장탱크,고법,35.4082103,128.6679300
gd0038d289e4c,버슘머트리얼즈한양기공(주),경기도 안산시 단원구 해봉로 283,영업,실린더캐비넷,고법,37.3250406,126.7712924
g60c05e85b42a,범한메카텍(주) 창원1공장,경상남도 창원시 성산구 적현로 259,영업,기화장치 · 압력용기 · 저장탱크,고법,35.2006117,128.6025574
g86f6aacd3fd9,범한메카텍(주)창원2공장,경상남도 창원시 성산구 삼동로 101,영업,압력용기 · 저장탱크,고법,35.2231580,128.6495482
g2a9f63207d7b,보글락에프에스(주),경기도 광주시 오포읍 오포로498번길 8-5,영업,업무용대형연소기,액법,37.3422053,127.2127239
gdacf348516e1,부영씨에스티 주식회사,부산광역시 사하구 홍티로 103 (다대동),영업,배관용밸브 · 압력용기,고법 · 액법,35.0637031,128.9595411
g9cc056058716,부흥세이프(주),경기도 남양주시 진접읍 금강로1281번길 44,영업,가스그릴 · 고압가스 · 기타연소기 · 업무용대형연소기,액법,37.7123678,127.1717954
g0c3a0673a7b2,비에이치아이(주),경상남도 함안군 군북면 장백로 122,영업,기화장치 · 압력용기,고법,35.2764897,128.3422986
gf4050b67a61d,비에이치아이(주)모로지점,경상남도 함안군 군북면 여명로 309,영업,압력용기 · 저장탱크,고법,35.2742967,128.3192779
g6bcaa625ecb9,비엠에스파워주식회사,울산광역시 울주군 언양읍 반천산업로 219-9,영업,압력용기 · 저장탱크,고법,35.5647647,129.1520807
g573e2b4c2b53,사랑열기,대전광역시 대덕구 방두말4길(평촌동) 15,영업,업무용대형연소기,액법,36.4292917,127.4280411
g3936f6afd725,사랑채가마솥,경상북도 구미시 도개면 도안로 308,영업,업무용대형연소기,액법,36.3150771,128.3190153
g1977069b6457,삼성다이나에이치백(주),경상남도 창원시 성산구 공단로 535,영업,냉동기,고법,35.1996026,128.6763594
g53fb578ba2af,삼성전자(주),광주광역시 광산구 하남산단6번로 107,영업,냉동설비 · 응축기 · 증발기,고법,35.2031077,126.8084822
gb4b9846c977e,삼우금속개발(주),경기도 김포시 통진읍 고척로 231,영업,업무용대형연소기,액법,37.7176497,126.5938117
g44663f11e6b5,삼원금속공업(주),경기도 남양주시 진건읍 독정로성지2길 106-4,영업,업무용대형연소기,액법,37.6841794,127.1964736
g35dbc0c651a9,삼정엔지니어링(주),경기도 화성시 양감면 개월안길 110-24,영업,기화장치,고법,37.0838140,126.9328294
ge1a6ad2c6e89,서울기계,"경기도 안산시 단원구 능안로 81, 1032호",영업,업무용대형연소기,액법,37.3232687,126.7788027
gf7e86870f26b,서울기계공업(주),충청남도 당진시 석문면 산단3로1길 50,영업,냉동설비 · 압력용기,고법,36.9981221,126.5856978
g3eb19d1890ce,서일,"경기도 성남시 분당구 판교로 700 (야탑동,분당테크노파크D동102호)",영업,업무용대형연소기,액법,37.4042147,127.1516959
g2104bdacd8ec,선경산업,인천광역시 계양구 서운산단로3길 1,영업,업무용대형연소기,액법,37.5331188,126.7555669
g268f78de020c,선호엔지니어링,경기도 성남시 중원구 사기막골로 124 SK테크노파크 테크센터동 1206호,영업,실린더캐비넷,고법,37.4405441,127.1775254
gd8512c553b9a,성일로스타,경기도 남양주시 진접읍 내각1로 22,영업,가스그릴 · 가스렌지 · 업무용대형연소기,액법,37.7001547,127.1627269
g8ada5131e427,성진하이쿨(주),경기도 고양시 일산서구 멱절길86번길 61-19,영업,업무용대형연소기,액법,37.6556980,126.7322956
g909f4dbcc21d,성화퓨렌텍(주),부산광역시 기장군 정관읍 정관상곡2길 25-31,영업,가스누출자동차단장치,액법,35.3183619,129.1709208
gcb491261f50d,세영메탈(주),경상남도 김해시 상동면 상동로685번길 142-18,영업,호스,액법,35.3259161,128.9384647
g75c8f00a6ede,세영인더스트리 주식회사,경상북도 포항시 북구 청하면 용산길 289,영업,압력용기 · 저장탱크,고법,36.1727721,129.3790276
gd9924e159db8,세원엔지니어링,부산광역시 사상구 낙동대로 865 (감전동),영업,배관용밸브 · 안전밸브 · 역화방지장치 · 콕크 · 호스,고법 · 액법,35.1377162,128.9702235
g449895ee5ad3,세원이앤씨(주),경상남도 창원시 성산구 공단로 211(신촌동),영업,기화장치 · 압력용기,고법,35.2185341,128.6498250
gd672b83e5c06,세종에이엠씨(주),인천광역시 계양구 계양대로16번길 77,영업,정압기용필터,액법,37.5246581,126.7303422
g8e953b5d5bb0,세화가스텍(주),경기도 수원시 권선구 산업로 105,영업,기화장치 · 안전밸브,고법,37.2409093,126.9762977
ge085a018b35e,수성밸브공업(주),인천광역시 서구 마중5로 14 가동,영업,독성가스배관용밸브,고법,37.5971465,126.6107981
g630ce96f7c28,스노우라인,경기도 평택시 오성면 양교6길 3-9,영업,이동식부탄연소기,액법,37.0213873,126.9588179
g6c08a79d80af,스와스로스타,충청북도 청주시 서원구 남이면 양촌3길 7-20,영업,가스그릴 · 업무용대형연소기,액법,36.5929343,127.4716271
g3cae586e62d2,스피코(주),경상남도 김해시 진례면 서부로 909-43,영업,압력용기 · 저장탱크,고법,35.2291071,128.7704394
g7b37d2f2e032,승원,충청남도 금산군 복수면 용천로 867,영업,이동식부탄연소기,액법,36.1661703,127.4317121
g794a459d4de5,승화공업사,경상북도 칠곡군 왜관읍 아곡7길 10,영업,가스난방기,액법,36.0076179,128.4303969
g775baf677720,신강산기(주),경기도 김포시 대곶면 쇄암로88번길 86,영업,압력용기,고법,37.6804531,126.5460648
gca91a2d08f34,신광기업,대구광역시 북구 팔달북로2길 17,영업,배관용밸브 · 콕크 · 호스,액법,35.8927913,128.5655380
g0fde4b8ac57f,신동아시스템,경기도 부천시 원미구 옥산로251번길 46 (도당동) 1층 일부,영업,업무용대형연소기,액법,37.5154551,126.7777078
g85462b2475df,신동양,경기도 부천시 원미구 도약로308번길 32,영업,이동식부탄연소기,액법,37.5091083,126.7843103
g04f1fcc58295,신성히트,경기도 광주시 오포읍 세피내길 82,영업,가스난방기 · 강제혼합식가스버너 · 업무용대형연소기,액법,37.3759569,127.2423296
g222121de643c,신양에너지(주),대전광역시 대덕구 신일동로 55,영업,냉동기,고법,36.4413917,127.4094327
gde13f314a1b3,신용화기,경상남도 김해시 주촌면 서부로1409번길 92,영업,업무용대형연소기,액법,35.2301298,128.8156780
gf0c8658f3bf7,신한가스테크,경기도 김포시 양촌읍 황금로 117 이젠아파트형공장메카존 나동 429호,영업,가스렌지,액법,37.6164960,126.6212755
g3caaa62b57e1,신한열교환기공업(주),경기도 화성시 팔탄면 푸른들판로 617-19,영업,압력용기,고법,37.1637092,126.8951391
g0541daaebe2d,신흥공업(주),경상남도 창원시 성산구 웅남로795번길 6,영업,역화방지장치,고법 · 액법,35.1932926,128.6947860
g617066cf4eff,신흥정공(주),경기도 평택시 포승읍 포승공단로 104 신흥공업(주),영업,탱크로리,고법,36.9794393,126.8466737
gfa2c92cb628f,신흥플랜트(주),경기도 화성시 향남읍 발안공단로1길 48,영업,압력용기,고법,37.0863027,126.9163519
gfda21cb6e465,신흥하이테크,경기도 화성시 봉담읍 능산길 16-15,영업,가스그릴 · 가스렌지 · 고압가스 · 업무용대형연소기,액법,37.1932783,126.9409567
gec5f462ed394,씨앤에이치,인천광역시 동구 염전로40번길 40-23,영업,업무용대형연소기,액법,37.4835075,126.6463606
g3068e6441027,씨에스주식회사,전라남도 여수시 율촌면 율촌산단2로 203-66,영업,압력용기 · 저장탱크,고법,34.8880762,127.5965198
g270cd34aa175,씨에이치(주),경기도 광주시 곤지암읍 구수동길11번길 17,영업,업무용대형연소기,액법,37.3313774,127.3766078
g4a3c89fe4414,씨엔비산업(주),충청남도 금산군 추부면 신평공단1로 69 씨엔비산업(주),영업,압력용기,고법,36.2198550,127.5057561
g740ad192a95b,씨티엠(주),경기도 안산시 단원구 해봉로 73 씨티엠(주),영업,가스렌지,액법,37.3098906,126.7587603
ga655ad1ef20f,아시아중공업(주),경상남도 창원시 성산구 남면로 245,영업,압력용기 · 저장탱크,고법,35.2208747,128.6395932
gcf1e454c9d14,아시아티앤씨(주),전라남도 순천시 해룡면 율촌산단1로 19-21,영업,압력용기 · 저장탱크,고법,34.9023440,127.5773378
g61f7f98b0c7c,아신큐앤텍,경상남도 김해시 진영읍 본산로219번길 84-6,영업,자동차용가스주입기,고법,35.3237841,128.7485445
g6dcb6a8a7c57,아이티오이엔에스(주),경기도 평택시 포승읍 포승공단순환로 171,영업,소형탱크 · 압력용기 · 저장탱크 · 탱크로리,고법,36.9733192,126.8566756
g62d040337ab9,아주산업,경기도 김포시 통진읍 율마로300번길 121-3,영업,업무용대형연소기,액법,37.6797899,126.6030409
gbd3ea934b99f,알파라발코헥스(주),대전광역시 유성구 테크노8로 41,영업,압력용기,고법,36.4227055,127.4030376
g42c6afeb0336,억조종합기계(주),인천광역시 서구 원전로 8,영업,업무용대형연소기,액법,37.5480551,126.6438789
ga7e44097360d,에너지엔(주)군산,전북특별자치도 군산시 자유무역2길 72 (오식도동),영업,압력용기 · 저장탱크,고법,35.9604758,126.5535164
gfeda7fea9b88,에너진(주),경기도 화성시 마도면 청원산단2길 120,영업,압력용기,고법,37.1749854,126.7650978
g2b056b189ba2,에스더불유아이(주),경기도 안양시 동안구 벌말로 91-9 SWI주식회사,영업,독성가스배관용밸브 · 배관용밸브,고법 · 액법,37.3969691,126.9680179
g63b20d8d3979,에스비엠주식회사,경기도 시흥시 군자천로81번길 91 S.B.M(주),영업,실린더캐비넷,고법,37.3332388,126.7086042
ga1f65dcaa8b8,에스앤티에너지 주식회사,경상남도 창원시 성산구 완암로 12,영업,압력용기 · 저장탱크,고법,35.2021668,128.6618074
g5a73509ed9eb,에스앤티에너지(주),전북특별자치도 군산시 자유무역3길 19(오식도동),영업,압력용기,고법,35.9665333,126.5500838
g1ac0fccfe21d,에스이에스티 주식회사,부산광역시 강서구 미음산단로8번길 37(구랑동),영업,압력용기 · 저장탱크,고법,35.1306123,128.8572475
g8a47bd924a40,에스케이에코엔지니어링 주식회사,"서울특별시 종로구 율곡로 6, B동 (중학동, 트윈 트리 빌딩)",영업,액화천연가스저장탱크 · 저장탱크,고법,37.5754539,126.9797758
g8691dcdfbc4b,에스탱크엔지니어링(주),경상남도 사천시 사남면 공단4로 155-21,영업,기화장치 · 압력용기 · 저장탱크,고법,35.0589827,128.0451719
gb4cd7d70c240,에스탱크엔지니어링(주),경상남도 함안군 법수면 법수로 318,영업,압력용기 · 저장탱크,고법,35.3095566,128.3599833
g977f5cef35a6,에이스전자,경기도 양주시 광적면 그루고개로221번길 192-26,영업,가스누출자동차단장치,액법,37.8386567,126.9981321
g435ff1cbb904,에이에스티(주),경상남도 함안군 대산면 송산로 769-95,영업,압력용기 · 저장탱크,고법,35.3357995,128.4448236
gbcfb0aeb2609,에이치디현대중공업(주),울산광역시 동구 방어진순환도로 1000 (전하동) 1000,영업,그밖의용기 · 압력용기 · 저장탱크,고법 · 액법,35.5035399,129.4345113
g29b81e695c91,에이치아이티(주),경기도 평택시 세교산단로 72,영업,실린더캐비넷,고법,37.0137775,127.0828249
gea7db6520c48,엔비피코리아,경기도 안산시 단원구 엠티브이8로 22,영업,강제혼합식가스버너,액법,37.3010102,126.7492064
g5fc075adb8c0,엔텍스,경기도 군포시 엘에스로182번길 28-2 (산본동),영업,업무용대형연소기,액법,37.3779590,126.9428766
g4493bc888996,엘림E.N.G,경기도 평택시 서탄면 수월암4길 26-24,영업,업무용대형연소기,액법,37.1304031,127.0261209
gd8e40197ef06,엘지전자평택칠러공장,경기도 평택시 진위면 동부대로 120,영업,응축기 · 증발기,고법,37.1161176,127.0852661
g2c733a257a23,엠티에이치(Mt.H)콘트롤밸브(주),부산광역시 강서구 녹산산업중로 296 (송정동),영업,안전밸브,고법 · 액법,35.0931672,128.8521299
g11154166d00f,연합개발(주),경기도 화성시 팔탄면 노하길395번길 10,영업,압력용기 · 저장탱크,고법,37.1634508,126.8699438
g81dd0f4c59c8,영도산업(주),부산광역시 강서구 녹산산업중로 22 (송정동),영업,배관용밸브 · 용기용밸브 · 자동차용가스주입기,고법 · 액법,35.0994375,128.8244071
g211f0dabbe83,영림기업,인천광역시 남동구 에코중앙로 25-1,영업,이동식부탄연소기,액법,37.3861520,126.7139693
g7d339ed993e4,영서종합주방,경기도 양주시 칠봉산로321번길 126 (봉양동),영업,업무용대형연소기,액법,37.8573356,127.0663693
gc77f0021950b,영진테크,부산광역시 사상구 낙동대로1330번길 11 (삼락동),영업,콕크,액법,35.1789374,128.9769749
g1fa93e6ae4d3,오에스지(주),경기도 시흥시 마유로132번길 44,영업,업무용대형연소기,액법,37.3288678,126.7249729
g899b697e2133,오텍캐리어(주),광주광역시 광산구 하남산단3번로 55,영업,냉동기,고법 · 액법,35.1914806,126.8009285
gc34a91996f61,온통기업,"인천광역시 남동구 논현고잔로54번길 30-5,3층",영업,고압가스,액법,37.3872470,126.7134022
geb49526fd4cf,올림피아공업(주),인천광역시 서구 가정로16번길 28 올림피아공업(주),영업,강제혼합식가스버너,액법,37.4858622,126.6739644
g700b52453f83,용민로스타,경기도 평택시 포승읍 포승공단로 204,영업,가스그릴 · 가스렌지 · 기타연소기,액법,36.9837258,126.8561295
g29bd92c77258,우성진공기술(주),부산광역시 사상구 가야대로 212 (학장동),영업,압력용기 · 저장탱크,고법,35.1495683,128.9956078
g952a97927043,우성플로텍주식회사,부산광역시 강서구 미음산단3로 27,영업,압력용기,고법,35.1471777,128.8586770
g114e1a88c4bb,우신로스타,인천광역시 서구 보도진로42번길 25,영업,가스그릴 · 가스렌지 · 고압가스 · 업무용대형연소기,액법,37.4923188,126.6527445
g7940fcc9ec02,우양에이치씨(주),경기도 평택시 포승읍 평택항만길 305,영업,압력용기,고법,36.9745672,126.8378503
g44480aea6ab4,우양에이치씨(주),경기도 평택시 포승읍 포승공단로118번길 88 우양에이치(주),영업,암모니아용기 · 압력용기 · 저장탱크,고법,36.9729142,126.8498630
ge897d3e5aa8c,우영종합주방설비,부산광역시 금정구 동대로 20 (회동동),영업,업무용대형연소기,액법,35.2284349,129.1263780
g5eddccc93bff,원일엔지니어링,경기도 김포시 하성면 원통로 101,영업,배관이음관,액법,37.7211491,126.6180900
gc7a55d874b80,윈테크(주),충청북도 진천군 이월면 진광로 376,영업,LPG용기 · 그밖의용기 · 소형탱크 · 암모니아용기 · 압력용기 · 저장탱크 · 프레온용기,고법,36.8975748,127.4435481
gae417f37e4dd,유니크컴퍼니,경기도 남양주시 진건읍 독정로성지1길 8,영업,업무용대형연소기,액법,37.6826143,127.1859897
g0e9fd97a50b5,유일KMC,경기도 광주시 초월읍 지월로100번길 89-2,영업,업무용대형연소기,액법,37.4077532,127.2986756
g5945633f4126,유진물산,서울특별시 관악구 신사로 140-1 영송빌딩,영업,업무용대형연소기,액법,37.4890397,126.9172280
gbfdbefffb4af,유한기술(주),전라남도 여수시 여수산단1로 342-49 (화치동),영업,압력용기 · 저장탱크,고법,34.8328098,127.6489313
g9c9145f86b8a,유한기술(주),충청남도 서산시 대산읍 평신1로 531-94,영업,압력용기 · 저장탱크,고법,36.9863998,126.3691909
g64227d84772f,유한티유(주),울산광역시 남구 테크노산업로55번길 80-25,영업,압력용기 · 저장탱크,고법,35.5063853,129.3005457
g7eb07f08dd51,유한회사리오알엔씨,전북특별자치도 정읍시 북면 상하유길 38-4 (보림리),영업,업무용대형연소기,액법,35.5856275,126.9334724
gee809d797f05,유한회사중앙엔지니어링,전라남도 여수시 산단중앙로 45,영업,냉동설비 · 압력용기 · 저장탱크,고법,34.8254214,127.6440116
g4e0452cedead,이그니스,경기도 양주시 은현면 은현로312번길 105,영업,이동식부탄연소기,액법,37.8952080,127.0234530
gc023b6023c9e,이세산업,경기도 김포시 대곶면 대곶북로68번길 78,영업,업무용대형연소기,액법,37.6610863,126.5929281
gc294111e3a34,이원주방,경상남도 김해시 주촌면 서부로1499번안길 21-5,영업,업무용대형연소기,액법,35.2338206,128.8152879
g772e16556c8c,이지스터커피,대전광역시 대덕구 대화로32번길 60-9,영업,업무용대형연소기,액법,36.3707287,127.4149944
g4c86e8f50010,인방산업(주),전라남도 여수시 산단중앙로 97,영업,압력용기 · 저장탱크,고법,34.8281860,127.6482304
gebf7ecfe711e,일신테크(주),경상북도 김천시 봉산면 봉산로 460-8,영업,압력용기,고법,36.1677846,128.0114221
gbec9d5637660,일진하이솔루스(주),전북특별자치도 완주군 봉동읍 완주산단5로 97-46,영업,압력용기,고법,35.9458229,127.1294805
gf5c101b66e71,장위데이타시스템(주),경기도 남양주시 화도읍 마치로284번길 118,영업,배관이음관,액법,37.6449169,127.2838792
g4cc5712dab18,정대,충청북도 진천군 진천읍 문화로 614-3 정대,영업,배관용밸브,액법,36.8492826,127.4548922
g530528f735e9,정우산기(주),충청남도 천안시 동남구 수신면 5산단로 253,영업,기화장치 · 압력용기 · 저장탱크,고법,36.7471341,127.2682928
g479aca52bc4b,정우이앤이 주식회사,부산광역시 강서구 녹산산단261로74번길 20 (송정동),영업,기화장치 · 압력용기 · 저장탱크,고법,35.0951411,128.8479967
gef17ce2617de,제이비에너텍(주),경기도 화성시 비봉면 현대기아로 825-83,영업,정압기용필터,액법,37.2204586,126.8560160
g5b46549222ff,제이에프씨(주),부산광역시 금정구 동천로7번길 62-22 (회동동),영업,압력용기,고법,35.2286221,129.1236574
g952751d53a30,제일E&S(주),경상남도 양산시 충렬로 309,영업,독성가스배관용밸브,고법,35.3697946,129.0389833
g551ac378381f,제일테크,경기도 용인시 처인구 포곡읍 곡현로 290,영업,업무용대형연소기,액법,37.3111060,127.2211476
gcd6642384c12,제트원,인천광역시 서구 대곡로89번안길 25,영업,업무용대형연소기,액법,37.6152777,126.6702468
gccfab5a6cf72,조광아이엘아이(주),경상남도 양산시 산막공단북10길 37,영업,안전밸브,고법,35.3696931,129.0625948
g2e9ce665fc18,㈜동산밸브,경상남도 김해시 진례면 고모로324번안길 167-2,영업,긴급차단장치 · 배관용밸브,고법 · 액법,35.2459788,128.7865153
ge9c34f077db3,주식회사 가스콤,충청남도 예산군 신암면 오신로 659,영업,가스난방기 · 이동식부탄연소기,액법,36.7304319,126.7994564
gb7051c45dbd7,주식회사 나인코,경기도 시흥시 연성로156번길 42,영업,업무용대형연소기,액법,37.3848319,126.8182394
g0ffb62a49c5b,주식회사 노부스테크,"경기도 성남시 중원구 갈마치로 215 제5층 제A-503호(상대원동, 금강펜테리움아이티타워)",영업,업무용대형연소기,액법,37.4334205,127.1734574
g500b3e54e81a,주식회사 대광,경상남도 창원시 진해구 남영로527번길 28,영업,압력조정기 · 역화방지장치,고법 · 액법,35.1176884,128.7789367
gc8989834b0f4,주식회사 대림주방,경기도 시흥시 공단1대로 144 시화공단2다202호A동105호2층,영업,업무용대형연소기,액법,37.3412739,126.7190510
g1dacb797f6fe,주식회사 대연,충청남도 아산시 도고면 도송로 23,영업,배관이음관,액법,36.7215260,126.9247298
gd369b77d8af3,주식회사 동아이.앤.지,경기도 김포시 양촌읍 황금로 117 이젠메카존 나동 B133호,영업,업무용대형연소기,액법,37.6164960,126.6212755
ga28e9f4a8b00,주식회사 레프코리아,부산광역시 강서구 녹산산단231로 27 (송정동),영업,냉동기 · 냉동설비 · 압력용기 · 저장탱크,고법,35.0915717,128.8421064
ge4c547c1ec1c,주식회사 비비씨,"인천광역시 남동구 호구포로 50 (825호,805호)",영업,역화방지장치,고법,37.3892443,126.7010684
gf28176bd505e,주식회사 서평에너지,경기도 화성시 장안면 한천1길 56-18,영업,소형탱크,고법,37.0665560,126.8504794
g97db1199acb8,주식회사 서평코리아,인천광역시 남동구 만월북로2번길 9 (간석동),영업,배관용밸브 · 안전밸브 · 자동차용가스주입기,고법 · 액법,37.4685715,126.7213864
g5f4c0dc47f72,주식회사 세이쿡,인천광역시 부평구 부평북로 376,영업,가스그릴 · 가스렌지 · 업무용대형연소기,액법,37.5222102,126.7351397
gae8b38d2aa04,주식회사 시스피아기연,"경기도 파주시 법원읍 오능골길 98, 가동",영업,업무용대형연소기 · 이동식부탄연소기,액법,37.8412316,126.8691594
g5270d351db97,주식회사 아림공조,충청남도 천안시 서북구 직산읍 신갈1길 71-5,영업,냉동기 · 냉동설비,고법,36.8643827,127.1106652
gd210bb959a84,주식회사 엔에스티이,부산광역시 강서구 제도로1041번길 523-1 (강동동),영업,기화장치 · 긴급차단장치,고법,35.2188818,128.9309568
g587ec6c92cd2,주식회사 케이티엘,경기도 부천시 원미구 평천로832번길 22 (도당동),영업,업무용대형연소기,액법,37.5146865,126.7831215
g1220b937e0de,주식회사 큐블락,경기도 시흥시 옥구천서로185번길 67,영업,긴급차단장치,고법,37.3451923,126.7078021
gca433e3b114a,주식회사 크리오스,부산광역시 강서구 화전산단1로 155 (화전동),영업,기화장치 · 압력용기 · 저장탱크 · 탱크로리,고법 · 액법,35.0971822,128.8839345
g891fadd1719f,주식회사 태성가스기술,부산광역시 강서구 과학산단1로 54 (지사동),영업,기화장치 · 긴급차단장치 · 독성가스배관용밸브 · 배관용밸브 · 압력용기 · 저장탱크 · 탱크로리,고법 · 액법,35.1447686,128.8282370
g09de2712206d,주식회사 태원,부산광역시 강서구 미음산단4로62번길 23(미음동),영업,배관이음관,액법,35.1564298,128.8567606
g0060d86cf5b3,주식회사 투와이젠,"부산광역시 강서구 낙동남로549번길 24, 3층 (녹산동)",영업,배관용밸브,고법,35.1146660,128.8805527
gf399e8974898,주식회사 티에스텍,경기도 안성시 서운면 매향길 54,영업,실린더캐비넷,고법,36.9351428,127.2314503
g7340405a937a,주식회사 프로콘엔지니어링,경기도 시흥시 산기대학로 320-7,영업,압력용기,고법,37.3338704,126.7395548
g4be70325f793,"주식회사 하마이코리아(HAMAI KOREA CO.,LTD.)",부산광역시 강서구 미음산단1로15번길 114 (구랑동),영업,용기용밸브,고법,35.1234467,128.8592417
gf3fa4b72d917,주식회사 화로스타,경기도 김포시 대곶면 학의동로34번길 149,영업,가스그릴 · 가스렌지 · 고압가스 · 업무용대형연소기 · 이동식부탄연소기,액법,37.6524774,126.5630075
g229de82d9168,주식회사 효진산업,경기도 시흥시 미산로143번길 28-5,영업,가스그릴 · 고압가스 · 업무용대형연소기,액법,37.4163203,126.7946232
g5eb7a8912e27,주식회사 훼미리키친,충청북도 청주시 청원구 북이면 장양길 14-10,영업,업무용대형연소기,액법,36.7513076,127.5263344
g436a29841568,주식회사다온알에스,"광주광역시 북구 용봉로 77, 전남대 정비센터(용봉동)",영업,가스난방기,액법,35.1739175,126.9112355
g8603b8cb2e15,주식회사덕인,경기도 부천시 오정구 오정로 43,영업,강제혼합식가스버너,액법,37.5262049,126.7649520
gb855abf686e9,주식회사보원엠앤피(신공장),전라남도 영암군 삼호읍 대불산단3로 36,영업,압력용기,고법,34.7631147,126.4465088
g1eb56b878f0f,주식회사삼일하이테크,경기도 광주시 고불로229번길 76 (태전동),영업,업무용대형연소기 · 이동식부탄연소기,액법,37.3956051,127.2067593
g5e0fd494e34f,주식회사서이,강원특별자치도 원주시 신림면 싸리치길 176-33,영업,이동식부탄연소기,액법,37.2390081,128.1095664
g59917bccf8d6,주식회사성한텍,울산광역시 울주군 온산읍 처용산업2길 84,영업,기화장치 · 냉동설비 · 압력용기 · 저장탱크,고법,35.4696542,129.3387049
gc6943e6915eb,주식회사성한텍,울산광역시 울주군 청량읍 처용산업5길 29 29,영업,기화장치 · 냉동설비 · 압력용기 · 저장탱크,고법,35.4754221,129.3318729
g69c088e55da2,주식회사아스페,충청북도 충주시 대소원면 첨단산업7로 10-5,영업,압력용기,고법,36.9962911,127.8394772
ga7a6a7c6fe7a,주식회사에이치앤티이엔씨,"경기도 군포시 엘에스로45번길 151,1층",영업,강제혼합식가스버너,액법,37.3618517,126.9507602
g17aaf66dcb23,주식회사에이치엔비,경기도 광주시 초월읍 무들로147번길 42-68,영업,업무용대형연소기,액법,37.3866466,127.3028416
gb717a6ba840d,주식회사에이치케이씨,경기도 안성시 일죽면 주래본죽로 398-6,영업,업무용대형연소기,액법,37.0866698,127.5151577
gd20ca44a41a3,주식회사오디씨티,경기도 용인시 처인구 남사면 경기동로 175-28,영업,실린더캐비넷,고법,37.1453101,127.1479319
g954c568daca4,주식회사윈이앤지,울산광역시 울주군 청량읍 처용산업로 243-44 133,영업,압력용기 · 저장탱크,고법,35.4824754,129.3225010
g4d79890f169c,주식회사이룸홍투,충청북도 음성군 금왕읍 진성로 1397-26,영업,소형탱크,고법,36.9630424,127.5604500
g39df348d3c20,주식회사인테크케미칼,경상남도 김해시 생림면 상동로 78-34,영업,호스,액법,35.2942330,128.8867595
g234ec15b0675,주식회사지티산업,경상북도 상주시 사벌국면 목가1길 94,영업,LPG용기 · 그밖의용기 · 암모니아용기,고법,36.5000500,128.1913573
gb14e4a30783d,주식회사쿡메이트,충청남도 천안시 서북구 직산읍 금곡로 113-25,영업,업무용대형연소기,액법,36.8675009,127.0976982
gc6745799109d,주식회사한연,경기도 광주시 곤지암읍 부항길 34,영업,업무용대형연소기,액법,37.3555508,127.3984667
g607837a5f6ee,㈜케이투앤,강원특별자치도 원주시 지정면 신평로 2-1,영업,독성가스배관용밸브 · 안전밸브,고법,37.3725066,127.8896437
g01271203f110,중동가스텍,경기도 김포시 대곶면 율생로 30,영업,고압가스 · 업무용대형연소기,액법,37.6520086,126.5880276
g34bd949ca1aa,중앙메탈,서울특별시 중랑구 동일로109가길 22,영업,이동식부탄연소기,액법,37.5929334,127.0787698
gd15b57894535,지에스건설(주),서울특별시 종로구 종로 33 (청진동),영업,액화천연가스저장탱크 · 저장탱크,고법 · 액법,37.5709618,126.9814380
g4cc48dedbd42,지에이텍(주),경기도 화성시 장안면 방축말길35번길 78,영업,압력용기 · 저장탱크,고법,37.1120800,126.8526863
g3caa314b3cd4,지엠텍주식회사,울산광역시 울주군 온산읍 처용리 135번지,영업,압력용기 · 저장탱크,고법,35.4581300,129.3460917
gc9d5c2b2a3ee,지코아시아(주),경기도 화성시 마도면 마도공단로4길 48,영업,강제혼합식가스버너,액법,37.1811795,126.7921749
g76884b2f307f,지팸중공업(주),전라남도 영암군 삼호읍 용앙로 520 지팸중공업(주),영업,압력용기,고법,34.7590582,126.4172453
gd6b2ad44c98e,진벽금속공업사,경상남도 함안군 함안면 광정로 344-10,영업,업무용대형연소기 · 주물연소기,액법,35.2385445,128.4061391
g659dd892feed,진성주방,경상남도 창원시 마산합포구 진동면 태봉2길 86,영업,업무용대형연소기,액법,35.1400030,128.5061144
g07824bd9a5e4,진우디이브이(주),경기도 김포시 통진읍 김포대로2385번길 67-105,영업,기화장치,고법,37.6926856,126.5843350
gba3dc7016982,초이테크(주),경기도 화성시 봉담읍 동화길 51 510~512호,영업,실린더캐비넷,고법,37.2191342,126.9555519
g0cd021390832,케이에이치페트로텍(KH PETROTEC),전라남도 여수시 여수산단1로 310-52,영업,압력용기 · 저장탱크,고법,34.8298912,127.6464509
g813cdb7668ea,케이에프엔지에스(주),경기도 김포시 대곶면 대곶남로 500,영업,압력용기 · 정압기용필터,고법 · 액법,37.6327374,126.6010853
g5fd4fa68b894,케이엠씨글로벌 주식회사,경기도 김포시 양촌읍 황금3로7번길 12-24,영업,배관용밸브,액법,37.6134229,126.6134606
gcc39afeed8ce,케이엠씨밸브(주),경기도 여주시 가남읍 흑석로 115,영업,배관용밸브,액법,37.1981266,127.5687675
gebc77a097508,케이젯정밀(주)밸브공장,경기도 안산시 단원구 해안로 168,영업,긴급차단장치 · 독성가스배관용밸브 · 배관용밸브,고법 · 액법,37.2979493,126.7750714
ga5df9228cce3,케이피엘밸브공업(주),경기도 부천시 오정구 산업로 84,영업,독성가스배관용밸브 · 배관용밸브,고법 · 액법,37.5333041,126.7824462
gbcaba7e474d5,코닉스(주),경기도 화성시 향남읍 발안로 644-46,영업,실린더캐비넷,고법,37.1212238,126.9755458
g1f06c9eab674,코리아가스엔지니어링,경기도 김포시 대곶면 대곶서로 1-20,영업,기화장치,고법,37.6235243,126.5695351
g0732cf451cd2,코리아테크엔지니어링(주),경기도 용인시 처인구 백암면 백암로 27,영업,강제혼합식가스버너,액법,37.1516135,127.3855253
gce776a18c429,코스모아이앤디(주),세종특별자치시 전의면 음담말길 12,영업,그밖의가스용품 · 배관용밸브 · 배관이음관,액법,36.6509951,127.1883075
g4eaccfd02aca,쿡스오븐컴퍼니,경기도 파주시 신촌3로 2-24 (신촌동),영업,업무용대형연소기,액법,37.7273300,126.6944313
g6905b2fe424c,탑가스코리아 주식회사,"경기도 군포시 농심로59번길 13, 201호",영업,가스누출자동차단장치,액법,37.3641869,126.9544499
g910b074c8b6a,태경가스기술(주),울산광역시 남구 용연로195번길 17 (용연동),영업,기화장치,고법,35.4758417,129.3623471
g54903d0df6b1,태광후지킨(주),부산광역시 강서구 녹산산단261로88번길7,영업,독성가스배관용밸브 · 안전밸브 · 용기용밸브,고법,35.0972572,128.8468344
g55c25a4f7b19,태광후지킨(주) 화전공장,부산광역시 강서구 화전산단3로 32(화전동),영업,독성가스배관용밸브 · 배관용밸브 · 안전밸브 · 용기용밸브,고법 · 액법,35.1080709,128.8758149
gdb736e36fff7,태백가스산업주식회사,충청북도 옥천군 옥천읍 옥천동이로 280,영업,실린더캐비넷,고법,36.2977255,127.6018917
g98a46bef2650,태양산업,경기도 파주시 광탄면 장지산로316번길 130-7,영업,업무용대형연소기,액법,37.7616034,126.8739654
g47aeec6c1de1,태웅이엔지,부산광역시 강서구 평강로229번길 112-26 (대저1동),영업,기화장치,고법,35.2094940,128.9438291
gef4ca8e6ca89,태창플랜트,인천광역시 남동구 은봉로75번길 28 (주)은진산업,영업,압력용기,고법,37.4110404,126.7008991
gae4ddb0d0de1,통일보일러(주),경상남도 창원시 마산합포구 진북면 진북신촌로 181,영업,압력용기 · 저장탱크,고법,35.1402815,128.4792827
gb166886b4106,툴젠,경기도 부천시 원미구 길주로411번길 40-16,영업,가스그릴 · 가스렌지 · 기타연소기 · 업무용대형연소기,액법,37.5056365,126.7881392
g1c4fd826214e,트리니웍스,경기도 화성시 송산면 삼존로 266-25,영업,업무용대형연소기,액법,37.2279069,126.7636875
g1881b8e5d42f,티와이파우들러(주),전라남도 순천시 해룡면 율촌산단1로 19-70,영업,압력용기 · 저장탱크,고법,34.8998968,127.5802795
ga22705b3744a,파세코,부산광역시 강서구 녹산산단17로 42 (송정동),영업,압력용기,고법,35.1003656,128.8251864
ga22f282b9ba7,파워열기기(주),울산광역시 울주군 청량읍 처용산업3길 122,영업,압력용기 · 저장탱크,고법,35.4807948,129.3329252
g7479becb0782,피앤씨테크주식회사,경기도 안양시 동안구 전파로104번길 62 (호계동),영업,가스누출자동차단장치,액법,37.3872782,126.9425686
g83c09db156e3,피에스씨(주),울산광역시 울주군 온산읍 처용산업3길 30-36,영업,압력용기 · 저장탱크,고법,35.4707793,129.3350788
g1b1ef77f8730,피엔코,경상남도 함안군 칠북면 삼칠로 2020,영업,이동식부탄연소기,액법,35.3507153,128.5185213
g957dc00cc751,피케이밸브앤엔지니어링(주),경상남도 창원시 성산구 공단로 80(신촌동),영업,긴급차단장치 · 독성가스배관용밸브 · 배관용밸브,고법 · 액법,35.2090540,128.6359385
gf531a3299d68,피티케이(주),경기도 화성시 우정읍 남양만로 632,영업,압력용기,고법,37.0405009,126.8009700
g1a0082e01155,피티케이(주),경기도 화성시 장안면 포승향남로 940-61,영업,압력용기 · 응축기 · 증발기,고법,37.0340058,126.8136585
g060962fa263b,하모열기술(주),부산광역시 강서구 낙동남로622번길 62 (녹산동),영업,냉동설비 · 압력용기 · 저장탱크,고법,35.1124144,128.8889229
g41652bec04b0,하이록코리아(주),부산광역시 강서구 녹산산단27로 97 (송정동),영업,배관용밸브 · 안전밸브 · 용기용밸브 · 자동차용가스주입기,고법 · 액법,35.0994228,128.8317664
g17add3326bef,하이에어코리아(주),경상남도 김해시 진례면 고모로324번길 204,영업,응축기 · 증발기,고법,35.2453620,128.7843234
g0d819c52fb3e,한강산업주식회사,경기도 화성시 팔탄면 온천로165번길 75-26,영업,압력용기,고법,37.1383160,126.8565562
g04d1bbaca8c0,한국KBR,경기도 시흥시 포도원로116번길 12,영업,고압가스 · 업무용대형연소기,액법,37.4342867,126.7873379
g421953b09806,한국가스로(용품),경기도 시흥시 공단1대로 341(323호),영업,가스그릴 · 가스렌지 · 고압가스 · 업무용대형연소기,액법,37.3316287,126.7378396
g0e3e2da53240,한국공업사,대구광역시 북구 팔달북로3길 52,영업,업무용대형연소기,액법,35.8910754,128.5588106
g09ac8d8f731c,한국미우라공업(주),충청남도 천안시 동남구 풍세면 풍세산단로 240-32,영업,강제혼합식가스버너,고법 · 액법,36.7219835,127.1027280
gfb7e34e91358,한국아이티오㈜,경기도 화성시 장안면 장안공단8길 37,영업,기화장치 · 배관용밸브 · 안전밸브 · 압력조정기,고법 · 액법,37.1127140,126.8387330
g6a7b792fb22b,한국유니콤밸브(주)당진지점,충청남도 당진시 송악읍 부곡공단4길 28-175,영업,긴급차단장치,고법,36.9535754,126.7802563
g31b851f9fee0,한국초저온용기,충청북도 음성군 금왕읍 일생로 332-13,영업,초저온용기,고법,37.0408403,127.5595419
ge54b678df0ae,한국케이엔티(주),경기도 부천시 오정구 삼작로171번길 9,영업,업무용대형연소기,액법,37.5205337,126.7799126
gb5b7f65292fd,한국코로나(주),경기도 시흥시 엠티브이25로58번길 33 (정왕동),영업,가스난방기 · 강제혼합식가스버너,액법,37.3191079,126.7144775
g94e5288aeeba,한국코소(주)인천공장,인천광역시 남동구 청능대로340번길 12 (주)한국코소,영업,긴급차단장치 · 독성가스배관용밸브,고법,37.4004429,126.6965734
g1561f285ca66,한국후지필터(주),울산광역시 남구 용연로195번길 29 (용연동),영업,압력용기 · 저장탱크,고법,35.4757885,129.3635878
ge29df9db6276,한모기술(주),충청남도 당진시 석문면 산단3로3길 26,영업,압력용기,고법,36.9998978,126.5909211
g63718040b4f2,한선엔지니어링 주식회사,부산광역시 강서구 녹산산단361로 27 (송정동),영업,안전밸브,고법,35.0915221,128.8564920
g6bde4130f6fc,한양이엔지(주),경기도 화성시 영통로26번길 72,영업,압력용기,고법,37.2315462,127.0688134
g1575d910a1ea,한주기계공업(주),경기도 김포시 월곶면 김포대로 2741,영업,기화장치 · 압력용기,고법,37.7112476,126.5494975
gf5fd9cc92f26,한주기계공업(주),경기도 화성시 서신면 제부로654번길 157,영업,압력용기 · 저장탱크,고법,37.1663624,126.6801851
g0bb18fc1dab5,한화오션(주),경상남도 거제시 거제대로 3370 한화오션(주) 내,영업,액화천연가스저장탱크,고법,34.8816701,128.7253181
gfb32c23cbc39,현대건설(주),서울특별시 종로구 율곡로 75 (계동),영업,액화천연가스저장탱크 · 저장탱크,고법,37.5780170,126.9876379
g04198f5c9a12,현대스틸산업(주) 율촌공장,전라남도 광양시 광양읍 율촌산단5로 177,영업,압력용기 · 저장탱크,고법,34.9015223,127.5995072
g8a3fde7fa2cf,현대종합주방,경기도 남양주시 진접읍 장현로 175-30,영업,업무용대형연소기,액법,37.7245431,127.1896066
g41629a733f9c,형제금속,경기도 양주시 광적면 광적로 257,영업,이동식부탄연소기,액법,37.8378069,126.9694939
gd0505124f8d1,호일프랜트,전라남도 여수시 여수산단로 585,영업,압력용기 · 저장탱크,고법,34.8297608,127.6847147
ge9326ea84d44,홍연하이텍,경기도 부천시 오정구 오정로96번길 99,영업,업무용대형연소기,액법,37.5246454,126.7736344
g3bad9fa9000a,화성밸브(주),경기도 안산시 단원구 정왕천동로94번길 20 (성곡동),영업,독성가스배관용밸브 · 배관용밸브,고법 · 액법,37.3199469,126.7323326
gc0f1cdbcd688,화성밸브(주),대구광역시 서구 팔달로2길 29 (비산동),영업,배관용밸브 · 용기용밸브 · 콕크,고법 · 액법,35.8917900,128.5494011
g66f3726747cd,화성밸브(주) 2공장,경상북도 경산시 진량읍 공단8로 222,영업,긴급차단장치 · 독성가스배관용밸브 · 배관용밸브,고법 · 액법,35.8761843,128.8345856
gf682589d1538,화성밸브(주) 3공장,경상북도 경산시 진량읍 다문로 138,영업,배관용밸브,액법,35.8756092,128.8263401
ge44c12016e17,화신주방산업(주),경기도 광주시 고불로229번길 32 (태전동),영업,업무용대형연소기,액법,37.3955356,127.2105925
g69408daf7967,화영상사,경상남도 김해시 분성로579번길 33,영업,배관용밸브 · 압력조정기 · 호스,액법 · 도법,35.2389105,128.9088301
g8c6737c13404,화이버텍(주),경기도 파주시 탄현면 방촌로995번길 56,영업,이동식부탄연소기,액법,37.8264417,126.7279601
g40facbac29a2,화인실업(주),경상남도 김해시 상동면 동북로473번길 127,영업,강제혼합식가스버너,액법,35.3075791,128.9581985
ga0216c9ea07c,효성중공업(주)창원3공장,경상남도 창원시 성산구 공단로 303(웅남동),영업,압력용기,고법,35.2122735,128.6582735
g238c82e16934,효성하나로(주),충청남도 금산군 추부면 동당말길 17,영업,이동식부탄연소기,액법,36.2015198,127.4772147
g8e90ab94f233,후성정공㈜,강원특별자치도 원주시 문막읍 문막공단길 51,영업,긴급차단장치 · 독성가스배관용밸브,고법,37.2972537,127.8045514
g665f5cb32a9c,휴콘스테크놀러지㈜,강원특별자치도 춘천시 후석로420번길 26 (후평동),영업,압력조정기,액법,37.8871786,127.7477799
g986f9aeefdf8,흥국공업(주)화성공장,경기도 화성시 마도면 마도공단로6길 51,영업,가스난방기 · 강제혼합식가스버너,액법,37.1784013,126.7910297
