행정구역,업소명,소재지,생산품목,영업상태,법구분
전북 전주시 덕진구,(유)금호주방,전북특별자치도 전주시 덕진구 상리2길 25 (팔복동2가) ,업무용대형연소기,영업,액법
전북 전주시 덕진구,(유)우신주방산업,전북특별자치도 전주시 덕진구 추천로 443-8 (팔복동4가),업무용대형연소기,영업,액법
전남 순천시,(주)KHPT,전라남도 순천시 해룡면 율촌산단1로 80-35,압력용기,영업,고법
전남 순천시,(주)KHPT,전라남도 순천시 해룡면 율촌산단1로 80-35,저장탱크,영업,고법
경남 김해시,(주)MS이엔지진영공장,경상남도 김해시 한림면 한림로 1029,기화장치,영업,고법
경남 김해시,(주)MS이엔지진영공장,경상남도 김해시 한림면 한림로 1029,기화장치,영업,액법
경남 김해시,(주)MS이엔지진영공장,경상남도 김해시 한림면 한림로 1029,소형탱크,영업,고법
경남 김해시,(주)MS이엔지진영공장,경상남도 김해시 한림면 한림로 1029,소형탱크,영업,액법
경남 김해시,(주)MS이엔지진영공장,경상남도 김해시 한림면 한림로 1029,압력용기,영업,고법
경남 김해시,(주)MS이엔지진영공장,경상남도 김해시 한림면 한림로 1029,압력용기,영업,액법
경남 김해시,(주)MS이엔지진영공장,경상남도 김해시 한림면 한림로 1029,저장탱크,영업,고법
경남 김해시,(주)MS이엔지진영공장,경상남도 김해시 한림면 한림로 1029,저장탱크,영업,액법
경남 김해시,(주)MS이엔지진영공장,경상남도 김해시 한림면 한림로 1029,탱크로리,영업,고법
경남 김해시,(주)MS이엔지진영공장,경상남도 김해시 한림면 한림로 1029,탱크로리,영업,액법
경기 안산시 단원구,(주)PN풍년,경기도 안산시 단원구 별망로 620 세광알미늄(주),업무용대형연소기,영업,액법
경기 화성시,(주)가온텍,경기도 화성시 향남읍 발안로474번길  19-27,실린더캐비넷,영업,고법
충남 당진시,(주)강원엔티에스,충청남도 당진시 순성면 백석길 6,압력용기,영업,고법
인천 서구,(주)거봉한진,인천광역시 서구 북항로177번길 68,기화장치,영업,고법
인천 서구,(주)거봉한진,인천광역시 서구 북항로177번길 68,기화장치,영업,액법
인천 서구,(주)거봉한진,인천광역시 서구 북항로177번길 68,긴급차단장치,영업,고법
인천 서구,(주)거봉한진,인천광역시 서구 북항로177번길 68,긴급차단장치,영업,액법
인천 서구,(주)거봉한진,인천광역시 서구 북항로177번길 68,로딩암,영업,고법
인천 서구,(주)거봉한진,인천광역시 서구 북항로177번길 68,로딩암,영업,액법
인천 서구,(주)거봉한진,인천광역시 서구 북항로177번길 68,안전밸브,영업,고법
인천 서구,(주)거봉한진,인천광역시 서구 북항로177번길 68,안전밸브,영업,액법
인천 서구,(주)거봉한진,인천광역시 서구 북항로177번길 68,압력조정기,영업,고법
인천 서구,(주)거봉한진,인천광역시 서구 북항로177번길 68,압력조정기,영업,액법
대구 북구,(주)거산케이앤씨,대구광역시 북구 검단북로2길 9-9,업무용대형연소기,영업,액법
경기 남양주시,(주)거화산업,경기도 남양주시 화도읍 비룡로524번길 12,업무용대형연소기,영업,액법
울산 남구,(주)건호이엔씨,울산광역시 남구 용잠로74번길 48,압력용기,영업,고법
울산 남구,(주)건호이엔씨,울산광역시 남구 용잠로74번길 48,응축기,영업,고법
울산 남구,(주)건호이엔씨,울산광역시 남구 용잠로74번길 48,저장탱크,영업,고법
경기 평택시,(주)경동나비엔,경기도 평택시 경기대로 663,가스렌지,영업,고법
경기 평택시,(주)경동나비엔,경기도 평택시 경기대로 663,가스렌지,영업,액법
경기 평택시,(주)경동나비엔,경기도 평택시 경기대로 663,가스보일러,영업,고법
경기 평택시,(주)경동나비엔,경기도 평택시 경기대로 663,가스보일러,영업,액법
경기 평택시,(주)경동나비엔,경기도 평택시 경기대로 663,가스온수기,영업,고법
경기 평택시,(주)경동나비엔,경기도 평택시 경기대로 663,가스온수기,영업,액법
경기 평택시,(주)경동나비엔,경기도 평택시 산단로121번길 57,가스보일러,영업,액법
경기 평택시,(주)경동나비엔,경기도 평택시 서탄면 수월암길 95,가스렌지,영업,액법
경기 평택시,(주)경동나비엔,경기도 평택시 서탄면 수월암길 95,가스보일러,영업,액법
경기 평택시,(주)경동나비엔,경기도 평택시 서탄면 수월암길 95,가스온수기,영업,액법
경기 평택시,(주)경동에버런,경기도 평택시 경기대로 663,강제혼합식가스버너,영업,액법
경기 화성시,(주)경안써머텍,경기도 화성시 팔탄면 율암리 761-3 ,냉동설비,영업,고법
부산 사상구,(주)경원,부산광역시 사상구 사상로393번길 74 (주)경원,업무용대형연소기,영업,액법
경북 경산시,(주)경한,경상북도 경산시 진량읍 공단8로 58,업무용대형연소기,영업,액법
경기 화성시,(주)고도이엔지,경기도 화성시 정남면 금복길 62-10,실린더캐비넷,영업,고법
인천 남동구,(주)고려특수금속,인천광역시 남동구 남동서로205번길 25,배관용밸브,영업,고법
인천 남동구,(주)고려특수금속,인천광역시 남동구 남동서로205번길 25,배관용밸브,영업,액법
인천 남동구,(주)고려특수금속,인천광역시 남동구 남동서로205번길 25,안전밸브,영업,고법
인천 남동구,(주)고려특수금속,인천광역시 남동구 남동서로205번길 25,안전밸브,영업,액법
울산 울주군,(주)고려프랜트,울산광역시 울주군 온산읍 처용산업1길 76-4,냉동설비,영업,고법
울산 울주군,(주)고려프랜트,울산광역시 울주군 온산읍 처용산업1길 76-4,압력용기,영업,고법
울산 울주군,(주)고려프랜트,울산광역시 울주군 온산읍 처용산업1길 76-4,저장탱크,영업,고법
경남 창원시 진해구,(주)광산에스에이치아이,경상남도 창원시 진해구 신항8로 14,압력용기,영업,고법
경남 창원시 진해구,(주)광산에스에이치아이,경상남도 창원시 진해구 신항8로 14,저장탱크,영업,고법
충남 아산시,(주)귀뚜라미,충청남도 아산시 탕정면 음봉로 850,가스난방기,영업,고법
충남 아산시,(주)귀뚜라미,충청남도 아산시 탕정면 음봉로 850,가스난방기,영업,액법
충남 아산시,(주)귀뚜라미,충청남도 아산시 탕정면 음봉로 850,가스보일러,영업,고법
충남 아산시,(주)귀뚜라미,충청남도 아산시 탕정면 음봉로 850,가스보일러,영업,액법
충남 아산시,(주)귀뚜라미,충청남도 아산시 탕정면 음봉로 850,가스온수기,영업,고법
충남 아산시,(주)귀뚜라미,충청남도 아산시 탕정면 음봉로 850,가스온수기,영업,액법
충남 아산시,(주)귀뚜라미범양냉방,충청남도 아산시 탕정면 음봉로 850 (주)귀뚜라미,냉동설비,영업,고법
경북 청도군,(주)귀뚜라미-청도공장,경상북도 청도군 청도읍 월곡2길 34,가스보일러,영업,고법
경북 청도군,(주)귀뚜라미-청도공장,경상북도 청도군 청도읍 월곡2길 34,가스보일러,영업,액법
인천 서구,(주)그릴랜드,"인천광역시 서구 검단로 85 ,2동",가스그릴,영업,액법
인천 서구,(주)그릴랜드,"인천광역시 서구 검단로 85 ,2동",고압가스,영업,액법
인천 서구,(주)그릴랜드,"인천광역시 서구 검단로 85 ,2동",업무용대형연소기,영업,액법
인천 서구,(주)그릴랜드,"인천광역시 서구 검단로 85 ,2동",이동식부탄연소기,영업,액법
경기 남양주시,(주)극동금속,경기도 남양주시 진접읍 진벌로223번길 32,업무용대형연소기,영업,액법
인천 서구,(주)극동주공,인천광역시 서구 사렴로10번길 30 1동,가스난방기,영업,액법
인천 서구,(주)극동주공,인천광역시 서구 사렴로10번길 30 1동,업무용대형연소기,영업,액법
인천 서구,(주)극동주공,인천광역시 서구 사렴로10번길 30 1동,주물연소기,영업,액법
경기 화성시,(주)글로벌신용,경기도 화성시 서신면 제부로 1043,업무용대형연소기,영업,액법
경기 화성시,(주)글로벌신용,경기도 화성시 서신면 제부로 1043,주물연소기,영업,액법
대구 달서구,(주)금강밸브,대구광역시 달서구 성서동로 193,배관용밸브,영업,고법
대구 달서구,(주)금강밸브,대구광역시 달서구 성서동로 193,배관용밸브,영업,액법
경기 김포시,(주)금성하이텍,경기도 김포시 통진읍 김포대로  2398-28 ,압력용기,영업,고법
광주 광산구,(주)금호조리기,광주광역시 광산구 하남산단7번로 135-16 ,업무용대형연소기,영업,액법
경남 함안군,(주)나비아,경상남도 함안군 칠원읍 동대이길 81,가스난방기,영업,액법
경남 함안군,(주)나비아,경상남도 함안군 칠원읍 동대이길 81,이동식부탄연소기,영업,액법
경기 용인시 처인구,(주)네오테크,경기도 용인시 처인구 모현읍 독점로113번길 15-29,실린더캐비넷,영업,고법
전남 여수시,(주)누리,전라남도 여수시 산단중앙로 77-23,압력용기,영업,고법
전남 여수시,(주)누리,전라남도 여수시 산단중앙로 77-23,저장탱크,영업,고법
경남 창원시 성산구,(주)뉴템즈,경상남도 창원시 성산구 공단로21번길 28,냉동기,영업,고법
경남 창원시 성산구,(주)뉴템즈,경상남도 창원시 성산구 공단로21번길 28,냉동설비,영업,고법
경남 창원시 성산구,(주)뉴템즈,경상남도 창원시 성산구 공단로21번길 28,압력용기,영업,고법
경남 창원시 성산구,(주)뉴템즈,경상남도 창원시 성산구 공단로21번길 28,응축기,영업,고법
경남 창원시 성산구,(주)뉴템즈,경상남도 창원시 성산구 공단로21번길 28,저장탱크,영업,고법
경남 창원시 성산구,(주)뉴템즈,경상남도 창원시 성산구 공단로21번길 28,증발기,영업,고법
경남 함안군,(주)뉴템즈,경상남도 함안군 법수면 황사공단로 25 ,냉동기,영업,고법
경남 함안군,(주)뉴템즈,경상남도 함안군 법수면 황사공단로 25 ,압력용기,영업,고법
경남 함안군,(주)뉴템즈,경상남도 함안군 법수면 황사공단로 25 ,응축기,영업,고법
경남 함안군,(주)뉴템즈,경상남도 함안군 법수면 황사공단로 25 ,저장탱크,영업,고법
경남 함안군,(주)뉴템즈,경상남도 함안군 법수면 황사공단로 25 ,증발기,영업,고법
부산 강서구,(주)다스코,부산광역시 강서구 녹산산단17로78번길 33 (송정동),기화장치,영업,고법
부산 강서구,(주)다스코,부산광역시 강서구 녹산산단17로78번길 33 (송정동),압력용기,영업,고법
부산 강서구,(주)다스코,부산광역시 강서구 녹산산단17로78번길 33 (송정동),저장탱크,영업,고법
경기 시흥시,(주)다임코,경기도 시흥시 공단3대로 263 (시화공단 3바 909),용기용밸브,영업,고법
경기 시흥시,(주)다임코,경기도 시흥시 공단3대로 263 (시화공단 3바 909),용기용밸브,영업,액법
경기 광주시,(주)대가,경기도 광주시 초월읍 무들로8번길 50-20,배관이음관,영업,액법
전남 여수시,(주)대경엠앤아이,전라남도 여수시 여수산단로 241 (월하동) ,압력용기,영업,고법
전남 여수시,(주)대경엠앤아이,전라남도 여수시 여수산단로 241 (월하동) ,저장탱크,영업,고법
울산 울주군,(주)대공,울산광역시 울주군 온산읍 처용산업1길 23 ,압력용기,영업,고법
울산 울주군,(주)대공,울산광역시 울주군 온산읍 처용산업1길 23 ,저장탱크,영업,고법
충남 아산시,(주)대륙제관,충청남도 아산시 영인면 영인로202번길 17,납붙임 및 접합용기,영업,고법
충남 아산시,(주)대륙제관,충청남도 아산시 영인면 영인로202번길 17,납붙임 및 접합용기,영업,액법
충남 아산시,(주)대륙제관,충청남도 아산시 영인면 영인로202번길 17,납붙임 및 접합용기,영업,도법
경기 광주시,(주)대륭,경기도 광주시 초월읍 무들로 252-19,업무용대형연소기,영업,액법
경기 부천시 원미구,(주)대림기계(구진성금속공업),경기도 부천시 원미구 도당동 12-3,업무용대형연소기,영업,액법
부산 강서구,(주)대림기공,부산광역시 강서구 녹산산단381로 64 ,소형탱크,영업,고법
부산 강서구,(주)대림기공,부산광역시 강서구 녹산산단381로 64 ,압력용기,영업,고법
부산 강서구,(주)대림기공,부산광역시 강서구 녹산산단381로 64 ,저장탱크,영업,고법
부산 강서구,(주)대림기공,부산광역시 강서구 녹산산단381로 64 (송정동),소형탱크,영업,고법
부산 강서구,(주)대림기공,부산광역시 강서구 녹산산단381로 64 (송정동),압력용기,영업,고법
부산 강서구,(주)대림기공,부산광역시 강서구 녹산산단381로 64 (송정동),저장탱크,영업,고법
부산 강서구,(주)대림기공,부산광역시 강서구 녹산산단381로 64 (송정동),탱크로리,영업,고법
부산 강서구,(주)대림기공 2공장,부산광역시 강서구 화전산단6로90번길 19 (화전동),소형탱크,영업,고법
부산 강서구,(주)대림기공 2공장,부산광역시 강서구 화전산단6로90번길 19 (화전동),압력용기,영업,고법
부산 강서구,(주)대림기공 2공장,부산광역시 강서구 화전산단6로90번길 19 (화전동),저장탱크,영업,고법
경기 포천시,(주)대명코리아,경기도 포천시 가산면 부흥로 664,업무용대형연소기,영업,액법
경남 창원시 진해구,(주)대성,경상남도 창원시 진해구 남영로527번길 43,압력조정기,영업,고법
경남 창원시 진해구,(주)대성,경상남도 창원시 진해구 남영로527번길 43,압력조정기,영업,액법
경기 광주시,(주)대성종합밸브,경기도 광주시 도척면 도척로765번길 67-16,배관용밸브,영업,액법
경기 시흥시,(주)대성주방,경기도 시흥시 엠티브이28로20번길 18 (정왕동) (주)대성주방,업무용대형연소기,영업,액법
경기 안산시 단원구,(주)대신종합주방기구,"경기도 안산시 단원구 진흥로128번길 20(성곡동,시화공단5라602)",업무용대형연소기,영업,액법
광주 북구,(주)대아주방,광주광역시 북구 하서로216번길 8,업무용대형연소기,영업,액법
경기 광주시,(주)대양에스티,경기도 광주시 순암로 157-7,업무용대형연소기,영업,액법
충남 서산시,(주)대열보일러,충청남도 서산시 지곡면 무장리 1696,강제혼합식가스버너,영업,액법
경기 광주시,(주)대우금속개발,경기도 광주시 초월읍 지월로16번길 33,업무용대형연소기,영업,액법
경남 김해시,(주)대웅씨티,경상남도 김해시 한림면 용덕로23번길 109-12,기화장치,영업,고법
경남 김해시,(주)대웅씨티,경상남도 김해시 한림면 용덕로23번길 109-12,압력용기,영업,고법
경남 김해시,(주)대웅씨티,경상남도 김해시 한림면 용덕로23번길 109-12,저장탱크,영업,고법
경남 김해시,(주)대웅씨티,경상남도 김해시 한림면 용덕로23번길 109-12,탱크로리,영업,고법
부산 강서구,(주)대웅씨티,부산광역시 강서구 미음산단로 136 　,기화장치,영업,고법
부산 강서구,(주)대웅씨티,부산광역시 강서구 미음산단로 136 　,압력용기,영업,고법
부산 강서구,(주)대웅씨티,부산광역시 강서구 미음산단로 136 　,저장탱크,영업,고법
부산 강서구,(주)대웅씨티,부산광역시 강서구 미음산단로 136 　,초저온용기,영업,고법
부산 강서구,(주)대웅씨티,부산광역시 강서구 미음산단로 136 　,탱크로리,영업,고법
경기 김포시,(주)대일기계,경기도 김포시 통진읍 마송2로104번길 166,안전밸브,영업,고법
대구 달서구,(주)대정밸브,"대구광역시 달서구 호산동로 79, 달서대로95길 66",안전밸브,영업,고법
대구 달성군,(주)대주기계 2공장,대구광역시 달성군 유가면 테크노순환로4길 11,냉동설비,영업,고법
대구 달성군,(주)대주기계 2공장,대구광역시 달성군 유가면 테크노순환로4길 11,압력용기,영업,고법
부산 강서구,(주)대창솔루션 화전2공장,부산광역시 강서구 화전산단1로 155,기화장치,영업,고법
부산 강서구,(주)대창솔루션 화전2공장,부산광역시 강서구 화전산단1로 155,기화장치,영업,액법
부산 강서구,(주)대창솔루션 화전2공장,부산광역시 강서구 화전산단1로 155,긴급차단장치,영업,고법
부산 강서구,(주)대창솔루션 화전2공장,부산광역시 강서구 화전산단1로 155,긴급차단장치,영업,액법
부산 강서구,(주)대창솔루션 화전2공장,부산광역시 강서구 화전산단1로 155,배관용밸브,영업,고법
부산 강서구,(주)대창솔루션 화전2공장,부산광역시 강서구 화전산단1로 155,배관용밸브,영업,액법
부산 강서구,(주)대창솔루션 화전2공장,부산광역시 강서구 화전산단1로 155,안전밸브,영업,고법
부산 강서구,(주)대창솔루션 화전2공장,부산광역시 강서구 화전산단1로 155,안전밸브,영업,액법
부산 강서구,(주)대창솔루션 화전2공장,부산광역시 강서구 화전산단1로 155,압력용기,영업,고법
부산 강서구,(주)대창솔루션 화전2공장,부산광역시 강서구 화전산단1로 155,압력용기,영업,액법
부산 강서구,(주)대창솔루션 화전2공장,부산광역시 강서구 화전산단1로 155,용기용밸브,영업,고법
부산 강서구,(주)대창솔루션 화전2공장,부산광역시 강서구 화전산단1로 155,용기용밸브,영업,액법
부산 강서구,(주)대창솔루션 화전2공장,부산광역시 강서구 화전산단1로 155,저장탱크,영업,고법
부산 강서구,(주)대창솔루션 화전2공장,부산광역시 강서구 화전산단1로 155,저장탱크,영업,액법
부산 강서구,(주)대창솔루션 화전2공장,부산광역시 강서구 화전산단1로 155,탱크로리,영업,고법
부산 강서구,(주)대창솔루션 화전2공장,부산광역시 강서구 화전산단1로 155,탱크로리,영업,액법
경기 광주시,(주)대흥머시너리,경기도 광주시 도척면 도척로  750,업무용대형연소기,영업,액법
울산 남구,(주)대흥이엔텍울산지점,울산광역시 남구 용연로195번길 9 (용연동),안전밸브,영업,고법
충남 서산시,(주)대흥정공,충청남도 서산시 성연면 해성산업로 148-16 (주)대흥정공,그밖의용기,영업,고법
충남 서산시,(주)대흥정공,충청남도 서산시 성연면 해성산업로 148-16 (주)대흥정공,그밖의용기,영업,액법
충남 서산시,(주)대흥정공,충청남도 서산시 성연면 해성산업로 148-16 (주)대흥정공,암모니아용기,영업,고법
충남 서산시,(주)대흥정공,충청남도 서산시 성연면 해성산업로 148-16 (주)대흥정공,암모니아용기,영업,액법
충남 서산시,(주)대흥정공,충청남도 서산시 성연면 해성산업로 148-16 (주)대흥정공,자동차용가스주입기,영업,고법
충남 서산시,(주)대흥정공,충청남도 서산시 성연면 해성산업로 148-16 (주)대흥정공,자동차용가스주입기,영업,액법
충남 서산시,(주)대흥정공,충청남도 서산시 성연면 해성산업로 148-16 (주)대흥정공,프레온용기,영업,고법
충남 서산시,(주)대흥정공,충청남도 서산시 성연면 해성산업로 148-16 (주)대흥정공,프레온용기,영업,액법
충남 서산시,(주)대흥정공,충청남도 서산시 성연면 해성산업로 148-16 (주)대흥정공,호스,영업,고법
충남 서산시,(주)대흥정공,충청남도 서산시 성연면 해성산업로 148-16 (주)대흥정공,호스,영업,액법
경기 포천시,(주)대흥쿨러,경기도 포천시 내촌면 금강로2018번길 41-24,냉동설비,영업,고법
경기 포천시,(주)대흥쿨러,경기도 포천시 내촌면 금강로2018번길 41-24,압력용기,영업,고법
경기 포천시,(주)대흥쿨러,경기도 포천시 내촌면 금강로2018번길 41-24,저장탱크,영업,고법
전남 곡성군,(주)더블유원,전라남도 곡성군 석곡면 연반농공길 9,LPG용기,영업,고법
전남 곡성군,(주)더블유원,전라남도 곡성군 석곡면 연반농공길 9,LPG용기,영업,액법
인천 남동구,(주)더존그릴로,인천광역시 남동구 남동동로63번길 41 (고잔동) ,이동식부탄연소기,영업,액법
대구 북구,(주)덕산코트랜,대구광역시 북구 검단북로 74  ,냉동기,영업,고법
대구 북구,(주)덕산코트랜,대구광역시 북구 검단북로 74  ,응축기,영업,고법
대구 북구,(주)덕산코트랜,대구광역시 북구 검단북로 74  ,증발기,영업,고법
대구 달성군,(주)덕산코트랜 성서공장,대구광역시 달성군 다사읍 세천로4길 15,냉동기,영업,고법
대구 달성군,(주)덕산코트랜 성서공장,대구광역시 달성군 다사읍 세천로4길 15,응축기,영업,고법
대구 달성군,(주)덕산코트랜 성서공장,대구광역시 달성군 다사읍 세천로4길 15,증발기,영업,고법
대구 서구,(주)덕성기업,대구광역시 서구 장산로 300,콕크,영업,액법
대구 서구,(주)덕성기업,대구광역시 서구 장산로 300,호스,영업,액법
경기 광명시,(주)도전과기술,경기도 광명시 원노온사로 20,업무용대형연소기,영업,액법
전북 군산시,(주)돈트써멀솔루션,전북특별자치도 군산시 산단남북로 31 (오식도동) ,압력용기,영업,고법
충남 아산시,(주)동광보일러,충청남도 아산시 수장로 67 (배미동) ,가스보일러,영업,액법
충남 아산시,(주)동광보일러,충청남도 아산시 수장로 67 (배미동) ,강제혼합식가스버너,영업,액법
경기 김포시,(주)동양엔지니어링,경기도 김포시 대곶면 대곶북로403번길 49-35,안전밸브,영업,고법
경기 화성시,(주)동일기연,경기도 화성시 하나문길 17,냉동설비,영업,고법
경기 화성시,(주)동일기연,경기도 화성시 하나문길 17,압력용기,영업,고법
경남 고성군,(주)동진크로텍,경상남도 고성군 고성읍 대독산업로 83-12,압력용기,영업,고법
경남 고성군,(주)동진크로텍,경상남도 고성군 고성읍 대독산업로 83-12,저장탱크,영업,고법
경남 고성군,(주)동진테크윈,경상남도 고성군 고성읍 대독산업로 83-12,압력용기,영업,고법
경남 고성군,(주)동진테크윈,경상남도 고성군 고성읍 대독산업로 83-12,저장탱크,영업,고법
부산 강서구,(주)동화뉴텍,부산광역시 강서구 미음산단로8번길 75 (구랑동),압력용기,영업,고법
부산 강서구,(주)동화뉴텍,부산광역시 강서구 미음산단로8번길 75 (구랑동),응축기,영업,고법
부산 강서구,(주)동화뉴텍,부산광역시 강서구 미음산단로8번길 75 (구랑동),저장탱크,영업,고법
부산 강서구,(주)동화뉴텍,부산광역시 강서구 미음산단로8번길 75 (구랑동),증발기,영업,고법
부산 강서구,(주)동화엔텍,부산광역시 강서구 과학산단로305번길 7 (지사동),압력용기,영업,고법
부산 강서구,(주)동화엔텍,부산광역시 강서구 녹산산단261로 7 (송정동),기화장치,영업,고법
부산 강서구,(주)동화엔텍,부산광역시 강서구 녹산산단261로 7 (송정동),압력용기,영업,고법
부산 강서구,(주)동화엔텍,부산광역시 강서구 녹산산단261로 7 (송정동),응축기,영업,고법
부산 강서구,(주)동화엔텍,부산광역시 강서구 녹산산단261로 7 (송정동),저장탱크,영업,고법
부산 강서구,(주)동화엔텍,부산광역시 강서구 녹산산단261로 7 (송정동),증발기,영업,고법
부산 강서구,(주)동화엔텍,부산광역시 강서구 화전산단1로63번길 20 (화전동),기화장치,영업,고법
부산 강서구,(주)동화엔텍,부산광역시 강서구 화전산단1로63번길 20 (화전동),압력용기,영업,고법
경기 김포시,(주)두본후렉시블,경기도 김포시 양촌읍 황금4로 117,호스,영업,액법
부산 강서구,(주)두영빌리프,부산광역시 강서구 금호순서길 69-10 (대저2동),업무용대형연소기,영업,액법
울산 남구,(주)드림엔지니어링,울산광역시 남구 처용로 790,압력용기,영업,고법
울산 남구,(주)드림엔지니어링,울산광역시 남구 처용로 790,저장탱크,영업,고법
울산 울주군,(주)드림엔지니어링제2공장,울산광역시 울주군 온산읍 처용산업3길 30-37,압력용기,영업,고법
울산 울주군,(주)드림엔지니어링제2공장,울산광역시 울주군 온산읍 처용산업3길 30-37,저장탱크,영업,고법
전남 광양시,(주)디더블유머티리얼즈,전라남도 광양시 광양읍 초남2공단길 8,기화장치,영업,고법
전남 광양시,(주)디더블유머티리얼즈,전라남도 광양시 광양읍 초남2공단길 8,압력용기,영업,고법
전남 광양시,(주)디더블유머티리얼즈,전라남도 광양시 광양읍 초남2공단길 8,저장탱크,영업,고법
경기 김포시,(주)디비포쎄,경기도 김포시 대곶면 대곶로 401,업무용대형연소기,영업,액법
전북 김제시,(주)디에이치오토넥스,전북특별자치도 김제시 용지면 용지로 55 ,LPG용기,영업,고법
경남 사천시,(주)디엘에이치아이,경상남도 사천시 사남면 외국기업로 152-21,압력용기,영업,고법
경기 평택시,(주)디엠,경기도 평택시 서탄로 470-20,실린더캐비넷,영업,고법
전북 군산시,(주)디티에스,전북특별자치도 군산시 자유무역2길 45 (오식도동) ,압력용기,영업,고법
부산 강서구,(주)런텍,부산광역시 강서구 미음산단4로 6 (미음동) ,압력용기,영업,고법
부산 강서구,(주)런텍,부산광역시 강서구 미음산단4로 6 (미음동) ,저장탱크,영업,고법
경기 양주시,(주)레스콘,경기도 양주시 평화로1429번길 89-28,업무용대형연소기,영업,액법
경기 광주시,(주)레파엔지니어링,경기도 광주시 곤지암읍 독고개길 163-14,냉동기,영업,고법
부산 강서구,(주)로커스,부산광역시 강서구 녹산산단261로74번길 41 B동 1호(송정동),독성가스배관용밸브,영업,고법
충북 충주시,(주)로페,충청북도 충주시 수안보면 새재로 1860,이음매없는용기,영업,고법
경기 김포시,(주)리즈코포레이션,경기도 김포시 대곶면 용두로 28,압력용기,영업,고법
인천 남동구,(주)마스테코인천공장,인천광역시 남동구 앵고개로490번길 173 (146B-13L),가스누출자동차단장치,영업,고법
인천 남동구,(주)마스테코인천공장,인천광역시 남동구 앵고개로490번길 173 (146B-13L),가스누출자동차단장치,영업,액법
인천 남동구,(주)마스테코인천공장,인천광역시 남동구 앵고개로490번길 173 (146B-13L),그밖의용기,영업,고법
인천 남동구,(주)마스테코인천공장,인천광역시 남동구 앵고개로490번길 173 (146B-13L),그밖의용기,영업,액법
인천 남동구,(주)마스테코인천공장,인천광역시 남동구 앵고개로490번길 173 (146B-13L),용기용밸브,영업,고법
인천 남동구,(주)마스테코인천공장,인천광역시 남동구 앵고개로490번길 173 (146B-13L),용기용밸브,영업,액법
부산 강서구,(주)마이텍,부산광역시 강서구 미음산단4로 33 (미음동),기화장치,영업,고법
부산 강서구,(주)마이텍,부산광역시 강서구 미음산단4로 33 (미음동),압력용기,영업,고법
부산 강서구,(주)마이텍,부산광역시 강서구 미음산단4로 33 (미음동),저장탱크,영업,고법
충남 예산군,(주)말타니메탈,충청남도 예산군 응봉면 응봉로 121-2,이음매없는용기,영업,고법
경남 창원시 마산합포구,(주)매일마린 창원공장지점,경상남도 창원시 마산합포구 가포신항중앙로 50(가포동),기화장치,영업,고법
경남 창원시 마산합포구,(주)매일마린 창원공장지점,경상남도 창원시 마산합포구 가포신항중앙로 50(가포동),압력용기,영업,고법
울산 울주군,(주)메츠,울산광역시 울주군 청량읍 처용산업4길 14-16,압력용기,영업,고법
울산 울주군,(주)메츠,울산광역시 울주군 청량읍 처용산업4길 14-16,저장탱크,영업,고법
충남 당진시,(주)명정플랜트,충청남도 당진시 석문면 산단3로7길 40,압력용기,영업,고법
충남 당진시,(주)명정플랜트,충청남도 당진시 석문면 산단3로7길 40,저장탱크,영업,고법
대구 달서구,(주)모토닉대구공장,대구광역시 달서구 달서대로 530,압력조정기,영업,고법
대구 달서구,(주)모토닉대구공장,대구광역시 달서구 달서대로 530,압력조정기,영업,액법
대구 달서구,(주)모토닉대구공장,대구광역시 달서구 달서대로 530,용기용밸브,영업,고법
대구 달서구,(주)모토닉대구공장,대구광역시 달서구 달서대로 530,용기용밸브,영업,액법
충남 당진시,(주)무유플랜트,충청남도 당진시 송악읍 부곡공단4길 53-39,냉동설비,영업,고법
충남 당진시,(주)무유플랜트,충청남도 당진시 송악읍 부곡공단4길 53-39,압력용기,영업,고법
충남 당진시,(주)무유플랜트,충청남도 당진시 송악읍 부곡공단4길 53-39,응축기,영업,고법
충남 당진시,(주)무유플랜트,충청남도 당진시 송악읍 부곡공단4길 53-39,저장탱크,영업,고법
충남 당진시,(주)무유플랜트,충청남도 당진시 송악읍 부곡공단4길 53-39,증발기,영업,고법
경기 동두천시,(주)미동이엔지,경기도 동두천시 강변로850번길 136,업무용대형연소기,영업,액법
대구 북구,(주)미래에너지,"대구광역시 북구 검단동로 45, 1동",냉동기,영업,고법
대구 북구,(주)미래에너지,"대구광역시 북구 검단동로 45, 1동",응축기,영업,고법
대구 북구,(주)미래에너지,"대구광역시 북구 검단동로 45, 1동",증발기,영업,고법
경기 안산시 단원구,(주)미리코,경기도 안산시 단원구 동산로 30 (주)중앙일보사빌딩 9층,가스누출자동차단장치,영업,액법
경기 안산시 단원구,(주)미성가스이엔지,"경기도 안산시 단원구 성곡로 176 (성곡동,타원타크라지식산업센타제가동304호)",실린더캐비넷,영업,고법
인천 남동구,(주)미코하이테크,인천광역시 남동구 능허대로 686 (고잔동) 남동공단148B-15L,압력용기,영업,고법
인천 남동구,(주)바이텍,인천광역시 남동구 고잔로21번길 20-4,가스누출자동차단장치,영업,액법
인천 남동구,(주)바이텍,인천광역시 남동구 고잔로21번길 20-4,콕크,영업,액법
충남 아산시,(주)발맥스기술,충청남도 아산시 둔포면 아산밸리로387번길 10,압력용기,영업,고법
충남 아산시,(주)발맥스기술,충청남도 아산시 둔포면 아산밸리로387번길 10,저장탱크,영업,고법
경기 포천시,(주)백건이앤씨,"경기도 포천시 자작로 149, 가동일부(자작동)",가스누출자동차단장치,영업,액법
경기 포천시,(주)백건이앤씨,"경기도 포천시 자작로 149, 가동일부(자작동)",콕크,영업,액법
경기 광명시,(주)범양써머텍,경기도 광명시 하안로 60 광명테크노파크 E동104호,강제혼합식가스버너,영업,액법
전남 여수시,(주)베스코,전라남도 여수시 소라면 주삼덕양로 60-2,압력용기,영업,고법
전남 여수시,(주)베스코,전라남도 여수시 소라면 주삼덕양로 60-2,저장탱크,영업,고법
경기 화성시,(주)보광씨티,경기도 화성시 향남읍 발안공단로4길 74,배관용밸브,영업,액법
경기 용인시 처인구,(주)보성,경기도 용인시 처인구 남사면 천덕산로74번길 40,가스렌지,영업,액법
경기 용인시 처인구,(주)보성,경기도 용인시 처인구 남사면 천덕산로74번길 40,이동식부탄연소기,영업,액법
경기 부천시 원미구,(주)보성이엔지,경기도 부천시 원미구 옥산로 218,기화장치,영업,고법
경기 부천시 원미구,(주)보성이엔지,경기도 부천시 원미구 옥산로 218,기화장치,영업,액법
경기 부천시 원미구,(주)보성이엔지,경기도 부천시 원미구 옥산로 218,안전밸브,영업,고법
경기 부천시 원미구,(주)보성이엔지,경기도 부천시 원미구 옥산로 218,안전밸브,영업,액법
경기 부천시 원미구,(주)보성이엔지,경기도 부천시 원미구 옥산로 218,자동차용가스주입기,영업,고법
경기 부천시 원미구,(주)보성이엔지,경기도 부천시 원미구 옥산로 218,자동차용가스주입기,영업,액법
부산 강서구,(주)부산인텍부산금망,부산광역시 강서구 녹산산업북로313번길 48,압력용기,영업,고법
부산 강서구,(주)부산인텍부산금망,부산광역시 강서구 녹산산업북로313번길 48,저장탱크,영업,고법
인천 남동구,(주)부성,인천광역시 남동구 남동대로155번길 65 (고잔동) ,냉동설비,영업,고법
인천 남동구,(주)부성,인천광역시 남동구 남동대로155번길 65 (고잔동) ,냉동설비,영업,액법
인천 남동구,(주)부성,인천광역시 남동구 남동대로155번길 65 (고잔동) ,응축기,영업,고법
인천 남동구,(주)부성,인천광역시 남동구 남동대로155번길 65 (고잔동) ,응축기,영업,액법
인천 남동구,(주)부성,인천광역시 남동구 남동대로155번길 65 (고잔동) ,증발기,영업,고법
인천 남동구,(주)부성,인천광역시 남동구 남동대로155번길 65 (고잔동) ,증발기,영업,액법
충북 진천군,(주)부-스타,충청북도 진천군 이월면 고등2길 18,가스보일러,영업,고법
충북 진천군,(주)부-스타,충청북도 진천군 이월면 고등2길 18,가스보일러,영업,액법
충북 진천군,(주)부-스타,충청북도 진천군 이월면 고등2길 18,강제혼합식가스버너,영업,고법
충북 진천군,(주)부-스타,충청북도 진천군 이월면 고등2길 18,강제혼합식가스버너,영업,액법
충북 진천군,(주)부-스타,충청북도 진천군 이월면 고등2길 18,냉동기,영업,고법
충북 진천군,(주)부-스타,충청북도 진천군 이월면 고등2길 18,냉동기,영업,액법
충북 진천군,(주)부-스타,충청북도 진천군 이월면 고등2길 18,압력용기,영업,고법
충북 진천군,(주)부-스타,충청북도 진천군 이월면 고등2길 18,압력용기,영업,액법
충북 진천군,(주)부-스타,충청북도 진천군 이월면 고등2길 18,증발기,영업,고법
충북 진천군,(주)부-스타,충청북도 진천군 이월면 고등2길 18,증발기,영업,액법
경기 안산시 단원구,(주)부영엔지니어링,경기도 안산시 단원구 엠티브이4로48번길 13 A동,압력용기,영업,고법
충북 음성군,(주)부영이엔지,충청북도 음성군 삼성면 청용로262번길 69,소형탱크,영업,고법
충북 음성군,(주)부영이엔지,충청북도 음성군 삼성면 청용로262번길 69,압력용기,영업,고법
부산 기장군,(주)비엠티,부산광역시 기장군 장안읍 신소재산단2로 17 ,독성가스배관용밸브,영업,고법
부산 기장군,(주)비엠티,부산광역시 기장군 장안읍 신소재산단2로 17 ,독성가스배관용밸브,영업,액법
부산 기장군,(주)비엠티,부산광역시 기장군 장안읍 신소재산단2로 17 ,배관용밸브,영업,고법
부산 기장군,(주)비엠티,부산광역시 기장군 장안읍 신소재산단2로 17 ,배관용밸브,영업,액법
부산 기장군,(주)비엠티,부산광역시 기장군 장안읍 신소재산단2로 17 ,안전밸브,영업,고법
부산 기장군,(주)비엠티,부산광역시 기장군 장안읍 신소재산단2로 17 ,안전밸브,영업,액법
충남 당진시,(주)삼경이엔씨,충청남도 당진시 순성면 틀모시로 209-49,응축기,영업,고법
충남 당진시,(주)삼경이엔씨,충청남도 당진시 순성면 틀모시로 209-49,증발기,영업,고법
경북 성주군,(주)삼성정공,경상북도 성주군 성주읍 성주산업단지로1길 90,긴급차단장치,영업,고법
경북 성주군,(주)삼성정공,경상북도 성주군 성주읍 성주산업단지로1길 90,긴급차단장치,영업,액법
경북 성주군,(주)삼성정공,경상북도 성주군 성주읍 성주산업단지로1길 90,독성가스배관용밸브,영업,고법
경북 성주군,(주)삼성정공,경상북도 성주군 성주읍 성주산업단지로1길 90,독성가스배관용밸브,영업,액법
경북 성주군,(주)삼성정공,경상북도 성주군 성주읍 성주산업단지로1길 90,배관용밸브,영업,고법
경북 성주군,(주)삼성정공,경상북도 성주군 성주읍 성주산업단지로1길 90,배관용밸브,영업,액법
충남 천안시 서북구,(주)삼신,충청남도 천안시 서북구 입장면 성진로 1138-11,긴급차단장치,영업,고법
충남 천안시 서북구,(주)삼신,충청남도 천안시 서북구 입장면 성진로 1138-11,긴급차단장치,영업,액법
충남 천안시 서북구,(주)삼신,충청남도 천안시 서북구 입장면 성진로 1138-11,배관용밸브,영업,고법
충남 천안시 서북구,(주)삼신,충청남도 천안시 서북구 입장면 성진로 1138-11,배관용밸브,영업,액법
충남 천안시 서북구,(주)삼신,충청남도 천안시 서북구 입장면 성진로 1138-11,안전밸브,영업,고법
충남 천안시 서북구,(주)삼신,충청남도 천안시 서북구 입장면 성진로 1138-11,안전밸브,영업,액법
충남 천안시 서북구,(주)삼신,충청남도 천안시 서북구 입장면 성진로 1138-11,압력용기,영업,고법
충남 천안시 서북구,(주)삼신,충청남도 천안시 서북구 입장면 성진로 1138-11,압력용기,영업,액법
인천 강화군,(주)삼원가스앤플랜트,인천광역시 강화군 강화읍 강화산단로 85 ,배관이음관,영업,액법
대전 대덕구,(주)삼진정밀(삼진JMC사업부),대전광역시 대덕구 대화로52번길 20,긴급차단장치,영업,고법
대전 대덕구,(주)삼진정밀(삼진JMC사업부),대전광역시 대덕구 대화로52번길 20,긴급차단장치,영업,액법
대전 대덕구,(주)삼진정밀(삼진JMC사업부),대전광역시 대덕구 대화로52번길 20,독성가스배관용밸브,영업,고법
대전 대덕구,(주)삼진정밀(삼진JMC사업부),대전광역시 대덕구 대화로52번길 20,독성가스배관용밸브,영업,액법
대전 대덕구,(주)삼진정밀(삼진JMC사업부),대전광역시 대덕구 대화로52번길 20,배관용밸브,영업,고법
대전 대덕구,(주)삼진정밀(삼진JMC사업부),대전광역시 대덕구 대화로52번길 20,배관용밸브,영업,액법
경남 창원시 마산합포구,(주)삼홍기계,경상남도 창원시 마산합포구 진북면 산단2길 52 (신촌리),압력용기,영업,고법
경남 창원시 마산합포구,(주)삼홍기계,경상남도 창원시 마산합포구 진북면 산단2길 52 (신촌리),저장탱크,영업,고법
인천 남동구,(주)삼화제작소,인천광역시 남동구 남동동로 159 (주)삼화제작소,압력용기,영업,고법
충남 당진시,(주)서울산업기술,충청남도 당진시 고대면 고대로 884,압력용기,영업,고법
충남 당진시,(주)서울산업기술,충청남도 당진시 고대면 고대로 884,저장탱크,영업,고법
부산 강서구,(주)서흥테크,부산광역시 강서구 제도로1041번길 320 (강동동),기화장치,영업,고법
부산 강서구,(주)서흥테크,부산광역시 강서구 제도로1041번길 320 (강동동),기화장치,영업,액법
부산 강서구,(주)서흥테크,부산광역시 강서구 제도로1041번길 320 (강동동),긴급차단장치,영업,고법
부산 강서구,(주)서흥테크,부산광역시 강서구 제도로1041번길 320 (강동동),긴급차단장치,영업,액법
대전 유성구,(주)선영시스텍,대전광역시 유성구 테크노5로 43-11,압력용기,영업,고법
경기 안산시 단원구,(주)선일금속,"경기도 안산시 단원구 진흥로128번길 20(성곡동,시화공단5라 602호)",업무용대형연소기,영업,액법
경기 포천시,(주)성림에너지,경기도 포천시 호국로1145번길 129,업무용대형연소기,영업,액법
충남 당진시,(주)성산기업,충청남도 당진시 면천면 옥수로 244 (주)성산기업,기화장치,영업,고법
충남 당진시,(주)성산기업,충청남도 당진시 면천면 옥수로 244 (주)성산기업,압력용기,영업,고법
충남 당진시,(주)성산기업,충청남도 당진시 면천면 옥수로 244 (주)성산기업,저장탱크,영업,고법
부산 강서구,(주)성원기업,부산광역시 강서구 가리새2로13번길 27 (생곡동) ,압력용기,영업,고법
부산 강서구,(주)성원기업,부산광역시 강서구 가리새2로13번길 27 (생곡동) ,저장탱크,영업,고법
전북 군산시,(주)성현,전북특별자치도 군산시 자유무역2길 31 (오식도동) ,소형탱크,영업,고법
전북 군산시,(주)성현,전북특별자치도 군산시 자유무역2길 31 (오식도동) ,압력용기,영업,고법
전북 군산시,(주)성현,전북특별자치도 군산시 자유무역2길 31 (오식도동) ,저장탱크,영업,고법
전북 군산시,(주)성현,전북특별자치도 군산시 자유무역2길 31 (오식도동) ,탱크로리,영업,고법
경기 안양시 동안구,(주)성화에프앤디,경기도 안양시 동안구 엘에스로116번길 25-32 (호계동) 비 121호,가스누출자동차단장치,영업,액법
경기 김포시,(주)세광,경기도 김포시 양촌읍 황금로127번길  106 ,압력용기,영업,고법
경기 부천시 오정구,(주)세기,경기도 부천시 오정구 오정로39번길 24-17,응축기,영업,고법
인천 서구,(주)세안,인천광역시 서구 길주로44번길 24,납붙임 및 접합용기,영업,고법
충북 음성군,(주)세안,충청북도 음성군 원남면 원남산단1길 50,납붙임 및 접합용기,영업,고법
경기 시흥시,(주)세양기업,경기도 시흥시 공단1대로79번길  31 (주)세양기업 ,압력용기,영업,고법
경기 평택시,(주)세원기연,경기도 평택시 세교산단로 51,냉동기,영업,고법
경기 평택시,(주)세원기연,경기도 평택시 세교산단로 51,냉동기,영업,액법
경기 평택시,(주)세원기연,경기도 평택시 세교산단로 51,응축기,영업,고법
경기 평택시,(주)세원기연,경기도 평택시 세교산단로 51,응축기,영업,액법
경기 의왕시,(주)세이프퀴슬,"경기도 의왕시 오봉산단3로 25, 1동 507~509호",콕크,영업,액법
경기 부천시 오정구,(주)세이프텍,"경기도 부천시 석천로 397,101동1007호,1008호(부천테크노파크쌍용3차)",콕크,영업,액법
울산 울주군,(주)세종테크,울산광역시 울주군 온양읍 원동3길 31,압력용기,영업,고법
울산 울주군,(주)세종테크,울산광역시 울주군 온양읍 원동3길 31,저장탱크,영업,고법
울산 울주군,(주)세진중공업-5공장,울산광역시 울주군 온산읍 당월로 216-18,압력용기,영업,고법
울산 울주군,(주)세진중공업-5공장,울산광역시 울주군 온산읍 당월로 216-18,저장탱크,영업,고법
경남 양산시,(주)세진큐앤텍,경상남도 양산시 어곡공단1길 142,호스,영업,액법
경기 화성시,(주)세창엠아이,경기도 화성시 팔탄면 온천로 76-16 ,암모니아용기,영업,고법
경기 화성시,(주)세창엠아이,경기도 화성시 팔탄면 온천로 76-16 ,압력용기,영업,고법
경기 화성시,(주)세창엠아이,경기도 화성시 팔탄면 온천로 76-16 ,저장탱크,영업,고법
경기 안성시,(주)세화테크놀로지,경기도 안성시 원곡면 원암로 250-4 ,실린더캐비넷,영업,고법
충남 아산시,(주)센추리아산공장,충청남도 아산시 탕정면 음봉로 850 (주)귀뚜라미 센추리,냉동기,영업,고법
충남 아산시,(주)센추리아산공장,충청남도 아산시 탕정면 음봉로 850 (주)귀뚜라미 센추리,냉동기,영업,액법
충남 아산시,(주)센추리아산공장,충청남도 아산시 탕정면 음봉로 850 (주)귀뚜라미 센추리,냉동설비,영업,고법
충남 아산시,(주)센추리아산공장,충청남도 아산시 탕정면 음봉로 850 (주)귀뚜라미 센추리,냉동설비,영업,액법
경기 김포시,(주)셀덤,경기도 김포시 대곶면 대곶로 401-2,업무용대형연소기,영업,액법
경기 화성시,(주)셀트론,경기도 화성시 정남면 신백길 102-3,실린더캐비넷,영업,고법
경기 김포시,(주)송산피엔이,경기도 김포시 하성면 하성로 377-31 ,압력용기,영업,고법
경기 광주시,(주)수국,경기도 광주시 고불로279번길 40,강제혼합식가스버너,영업,액법
경기 이천시,(주)수국,경기도 이천시 신둔면 원적로290번길 107,가스난방기,영업,액법
경기 이천시,(주)수국,경기도 이천시 신둔면 원적로290번길 107,강제혼합식가스버너,영업,액법
경기 안성시,(주)수림테크,경기도 안성시 미양면 강덕1길 44,긴급차단장치,영업,고법
경기 안성시,(주)수림테크,경기도 안성시 미양면 강덕1길 44,안전밸브,영업,고법
경기 광주시,(주)수산홈텍,경기도 광주시 삼지곡길 87 (삼동),가스누출자동차단장치,영업,액법
울산 울주군,(주)스윅,울산광역시 울주군 온산읍 원산리 919-1,압력용기,영업,고법
울산 울주군,(주)스윅,울산광역시 울주군 온산읍 원산리 919-1,저장탱크,영업,고법
충남 천안시 서북구,(주)승일,충청남도 천안시 서북구 직산읍 4산단1길 10,납붙임 및 접합용기,영업,고법
전남 여수시,(주)승진엔지니어링,전라남도 여수시 소라면 덕양로 251,압력용기,영업,고법
전남 여수시,(주)승진엔지니어링,전라남도 여수시 소라면 덕양로 251,저장탱크,영업,고법
경기 부천시 오정구,(주)시스피아기연,경기도 부천시 오정구 산업로 11 3층,업무용대형연소기,영업,액법
경기 김포시,(주)신성금속,경기도 김포시 월곶면 군하로 230 ,호스,영업,액법
충남 아산시,(주)신성엔지니어링,충청남도 아산시 탕정면 음봉로 850 (주)신성엔지니어링,냉동기,영업,고법
충남 아산시,(주)신성엔지니어링,충청남도 아산시 탕정면 음봉로 850 (주)신성엔지니어링,냉동기,영업,액법
충남 아산시,(주)신성엔지니어링,충청남도 아산시 탕정면 음봉로 850 (주)신성엔지니어링,냉동설비,영업,고법
충남 아산시,(주)신성엔지니어링,충청남도 아산시 탕정면 음봉로 850 (주)신성엔지니어링,냉동설비,영업,액법
경기 화성시,(주)신아금속플렉시블,경기도 화성시 봉담읍 덕우공단2길 48,호스,영업,액법
경기 의왕시,(주)신용산업,경기도 의왕시 오봉산단2로 21,업무용대형연소기,영업,액법
경기 화성시,(주)신우전자,경기도 화성시 장안면 3.1만세로281번길 144-6 ,가스누출자동차단장치,영업,액법
전북 김제시,(주)신일기업,전북특별자치도 김제시 용마로 10 (난봉동) ,배관이음관,영업,액법
경기 양주시,(주)신조로스타,경기도 양주시 율정로199번길 96-28,가스그릴,영업,액법
경기 양주시,(주)신조로스타,경기도 양주시 율정로199번길 96-28,가스렌지,영업,액법
경기 양주시,(주)신조로스타,경기도 양주시 율정로199번길 96-28,기타연소기,영업,액법
경기 김포시,(주)신진마스타,경기도 김포시 대곶면 산자뫼로 24 ,업무용대형연소기,영업,액법
울산 울주군,(주)신화엠텍,울산광역시 울주군 청량읍 처용산업3길 45,압력용기,영업,고법
울산 울주군,(주)신화엠텍,울산광역시 울주군 청량읍 처용산업3길 45,저장탱크,영업,고법
충남 금산군,(주)신화정밀,충청남도 금산군 부리면 창평1길 27 ,고압가스,영업,액법
충남 금산군,(주)신화정밀,충청남도 금산군 부리면 창평1길 27 ,이동식부탄연소기,영업,액법
충남 금산군,(주)썬터치,충청남도 금산군 복수면 용천로 867,이동식부탄연소기,영업,액법
경남 김해시,(주)썬프리시즌,경상남도 김해시 대동면 대동산단6로 181 ,안전밸브,영업,고법
경기 화성시,(주)씨브이,경기도 화성시 동탄면 동탄산단7길 116,압력용기,영업,고법
경기 화성시,(주)씨브이,경기도 화성시 동탄면 동탄산단7길 116,저장탱크,영업,고법
경기 안성시,(주)씨스코,경기도 안성시 미양면 개정산업단지1로 52,강제혼합식가스버너,영업,고법
경기 안성시,(주)씨스코,경기도 안성시 미양면 개정산업단지1로 52,강제혼합식가스버너,영업,액법
경기 양주시,(주)아라텍,경기도 양주시 은현면 용암로161번길 105 1층,업무용대형연소기,영업,액법
경기 화성시,(주)아론,경기도 화성시 남양읍 현대기아로 466-32,실린더캐비넷,영업,고법
경기 오산시,(주)아리온테크,경기도 오산시 독산성로362번길 6-16,실린더캐비넷,영업,고법
경기 안산시 단원구,(주)아산엔지니어링,경기도 안산시 단원구 정왕천동로 40 (주)아산엔지니어링,안전밸브,영업,고법
경기 김포시,(주)아시안룩스,경기도 김포시 대곶면 학의동로 43 ,업무용대형연소기,영업,액법
충남 서산시,(주)아이티에스,충청남도 서산시 성연면 성연4로 101-56 2층,압력용기,영업,고법
충남 서산시,(주)아이티에스,충청남도 서산시 성연면 성연4로 101-56 2층,저장탱크,영업,고법
울산 울주군,(주)아이플랜트,울산광역시 울주군 청량면 처용산업3길 156,압력용기,영업,고법
대구 북구,(주)아진이에스알,대구광역시 북구 검단로27길 61,냉동기,영업,고법
경기 화성시,(주)아큐스,경기도 화성시 동탄면 동탄산단2길 46,기화장치,영업,고법
경기 화성시,(주)아텍,경기도 화성시 봉담읍 쇠틀길 30-1,실린더캐비넷,영업,고법
울산 남구,(주)아폴로,울산광역시 남구 처용로487번길 22,긴급차단장치,영업,고법
경기 화성시,(주)알토엔대우,경기도 화성시 동탄산단9길 23-7,가스보일러,영업,액법
경기 화성시,(주)알토엔대우,경기도 화성시 동탄산단9길 23-7,가스온수기,영업,액법
부산 강서구,(주)앤써,부산광역시 강서구 가리새2로 7 (생곡동),기화장치,영업,고법
부산 강서구,(주)앤써,부산광역시 강서구 가리새2로 7 (생곡동),압력용기,영업,고법
대구 동구,(주)야성,대구광역시 동구 안심로65길 5,호스,영업,액법
경기 고양시 덕양구,(주)억조조리기기,경기도 고양시 덕양구 통일로 1161-42,업무용대형연소기,영업,액법
경기 시흥시,(주)에너텍,경기도 시흥시 공단2대로 31,업무용대형연소기,영업,액법
충남 서산시,(주)에스씨티,충청남도 서산시 대산읍 평신1로 493-40 ,압력용기,영업,고법
충남 서산시,(주)에스씨티,충청남도 서산시 대산읍 평신1로 493-40 ,저장탱크,영업,고법
충북 청주시 서원구,(주)에스씨티,충청북도 청주시 서원구 남이면 척산길 7-44,압력용기,영업,고법
충북 청주시 서원구,(주)에스씨티,충청북도 청주시 서원구 남이면 척산길 7-44,저장탱크,영업,고법
경북 성주군,(주)에스에이치,"경상북도 성주군 월항면 유월공단길 58,60",그밖의용기,영업,고법
경북 성주군,(주)에스에이치,"경상북도 성주군 월항면 유월공단길 58,60",소형탱크,영업,고법
대구 달서구,(주)에스와이티컴퍼니,대구광역시 달서구 성서공단북로 231 (신당동) ,압력용기,영업,고법
경기 화성시,(주)에스파이어텍,경기도 화성시 장안면 석포로 236-7,업무용대형연소기,영업,액법
전북 군산시,(주)에쎈테크,전북특별자치도 군산시 자유무역2길 15 (오식도동),배관용밸브,영업,고법
전북 군산시,(주)에쎈테크,전북특별자치도 군산시 자유무역2길 15 (오식도동),배관용밸브,영업,액법
전북 군산시,(주)에쎈테크,전북특별자치도 군산시 자유무역2길 15 (오식도동),용기용밸브,영업,고법
전북 군산시,(주)에쎈테크,전북특별자치도 군산시 자유무역2길 15 (오식도동),용기용밸브,영업,액법
경기 김포시,(주)에쓰브이씨(SVC),경기도 김포시 승가로58번길 57,긴급차단장치,영업,고법
경기 김포시,(주)에쓰브이씨(SVC),경기도 김포시 승가로58번길 57,안전밸브,영업,고법
경기 안산시 단원구,(주)에이원,경기도 안산시 단원구 정왕천동로 184 (성곡동) ,압력용기,영업,고법
경기 안산시 단원구,(주)에이원,경기도 안산시 단원구 정왕천동로 184 (성곡동) ,저장탱크,영업,고법
충남 아산시,(주)에이치앤씨,충청남도 아산시 염치읍 서원길 238-22,냉동설비,영업,고법
충남 당진시,(주)에이치엔씨,충청남도 당진시 송악읍 부곡공단4길 53-28,업무용대형연소기,영업,액법
경기 안산시 단원구,(주)에이치티씨,경기도 안산시 단원구 성곡로 208,그밖의용기,영업,고법
전남 여수시,(주)에이티,전라남도 여수시 율촌면 율촌산단2로 203-86 ,압력용기,영업,고법
전남 여수시,(주)에이티,전라남도 여수시 율촌면 율촌산단2로 203-86 ,저장탱크,영업,고법
대전 유성구,(주)에프씨피,대전광역시 유성구 국제과학10로 42 (둔곡동) ,압력용기,영업,고법
경기 안양시 만안구,(주)에프에스가스에너지연구소,"경기도 안양시 만안구 전파로 53 (안양동, 태광산업별관A동2층)",업무용대형연소기,영업,액법
부산 강서구,(주)에프엔지,부산광역시 강서구 상덕로119번길 68-20,기화장치,영업,고법
경기 화성시,(주)에프엠티,경기도 화성시 마도면 석교남길 37-4 ,용기용밸브,영업,고법
충남 아산시,(주)엑세쉬,충청남도 아산시 배방읍 수철리길 45,업무용대형연소기,영업,액법
경기 김포시,(주)엑스필,경기도 김포시 대곶면 소래로 87-23,압력용기,영업,고법
경기 화성시,(주)엔원테크,경기도 화성시 마도면 마도공단로6길 46-10,압력용기,영업,고법
경기 화성시,(주)엔원테크,경기도 화성시 마도면 마도공단로6길 46-10,저장탱크,영업,고법
충북 진천군,(주)엔텍,충청북도 진천군 초평면 영신길 45,기화장치,영업,고법
충북 진천군,(주)엔텍,충청북도 진천군 초평면 영신길 45,기화장치,영업,액법
충북 진천군,(주)엔텍,충청북도 진천군 초평면 영신길 45,긴급차단장치,영업,고법
충북 진천군,(주)엔텍,충청북도 진천군 초평면 영신길 45,긴급차단장치,영업,액법
충북 진천군,(주)엔텍,충청북도 진천군 초평면 영신길 45,독성가스배관용밸브,영업,고법
충북 진천군,(주)엔텍,충청북도 진천군 초평면 영신길 45,독성가스배관용밸브,영업,액법
충북 진천군,(주)엔텍,충청북도 진천군 초평면 영신길 45,로딩암,영업,고법
충북 진천군,(주)엔텍,충청북도 진천군 초평면 영신길 45,로딩암,영업,액법
충북 진천군,(주)엔텍,충청북도 진천군 초평면 영신길 45,배관용밸브,영업,고법
충북 진천군,(주)엔텍,충청북도 진천군 초평면 영신길 45,배관용밸브,영업,액법
충북 진천군,(주)엔텍,충청북도 진천군 초평면 영신길 45,안전밸브,영업,고법
충북 진천군,(주)엔텍,충청북도 진천군 초평면 영신길 45,안전밸브,영업,액법
충북 진천군,(주)엔텍,충청북도 진천군 초평면 영신길 45,압력조정기,영업,고법
충북 진천군,(주)엔텍,충청북도 진천군 초평면 영신길 45,압력조정기,영업,액법
경남 김해시,(주)엘에치이,경상남도 김해시 한림면 한림로515번길 203-42 ,압력용기,영업,고법
경기 부천시,(주)엘투케이알,경기도 부천시 산업로8번길 22-13,이동식부탄연소기,영업,액법
충남 당진시,(주)엘피코,충청남도 당진시 합덕읍 남부로 1402,압력용기,영업,고법
충남 당진시,(주)엘피코,충청남도 당진시 합덕읍 남부로 1402,저장탱크,영업,고법
경남 김해시,(주)엠에스동남산업가스,경상남도 김해시 진례면 고모로364번길 74-22 ,기화장치,영업,고법
부산 사상구,(주)엠에스이엔지,부산광역시 사상구 학장로 165 (학장동),그밖의가스용품,영업,고법
부산 사상구,(주)엠에스이엔지,부산광역시 사상구 학장로 165 (학장동),그밖의가스용품,영업,액법
부산 사상구,(주)엠에스이엔지,부산광역시 사상구 학장로 165 (학장동),기화장치,영업,고법
부산 사상구,(주)엠에스이엔지,부산광역시 사상구 학장로 165 (학장동),기화장치,영업,액법
부산 사상구,(주)엠에스이엔지,부산광역시 사상구 학장로 165 (학장동),긴급차단장치,영업,고법
부산 사상구,(주)엠에스이엔지,부산광역시 사상구 학장로 165 (학장동),긴급차단장치,영업,액법
부산 사상구,(주)엠에스이엔지,부산광역시 사상구 학장로 165 (학장동),독성가스배관용밸브,영업,고법
부산 사상구,(주)엠에스이엔지,부산광역시 사상구 학장로 165 (학장동),독성가스배관용밸브,영업,액법
부산 사상구,(주)엠에스이엔지,부산광역시 사상구 학장로 165 (학장동),로딩암,영업,고법
부산 사상구,(주)엠에스이엔지,부산광역시 사상구 학장로 165 (학장동),로딩암,영업,액법
부산 사상구,(주)엠에스이엔지,부산광역시 사상구 학장로 165 (학장동),배관용밸브,영업,고법
부산 사상구,(주)엠에스이엔지,부산광역시 사상구 학장로 165 (학장동),배관용밸브,영업,액법
부산 사상구,(주)엠에스이엔지,부산광역시 사상구 학장로 165 (학장동),안전밸브,영업,고법
부산 사상구,(주)엠에스이엔지,부산광역시 사상구 학장로 165 (학장동),안전밸브,영업,액법
부산 사상구,(주)엠에스이엔지,부산광역시 사상구 학장로 165 (학장동),용기용밸브,영업,고법
부산 사상구,(주)엠에스이엔지,부산광역시 사상구 학장로 165 (학장동),용기용밸브,영업,액법
경기 안산시 단원구,(주)엠에프테크,경기도 안산시 단원구 해안로 315,압력용기,영업,고법
경기 안산시 단원구,(주)엠에프테크,경기도 안산시 단원구 해안로 315,저장탱크,영업,고법
경기 이천시,(주)엠티씨,경기도 이천시 단월로 110 (단월동),이음매없는용기,영업,고법
충북 음성군,(주)엠티씨(MTC),충청북도 음성군 감곡면 가곡로 478-59,이음매없는용기,영업,고법
울산 울주군,(주)영광이진공장,울산광역시 울주군 온산읍 산암로 448,냉동기,영업,고법
울산 울주군,(주)영광이진공장,울산광역시 울주군 온산읍 산암로 448,압력용기,영업,고법
울산 울주군,(주)영광이진공장,울산광역시 울주군 온산읍 산암로 448,저장탱크,영업,고법
울산 울주군,(주)영광처용공장,울산광역시 울주군 청량읍 처용산업5길 55,압력용기,영업,고법
울산 울주군,(주)영광처용공장,울산광역시 울주군 청량읍 처용산업5길 55,저장탱크,영업,고법
충북 괴산군,(주)오닉스텍,충청북도 괴산군 소수면 길선2길 58 공장,냉동설비,영업,고법
충북 괴산군,(주)오닉스텍,충청북도 괴산군 소수면 길선2길 58 공장,응축기,영업,고법
경기 부천시 원미구,(주)오메가통상,경기도 부천시 원미구 평천로817번길 31,업무용대형연소기,영업,액법
경기 남양주시,(주)오성주방설비,경기도 남양주시 진접읍 금강로 1803,업무용대형연소기,영업,액법
경기 화성시,(주)오일금속,경기도 화성시 봉담읍 수영로82번길 58-10 ,그밖의용기,영업,고법
경기 화성시,(주)오일금속,경기도 화성시 봉담읍 수영로82번길 58-10 ,용기용밸브,영업,고법
경기 화성시,(주)오일금속,경기도 화성시 봉담읍 수영로82번길 58-10 ,이음매없는용기,영업,고법
경기 안산시 단원구,(주)올멧,경기도 안산시 단원구 번영로44번길 11 시화공단 4바308호,압력용기,영업,고법
부산 강서구,(주)와이에스피이,부산광역시 강서구 녹산산업중로 286 (송정동),압력용기,영업,고법
부산 강서구,(주)와이엔브이,부산광역시 강서구 화전산단6로66번길 19 (화전동),안전밸브,영업,고법
전남 여수시,(주)용호기계기술,전라남도 여수시 여수산단로 736,압력용기,영업,고법
전남 여수시,(주)용호기계기술,전라남도 여수시 여수산단로 736,저장탱크,영업,고법
경기 화성시,(주)우리이엠아이,경기도 화성시 우정읍 기아자동차로299번길 51-28,압력용기,영업,고법
전남 여수시,(주)우리플랜트,전라남도 여수시 상암로 272 (호명동) ,압력용기,영업,고법
전남 여수시,(주)우리플랜트,전라남도 여수시 상암로 272 (호명동) ,저장탱크,영업,고법
경기 이천시,(주)우보엔지니어링,경기도 이천시 마장면 서이천로 271-49,압력용기,영업,고법
충남 천안시 동남구,(주)우성기업,충청남도 천안시 동남구 광덕면 광덕로 258-16,업무용대형연소기,영업,액법
대구 달성군,(주)울트라테크,대구광역시 달성군 논공읍 논공로117길 50,배관용밸브,영업,액법
울산 울주군,(주)울프 1공장,울산광역시 울주군 온산읍 처용산업로 129-19,냉동설비,영업,고법
울산 울주군,(주)울프 1공장,울산광역시 울주군 온산읍 처용산업로 129-19,압력용기,영업,고법
울산 울주군,(주)울프 1공장,울산광역시 울주군 온산읍 처용산업로 129-19,저장탱크,영업,고법
경기 평택시,(주)원익홀딩스,경기도 평택시 진위면 마산12로 21,실린더캐비넷,영업,고법
경기 김포시,(주)원일티엔아이,경기도 김포시 양촌읍 황금1로 150 ,강제혼합식가스버너,영업,고법
경기 김포시,(주)원일티엔아이,경기도 김포시 양촌읍 황금1로 150 ,강제혼합식가스버너,영업,액법
경기 김포시,(주)원일티엔아이,경기도 김포시 양촌읍 황금1로 150 ,압력용기,영업,고법
경기 김포시,(주)원일티엔아이,경기도 김포시 양촌읍 황금1로 150 ,압력용기,영업,액법
경북 문경시,(주)월드에너지,경상북도 문경시 가은읍 가은공단길 97 ,압력용기,영업,고법
울산 남구,(주)위림,울산광역시 남구 처용로 603,압력용기,영업,고법
울산 남구,(주)위림,울산광역시 남구 처용로 603,저장탱크,영업,고법
울산 울주군,(주)윈테크,울산광역시 울주군 언양읍 반천산업로 135-17,압력용기,영업,고법
경기 안산시 단원구,(주)유니락,경기도 안산시 단원구 시화호수로 937,독성가스배관용밸브,영업,고법
경기 안산시 단원구,(주)유니락,경기도 안산시 단원구 시화호수로 937,용기용밸브,영업,고법
울산 울주군,(주)유니웰,울산광역시 울주군 삼동면 암리3길 26-8,압력용기,영업,고법
울산 울주군,(주)유니웰,울산광역시 울주군 삼동면 암리3길 26-8,저장탱크,영업,고법
경기 안산시 단원구,(주)유니콘 시스템,경기도 안산시 단원구 강촌로139번길 72 A동,배관용밸브,영업,고법
경기 안산시 단원구,(주)유니콘 시스템,경기도 안산시 단원구 강촌로139번길 72 A동,배관용밸브,영업,액법
경기 안산시 단원구,(주)유니콘시스템,경기도 안산시 단원구 강촌로139번길 72,긴급차단장치,영업,고법
경기 안산시 단원구,(주)유니콘시스템,경기도 안산시 단원구 강촌로139번길 72,독성가스배관용밸브,영업,고법
경남 김해시,(주)유니크,"경상남도 김해시 진영읍 서부로179번길 90,103(농공단지)",용기용밸브,영업,고법
경기 안산시 단원구,(주)유니플로,경기도 안산시 단원구 번영로82번길 21 시화공단4마319,긴급차단장치,영업,고법
경기 안산시 단원구,(주)유니플로,경기도 안산시 단원구 번영로82번길 21 시화공단4마319,독성가스배관용밸브,영업,고법
울산 남구,(주)유벡,울산광역시 남구 용연로 106,압력용기,영업,고법
울산 남구,(주)유벡,울산광역시 남구 용연로 106,저장탱크,영업,고법
울산 남구,(주)유벡,울산광역시 남구 용연로 106,탱크로리,영업,고법
경기 오산시,(주)유원,경기도 오산시 가장산업동로 14-11,실린더캐비넷,영업,고법
전남 광양시,(주)유원산업기술,전라남도 광양시 광양읍 율촌산단5로 150,압력용기,영업,고법
전남 광양시,(주)유원산업기술,전라남도 광양시 광양읍 율촌산단5로 150,저장탱크,영업,고법
인천 미추홀구,(주)유진기업,인천광역시 미추홀구 길파로 86,업무용대형연소기,영업,액법
경기 화성시,(주)유진이엔티,경기도 화성시 마도면 마도공단로5길 30,냉동기,영업,고법
경기 화성시,(주)유진이엔티,경기도 화성시 마도면 마도공단로5길 30,압력용기,영업,고법
경기 화성시,(주)유진이엔티,경기도 화성시 마도면 마도공단로5길 30,응축기,영업,고법
경남 함안군,(주)유진티엠씨,경상남도 함안군 대산면 대법로 572,압력용기,영업,고법
경남 함안군,(주)유진티엠씨,경상남도 함안군 대산면 대법로 572,저장탱크,영업,고법
서울 성동구,(주)유한정공,서울특별시 성동구 성수이로18길 32-1,업무용대형연소기,영업,액법
경기 안산시 단원구,(주)이에스에치,경기도 안산시 단원구 산단로67번길 29 신기금속공업사,안전밸브,영업,고법
울산 울주군,(주)이연텍,울산광역시 울주군 청량읍 처용산업4길 14-16 ,압력용기,영업,고법
울산 울주군,(주)이연텍,울산광역시 울주군 청량읍 처용산업4길 14-16 ,저장탱크,영업,고법
경기 군포시,(주)이우기기,경기도 군포시 흥안대로 15-31,가스누출자동차단장치,영업,액법
경기 평택시,(주)이지솔루션,경기도 평택시 청북읍 광승길 159-36,실린더캐비넷,영업,고법
대구 달성군,(주)이지씨엔이,대구광역시 달성군 구지면 달성2차로 220,배관용밸브,영업,액법
대구 달성군,(주)이지씨엔이,대구광역시 달성군 구지면 달성2차로 220,콕크,영업,액법
대전 유성구,(주)인터텍,대전광역시 유성구 테크노1로 37-9,업무용대형연소기,영업,액법
광주 광산구,(주)일광이앤티,광주광역시 광산구 하남산단10번로 115-22,가스난방기,영업,액법
광주 광산구,(주)일광이앤티,광주광역시 광산구 하남산단10번로 115-22,강제혼합식가스버너,영업,액법
울산 울주군,(주)일성하이스코,울산광역시 울주군 온산읍 대정로 74,압력용기,영업,고법
울산 울주군,(주)일성하이스코,울산광역시 울주군 온산읍 대정로 74,저장탱크,영업,고법
경기 시흥시,(주)일신밸브,경기도 시흥시 옥구천서로237번길 35,독성가스배관용밸브,영업,고법
경기 시흥시,(주)일신밸브,경기도 시흥시 옥구천서로237번길 35,독성가스배관용밸브,영업,액법
경기 시흥시,(주)일신밸브,경기도 시흥시 옥구천서로237번길 35,배관용밸브,영업,고법
경기 시흥시,(주)일신밸브,경기도 시흥시 옥구천서로237번길 35,배관용밸브,영업,액법
대전 유성구,(주)일신오토클레이브,대전광역시 유성구 테크노2로 255 ,안전밸브,영업,고법
대전 유성구,(주)일신오토클레이브,대전광역시 유성구 테크노2로 255 ,압력용기,영업,고법
울산 울주군,(주)일진에너지,울산광역시 울주군 온산읍 산암로 42,냉동설비,영업,고법
울산 울주군,(주)일진에너지,울산광역시 울주군 온산읍 산암로 42,압력용기,영업,고법
울산 울주군,(주)일진에너지,울산광역시 울주군 온산읍 산암로 42,저장탱크,영업,고법
울산 울주군,(주)일진에너지,울산광역시 울주군 온산읍 화산로 137-6,냉동설비,영업,고법
울산 울주군,(주)일진에너지,울산광역시 울주군 온산읍 화산로 137-6,압력용기,영업,고법
울산 울주군,(주)일진에너지,울산광역시 울주군 온산읍 화산로 137-6,저장탱크,영업,고법
울산 울주군,(주)일진텍(1공장),울산광역시 울주군 청량면 처용산업로 155,압력용기,영업,고법
울산 울주군,(주)일진텍(1공장),울산광역시 울주군 청량면 처용산업로 155,저장탱크,영업,고법
충남 천안시 서북구,(주)재이시스템,충청남도 천안시 서북구 직산읍 직산로 252-15,압력용기,영업,고법
대구 달성군,(주)정상테크,대구광역시 달성군 하빈면 달구벌대로12길 215,강제혼합식가스버너,영업,액법
경기 화성시,(주)정현프랜트,"경기도 화성시 남양읍 남양로 59-13,15,18,21",압력용기,영업,고법
충남 금산군,(주)제라,충청남도 금산군 부리면 창평1길 33 ,이동식부탄연소기,영업,액법
경기 시흥시,(주)제우스코리아,경기도 시흥시 매화산단로 61-11,업무용대형연소기,영업,액법
경기 광주시,(주)제이씨에스컴퍼니,경기도 광주시 곤지암읍 가마을길 208 ,업무용대형연소기,영업,액법
울산 울주군,(주)제이에스엠티,울산광역시 울주군 온산읍 처용산업로  129-39,냉동설비,영업,고법
울산 울주군,(주)제이에스엠티,울산광역시 울주군 온산읍 처용산업로  129-39,압력용기,영업,고법
울산 울주군,(주)제이에스엠티,울산광역시 울주군 온산읍 처용산업로  129-39,저장탱크,영업,고법
경기 여주시,(주)제이에프씨,경기도 여주시 점동면 장여로 1318-20,압력용기,영업,고법
울산 울주군,(주)제이콘,울산광역시 울주군 청량면 처용산업로 243-39,압력용기,영업,고법
울산 울주군,(주)제이콘,울산광역시 울주군 청량면 처용산업로 243-39,응축기,영업,고법
울산 울주군,(주)제이콘,울산광역시 울주군 청량면 처용산업로 243-39,저장탱크,영업,고법
울산 울주군,(주)제이콘,울산광역시 울주군 청량면 처용산업로 243-39,증발기,영업,고법
대전 대덕구,(주)제이푸드테크,대전광역시 대덕구 신탄진로744번길 11(신탄진동),업무용대형연소기,영업,액법
경기 화성시,(주)제이피이노베이션,경기도 화성시 마도면 청원산단8길 138,압력용기,영업,고법
경기 화성시,(주)제이피이노베이션,경기도 화성시 마도면 청원산단8길 138,저장탱크,영업,고법
경기 화성시,(주)제일이엔지,경기도 화성시 팔탄면 온천로 326 (덕천리),실린더캐비넷,영업,고법
경기 김포시,(주)중원,경기도 김포시 통진읍 하성로62번길 15,호스,영업,액법
울산 울주군,(주)지경,울산광역시 울주군 웅촌면 웅촌로 557-44,압력용기,영업,고법
울산 울주군,(주)지경,울산광역시 울주군 웅촌면 웅촌로 557-44,저장탱크,영업,고법
경기 김포시,(주)지라프,경기도 김포시 통진읍 월하로 488,가스그릴,영업,액법
경기 김포시,(주)지라프,경기도 김포시 통진읍 월하로 488,이동식부탄연소기,영업,액법
경기 화성시,(주)지쓰리,경기도 화성시 봉담읍 흰돌산길 75,실린더캐비넷,영업,고법
경기 오산시,(주)지앤지엠씨,경기도 오산시 경기대로658번길 27-24,실린더캐비넷,영업,고법
울산 남구,(주)지에스엔텍,울산광역시 남구 용잠로 353,압력용기,영업,고법
경기 김포시,(주)지에스엠,경기도 김포시 양촌읍 황금1로 172,압력용기,영업,고법
경기 부천시,"(주)지에스케이(GSK.Co.,Ltd)",경기도 부천시 옥산로214번길 24,업무용대형연소기,영업,액법
충북 진천군,(주)지에스켐,충청북도 진천군 덕산읍 신척산단5로 89,납붙임 및 접합용기,영업,고법
경남 함안군,(주)지티씨,경상남도 함안군 산인면 신산로 56,압력용기,영업,고법
경남 함안군,(주)지티씨,경상남도 함안군 산인면 신산로 56,저장탱크,영업,고법
경기 김포시,(주)지티케이,경기도 김포시 대곶면 대곶북로68번길 54,가스난방기,영업,액법
경기 김포시,(주)지티케이,경기도 김포시 대곶면 대곶북로68번길 54,이동식부탄연소기,영업,액법
경기 김포시,(주)진검물산,경기도 김포시 통진읍 가현로 73-42 ,이동식부탄연소기,영업,액법
경기 화성시,(주)진솔루션,경기도 화성시 동탄면 동탄산단7길 98-38,실린더캐비넷,영업,고법
경기 평택시,(주)창성에이스산업 지제지점,"경기도 평택시 지제로 101 2층, 지층",가스누출자동차단장치,영업,액법
경기 시흥시,(주)청우지엔티,경기도 시흥시 엠티브이25로58번길 23,강제혼합식가스버너,영업,액법
경기 김포시,(주)청정,"경기도 김포시 양촌읍 황금로128번길 35 가동,나동",업무용대형연소기,영업,액법
경기 안산시 단원구,(주)충우엔지니어링,경기도 안산시 단원구 번영로186번길 34,강제혼합식가스버너,영업,액법
대구 달성군,(주)카본가람,대구광역시 달성군 논공읍 논공로 391,압력용기,영업,고법
경기 평택시,(주)캐로스컴퍼니,경기도 평택시 서탄면 내천길 122,가스난방기,영업,고법
경기 평택시,(주)캐로스컴퍼니,경기도 평택시 서탄면 내천길 122,가스난방기,영업,액법
경기 평택시,(주)캐로스컴퍼니,경기도 평택시 서탄면 내천길 122,냉동기,영업,고법
경기 평택시,(주)캐로스컴퍼니,경기도 평택시 서탄면 내천길 122,냉동기,영업,액법
울산 울주군,(주)케이디엠텍,울산광역시 울주군 온산읍 화산2길 11,기화장치,영업,고법
울산 울주군,(주)케이디엠텍,울산광역시 울주군 온산읍 화산2길 11,냉동설비,영업,고법
울산 울주군,(주)케이디엠텍,울산광역시 울주군 온산읍 화산2길 11,압력용기,영업,고법
울산 울주군,(주)케이디엠텍,울산광역시 울주군 온산읍 화산2길 11,저장탱크,영업,고법
울산 울주군,(주)케이디텍,울산광역시 울주군 청량읍 처용산업3길 31,냉동설비,영업,고법
울산 울주군,(주)케이디텍,울산광역시 울주군 청량읍 처용산업3길 31,압력용기,영업,고법
울산 울주군,(주)케이디텍,울산광역시 울주군 청량읍 처용산업3길 31,저장탱크,영업,고법
경기 안성시,(주)케이씨 2공장,경기도 안성시 미양면 제2공단3길 30 (계륵리 271),실린더캐비넷,영업,고법
전북 완주군,(주)케이엘테크,전북특별자치도 완주군 삼례읍 테크노밸리로 96-61 ,기화장치,영업,고법
전북 완주군,(주)케이엘테크,전북특별자치도 완주군 삼례읍 테크노밸리로 96-61 ,실린더캐비넷,영업,고법
경남 사천시,(주)케이와이산업,경상남도 사천시 축동면 서삼로 1420,그밖의용기,영업,고법
인천 서구,(주)케이웰,인천광역시 서구 건지로97번길 33-25,업무용대형연소기,영업,액법
충남 당진시,(주)케이테크,충청남도 당진시 우강면 다량길 62,압력용기,영업,고법
충남 당진시,(주)케이테크,충청남도 당진시 우강면 다량길 62,저장탱크,영업,고법
경기 화성시,(주)케이티앤이,경기도 화성시 마도면 송정로264번길 67,업무용대형연소기,영업,액법
대구 동구,(주)케이피씨,대구광역시 동구 안심로59길 8,긴급차단장치,영업,고법
대구 동구,(주)케이피씨,대구광역시 동구 안심로59길 8,긴급차단장치,영업,액법
대구 동구,(주)케이피씨,대구광역시 동구 안심로59길 8,독성가스배관용밸브,영업,고법
대구 동구,(주)케이피씨,대구광역시 동구 안심로59길 8,독성가스배관용밸브,영업,액법
대구 동구,(주)케이피씨,대구광역시 동구 안심로59길 8,배관용밸브,영업,고법
대구 동구,(주)케이피씨,대구광역시 동구 안심로59길 8,배관용밸브,영업,액법
대구 동구,(주)케이피씨 동호동공장,대구광역시 동구 안심로59길 13,배관용밸브,영업,액법
부산 강서구,(주)케일럼,부산광역시 강서구 범방2로 6 (범방동),압력용기,영업,고법
울산 울주군,(주)케일럼울산공장,울산광역시 울주군 온산읍 우봉강양로 35 ,압력용기,영업,고법
울산 울주군,(주)케일럼울산공장,울산광역시 울주군 온산읍 우봉강양로 35 ,저장탱크,영업,고법
부산 사하구,(주)코밸,부산광역시 사하구 다산로 92 (다대동),배관용밸브,영업,고법
부산 사하구,(주)코밸,부산광역시 사하구 다산로 92 (다대동),배관용밸브,영업,액법
부산 사하구,(주)코밸,부산광역시 사하구 다산로 92 (다대동),안전밸브,영업,고법
부산 사하구,(주)코밸,부산광역시 사하구 다산로 92 (다대동),안전밸브,영업,액법
경기 부천시 원미구,(주)코베아,"경기도 부천시 송내대로 388, 부천테크노파크 202동 401호",이동식부탄연소기,영업,액법
인천 계양구,(주)코베아,인천광역시 계양구 서운산단로1길 87 본관동,가스난방기,영업,액법
인천 계양구,(주)코베아,인천광역시 계양구 서운산단로1길 87 본관동,이동식부탄연소기,영업,액법
인천 서구,(주)코뿔소,인천광역시 서구 보듬로 23(오류동),호스,영업,액법
인천 부평구,(주)코스티모,인천광역시 부평구 부평북로 244,업무용대형연소기,영업,액법
인천 미추홀구,(주)코푸렉스,인천광역시 미추홀구 염전로128번길 23,콕크,영업,액법
인천 미추홀구,(주)코푸렉스,인천광역시 미추홀구 염전로128번길 23,호스,영업,액법
경기 양주시,(주)키마루,경기도 양주시 백석읍 중앙로 353-169,업무용대형연소기,영업,액법
경기 광주시,(주)키친메이트,경기도 광주시 초월읍 두월길 29,업무용대형연소기,영업,액법
전북 군산시,(주)태랑,전북특별자치도 군산시 옥구읍 광월안길 19 상평농공단지內,압력용기,영업,고법
전북 군산시,(주)태랑,전북특별자치도 군산시 옥구읍 광월안길 19 상평농공단지內,저장탱크,영업,고법
부산 강서구,(주)태림인더스트리,부산광역시 강서구 화전산단2로 107,압력용기,영업,고법
충남 천안시 서북구,(주)태양,충청남도 천안시 서북구 업성1길 27,납붙임 및 접합용기,영업,고법
충남 천안시 서북구,(주)태양,충청남도 천안시 서북구 업성1길 27,납붙임 및 접합용기,영업,도법
인천 남동구,(주)태양테크,인천광역시 남동구 남동대로 222(71B-18L),배관용밸브,영업,액법
인천 남동구,(주)태양테크,인천광역시 남동구 남동대로 222(71B-18L),콕크,영업,액법
충남 천안시 서북구,(주)태정금속,충청남도 천안시 서북구 직산읍 마정1길 38 태정금속,업무용대형연소기,영업,액법
경남 창원시 진해구,(주)태진중공업,경상남도 창원시 진해구 죽곡로 146,기화장치,영업,고법
경남 창원시 진해구,(주)태진중공업,경상남도 창원시 진해구 죽곡로 146,압력용기,영업,고법
경남 창원시 진해구,(주)태진중공업,경상남도 창원시 진해구 죽곡로 146,저장탱크,영업,고법
경남 창원시 진해구,(주)태진중공업,경상남도 창원시 진해구 죽곡로 146,탱크로리,영업,고법
부산 사하구,(주)태현이엔지,부산광역시 사하구 감천항로 221-9 (구평동,기화장치,영업,고법
부산 강서구,(주)태화인더스트리,부산광역시 강서구 녹산산단231로 20 (송정동),냉동기,영업,고법
부산 강서구,(주)태화인더스트리,부산광역시 강서구 녹산산단231로 20 (송정동),응축기,영업,고법
부산 강서구,(주)태화인더스트리,부산광역시 강서구 녹산산단231로 20 (송정동),증발기,영업,고법
부산 강서구,(주)태화인더스트리부산지점(2공장),부산광역시 강서구 녹산산단261로40번길 22 (송정동),냉동기,영업,고법
부산 강서구,(주)태화인더스트리부산지점(2공장),부산광역시 강서구 녹산산단261로40번길 22 (송정동),압력용기,영업,고법
부산 강서구,(주)태화인더스트리부산지점(2공장),부산광역시 강서구 녹산산단261로40번길 22 (송정동),응축기,영업,고법
부산 강서구,(주)태화인더스트리부산지점(2공장),부산광역시 강서구 녹산산단261로40번길 22 (송정동),저장탱크,영업,고법
부산 강서구,(주)태화인더스트리부산지점(2공장),부산광역시 강서구 녹산산단261로40번길 22 (송정동),증발기,영업,고법
경기 부천시 오정구,(주)태환자동화산업,경기도 부천시 오정구 석천로 397 부천테크노파크쌍용3차303동비103호,업무용대형연소기,영업,액법
경기 안성시,(주)테라텍,경기도 안성시 대덕면 모산로 401-9 ,실린더캐비넷,영업,고법
경기 화성시,(주)테크니컬코리아,경기도 화성시 비봉면 현대기아로 771-9 1동,냉동기,영업,고법
경기 화성시,(주)테크니컬코리아,경기도 화성시 비봉면 현대기아로 771-9 1동,응축기,영업,고법
경기 화성시,(주)테크니컬코리아,경기도 화성시 비봉면 현대기아로 771-9 1동,증발기,영업,고법
부산 강서구,(주)템코,부산광역시 강서구 미음산단3로 135 (미음동),기화장치,영업,고법
부산 강서구,(주)템코,부산광역시 강서구 미음산단3로 135 (미음동),긴급차단장치,영업,고법
경기 포천시,(주)트레이딩포스트 가스버너사업부,"경기도 포천시 가산면 마정로 287, 가동,나동 ",이동식부탄연소기,영업,액법
경기 안산시 단원구,(주)트릴리엄플로우코리아,경기도 안산시 단원구 범지기로 151,긴급차단장치,영업,고법
경기 안산시 단원구,(주)트릴리엄플로우코리아,경기도 안산시 단원구 범지기로 151,독성가스배관용밸브,영업,고법
경기 화성시,(주)티앤비테크놀로지,경기도 화성시 봉담읍 최루백로 214-35,업무용대형연소기,영업,액법
경기 동두천시,(주)티에라,경기도 동두천시 강변로850번길 27 (동두천동),이동식부탄연소기,영업,액법
울산 울주군,(주)티엠이씨,울산광역시 울주군 청량면 처용산업5길 69,기화장치,영업,고법
울산 울주군,(주)티엠이씨,울산광역시 울주군 청량면 처용산업5길 69,냉동설비,영업,고법
울산 울주군,(주)티엠이씨,울산광역시 울주군 청량면 처용산업5길 69,압력용기,영업,고법
울산 울주군,(주)티엠이씨,울산광역시 울주군 청량면 처용산업5길 69,저장탱크,영업,고법
울산 울주군,(주)티엠이씨(서생공장),울산광역시 울주군 서생면 에너지산업6로 50 ,냉동설비,영업,고법
울산 울주군,(주)티엠이씨(서생공장),울산광역시 울주군 서생면 에너지산업6로 50 ,압력용기,영업,고법
울산 울주군,(주)티엠이씨(서생공장),울산광역시 울주군 서생면 에너지산업6로 50 ,저장탱크,영업,고법
울산 울주군,(주)티이씨,울산광역시 울주군 청량면 처용산업로 147,냉동설비,영업,고법
울산 울주군,(주)티이씨,울산광역시 울주군 청량면 처용산업로 147,압력용기,영업,고법
울산 울주군,(주)티이씨,울산광역시 울주군 청량면 처용산업로 147,저장탱크,영업,고법
충남 서산시,(주)파라텍,"충청남도 서산시 수석산업로 51 1층, 주1동",가스누출자동차단장치,영업,액법
경기 안산시 단원구,(주)파세코,경기도 안산시 단원구 원시로 248,가스난방기,영업,액법
경기 안산시 단원구,(주)파세코,경기도 안산시 단원구 원시로 248,그밖의가스용품,영업,액법
경기 안산시 단원구,(주)파세코,경기도 안산시 단원구 원시로 248,업무용대형연소기,영업,액법
경남 양산시,(주)파카하니핀커넥터,경상남도 양산시 유산공단4길 77,호스,영업,고법
경남 양산시,(주)파카하니핀커넥터,경상남도 양산시 유산공단4길 77,호스,영업,액법
부산 강서구,(주)패스코,부산광역시 강서구 녹산산업중로 401 (송정동) ,압력용기,영업,고법
부산 강서구,(주)패스코,부산광역시 강서구 녹산산업중로 401 (송정동) ,저장탱크,영업,고법
경기 화성시,(주)퍼스컴프,경기도 화성시 향남읍 발안공단로 14,압력용기,영업,고법
대전 유성구,(주)포스엔텍,대전광역시 유성구 테크노8로 70-1,압력용기,영업,고법
경북 포항시 남구,(주)포스코이앤씨,경상북도 포항시 남구 대송로 180,저장탱크,영업,고법
경기 안성시,(주)포트텍,경기도 안성시 양성면 한내로 365-51,그밖의용기,영업,고법
경기 안성시,(주)포트텍,경기도 안성시 양성면 한내로 365-51,용기용밸브,영업,고법
세종,(주)폴리텍,세종특별자치시 연기면 공단로 130 ,배관용밸브,영업,액법
세종,(주)폴리텍,세종특별자치시 연기면 공단로 130 ,배관이음관,영업,액법
경북 경주시,(주)풍산 안강사업장,경상북도 경주시 안강읍 호국로 2606-10 ,이음매없는용기,영업,고법
대구 북구,(주)풍산산업기기,대구광역시 북구 검단공단로21길 50-17,정압기용필터,영업,액법
인천 남동구,(주)프라임,인천광역시 남동구 앵고개로 627 (고잔동) ,업무용대형연소기,영업,액법
경북 포항시 북구,(주)플랜텍,경상북도 포항시 북구 흥해읍 해안로 1133 ,저장탱크,영업,고법
경북 포항시 북구,(주)플랜텍,경상북도 포항시 북구 흥해읍 해안로 1133 ,저장탱크,영업,수소법
전북 군산시,(주)플로우마스터,전북특별자치도 군산시 자유무역1길 27 (오식도동) ,압력용기,영업,고법
부산 강서구,(주)플로원,부산광역시 강서구 화전산단6로 110 (화전동) ,독성가스배관용밸브,영업,고법
부산 강서구,(주)플로원,부산광역시 강서구 화전산단6로 110 (화전동) ,독성가스배관용밸브,영업,액법
전북 군산시,(주)플로원,전북특별자치도 군산시 산단동서로 282 (오식도동) ,압력용기,영업,고법
전북 군산시,(주)플로원,전북특별자치도 군산시 산단동서로 282 (오식도동) ,저장탱크,영업,고법
경남 김해시,(주)플루엔,경상남도 김해시 진영읍 서부로378번길 41,압력용기,영업,고법
경남 김해시,(주)플루엔,경상남도 김해시 진영읍 서부로378번길 41,저장탱크,영업,고법
경기 화성시,(주)피에스디이,경기도 화성시 향남읍 만년로151번길 107 108,실린더캐비넷,영업,고법
대전 유성구,(주)피케이이앤씨,대전광역시 유성구 테크노2로 186-10 ,압력용기,영업,고법
경남 창원시 성산구,(주)하나파워시스템서비스,경상남도 창원시 성산구 공단로 322(웅남동),압력용기,영업,고법
경남 창원시 성산구,(주)하나파워시스템서비스,경상남도 창원시 성산구 공단로 322(웅남동),저장탱크,영업,고법
경기 화성시,(주)하나플랜트,경기도 화성시 양감면 서해로 113-15,압력용기,영업,고법
전남 나주시,(주)하이옥스,전라남도 나주시 동수농공단지길 123 (주)하이옥스,증발기,영업,고법
전남 나주시,(주)하이텍,전라남도 나주시 남평읍 평산앞들길 20,가스누출자동차단장치,영업,액법
경기 평택시,(주)하츠,경기도 평택시 진위면 동부대로 202,가스렌지,영업,고법
경기 평택시,(주)하츠,경기도 평택시 진위면 동부대로 202,가스렌지,영업,액법
경기 광주시,(주)하크,경기도 광주시 곤지암읍 독고개길 70,강제혼합식가스버너,영업,액법
경기 화성시,(주)한강엔지니어링,경기도 화성시 마도면 마도공단로5길 46-14,압력용기,영업,고법
부산 사상구,(주)한국S.V,부산광역시 사상구 학장로169번길 92 (주)한국S.V,용기용밸브,영업,고법
부산 사상구,(주)한국S.V,부산광역시 사상구 학장로169번길 92 (주)한국S.V,자동차용가스주입기,영업,고법
경남 창원시 의창구,(주)한국마이콤 창원지점,경상남도 창원시 의창구 반계로 19 (팔용동) ,냉동기,영업,고법
경남 창원시 의창구,(주)한국마이콤 창원지점,경상남도 창원시 의창구 반계로 19 (팔용동) ,냉동기,영업,액법
경남 창원시 의창구,(주)한국마이콤 창원지점,경상남도 창원시 의창구 반계로 19 (팔용동) ,냉동설비,영업,고법
경남 창원시 의창구,(주)한국마이콤 창원지점,경상남도 창원시 의창구 반계로 19 (팔용동) ,냉동설비,영업,액법
경남 창원시 의창구,(주)한국마이콤 창원지점,경상남도 창원시 의창구 반계로 19 (팔용동) ,압력용기,영업,고법
경남 창원시 의창구,(주)한국마이콤 창원지점,경상남도 창원시 의창구 반계로 19 (팔용동) ,압력용기,영업,액법
경남 창원시 의창구,(주)한국마이콤 창원지점,경상남도 창원시 의창구 반계로 19 (팔용동) ,압축기,영업,고법
경남 창원시 의창구,(주)한국마이콤 창원지점,경상남도 창원시 의창구 반계로 19 (팔용동) ,압축기,영업,액법
경남 창원시 의창구,(주)한국마이콤 창원지점,경상남도 창원시 의창구 반계로 19 (팔용동) ,응축기,영업,고법
경남 창원시 의창구,(주)한국마이콤 창원지점,경상남도 창원시 의창구 반계로 19 (팔용동) ,응축기,영업,액법
경남 창원시 의창구,(주)한국마이콤 창원지점,경상남도 창원시 의창구 반계로 19 (팔용동) ,증발기,영업,고법
경남 창원시 의창구,(주)한국마이콤 창원지점,경상남도 창원시 의창구 반계로 19 (팔용동) ,증발기,영업,액법
대구 서구,(주)한국소방기구제작소,대구광역시 서구 평리로29길 33 한국소방기구,가스누출자동차단장치,영업,고법
대구 서구,(주)한국소방기구제작소,대구광역시 서구 평리로29길 33 한국소방기구,가스누출자동차단장치,영업,액법
경기 안양시 만안구,(주)한국지이,경기도 안양시 만안구 삼막로24번길 76,가스그릴,영업,액법
경기 안양시 만안구,(주)한국지이,경기도 안양시 만안구 삼막로24번길 76,가스렌지,영업,액법
경기 안양시 만안구,(주)한국지이,경기도 안양시 만안구 삼막로24번길 76,고압가스,영업,액법
경기 안양시 만안구,(주)한국지이,경기도 안양시 만안구 삼막로24번길 76,업무용대형연소기,영업,액법
경기 시흥시,(주)한백금속산업,경기도 시흥시 군자천로237번길 13,업무용대형연소기,영업,액법
울산 울주군,(주)한비,울산광역시 울주군 웅촌면 고연로 183-42,초저온용기,영업,고법
충북 옥천군,(주)한비크라이오,충청북도 옥천군 옥천읍 옥천농공길 53-27,초저온용기,영업,고법
경기 안산시 상록구,(주)한성기공,경기도 안산시 상록구 도금단지1길 22,압력용기,영업,고법
경기 안산시 상록구,(주)한성기공,경기도 안산시 상록구 도금단지1길 22,저장탱크,영업,고법
경기 김포시,(주)한신기업,경기도 김포시 하성면 월하로860번길 96,업무용대형연소기,영업,액법
경기 화성시,(주)한울,경기도 화성시 향남읍 발안공단로 51,압력용기,영업,고법
경기 화성시,(주)한울,경기도 화성시 향남읍 발안공단로 51,저장탱크,영업,고법
충남 아산시,(주)한울엔지니어링,충청남도 아산시 음봉면 산동로 293-3,압력용기,영업,고법
인천 계양구,(주)한일오닉스,인천광역시 계양구 서운산단로2길 72,업무용대형연소기,영업,액법
경기 용인시 처인구,(주)한컴라이프케어,경기도 용인시 처인구 양지면 중부대로1960번길 53,용기용밸브,영업,고법
울산 울주군,(주)한텍,울산광역시 울주군 온산읍 연자로 51,기화장치,영업,고법
울산 울주군,(주)한텍,울산광역시 울주군 온산읍 연자로 51,냉동설비,영업,고법
울산 울주군,(주)한텍,울산광역시 울주군 온산읍 연자로 51,압력용기,영업,고법
울산 울주군,(주)한텍,울산광역시 울주군 온산읍 연자로 51,저장탱크,영업,고법
울산 울주군,(주)한텍,울산광역시 울주군 온산읍 연자로 51,탱크로리,영업,고법
부산 강서구,(주)해성이엔티,부산광역시 강서구 미음산단1로15번길 39 (구랑동),독성가스배관용밸브,영업,고법
부산 강서구,(주)해성이엔티,부산광역시 강서구 미음산단1로15번길 39 (구랑동),안전밸브,영업,고법
서울 금천구,(주)현대이엔지,서울특별시 금천구 디지털로9길 56 코오롱테크노밸리 B104-106,냉동기,영업,고법
서울 금천구,(주)현대이엔지,서울특별시 금천구 디지털로9길 56 코오롱테크노밸리 B104-106,응축기,영업,고법
서울 금천구,(주)현대이엔지,서울특별시 금천구 디지털로9길 56 코오롱테크노밸리 B104-106,증발기,영업,고법
경남 함안군,(주)현우,경상남도 함안군 칠원면 용정1길 68,압력용기,영업,고법
경남 함안군,(주)현우,경상남도 함안군 칠원면 용정1길 68,저장탱크,영업,고법
충북 영동군,(주)현진티엔아이,"충청북도 영동군 용산면 법화공단길 22 ,26",소형탱크,영업,고법
충북 영동군,(주)현진티엔아이,"충청북도 영동군 용산면 법화공단길 22 ,26",압력용기,영업,고법
충북 영동군,(주)현진티엔아이,"충청북도 영동군 용산면 법화공단길 22 ,26",저장탱크,영업,고법
충북 영동군,(주)현진티엔아이,"충청북도 영동군 용산면 법화공단길 22 ,26",탱크로리,영업,고법
경북 경산시,(주)화산,경상북도 경산시 진량읍 일연로115길 18,납붙임 및 접합용기,영업,고법
인천 남동구,(주)화성인더스트리,인천광역시 남동구 남동대로36번길 46 화성인더스트리,강제혼합식가스버너,영업,고법
인천 남동구,(주)화성인더스트리,인천광역시 남동구 남동대로36번길 46 화성인더스트리,강제혼합식가스버너,영업,액법
인천 남동구,(주)화성인더스트리,인천광역시 남동구 남동대로36번길 46 화성인더스트리,압력용기,영업,고법
인천 남동구,(주)화성인더스트리,인천광역시 남동구 남동대로36번길 46 화성인더스트리,압력용기,영업,액법
인천 남동구,(주)화성인더스트리,인천광역시 남동구 남동대로36번길 46 화성인더스트리,정압기용필터,영업,고법
인천 남동구,(주)화성인더스트리,인천광역시 남동구 남동대로36번길 46 화성인더스트리,정압기용필터,영업,액법
경기 광주시,(주)화신테크이엔지,경기도 광주시 광남안로 108 (목동),업무용대형연소기,영업,액법
부산 강서구,(주)화영,부산광역시 강서구 과학산단1로60번길 12 (지사동),호스,영업,액법
경기 남양주시,(주)휴브텍,경기도 남양주시 진건읍 독정로273번길 45,이동식부탄연소기,영업,액법
전남 여수시,(주)휴엔텍,전라남도 여수시 여수산단로 274-17,압력용기,영업,고법
전남 여수시,(주)휴엔텍,전라남도 여수시 여수산단로 274-17,저장탱크,영업,고법
경기 시흥시,G&K,경기도 시흥시 봉우순환로113번길 9-9 (정왕동),업무용대형연소기,영업,액법
전남 순천시,GS네오텍(주),전라남도 순천시 해룡면 율촌산단1로 80-14,압력용기,영업,고법
전남 순천시,GS네오텍(주),전라남도 순천시 해룡면 율촌산단1로 80-14,저장탱크,영업,고법
경남 창원시 성산구,KJS인터밸브(주),경상남도 창원시 성산구 웅남로 328,긴급차단장치,영업,고법
경남 창원시 성산구,KJS인터밸브(주),경상남도 창원시 성산구 웅남로 328,긴급차단장치,영업,액법
경남 창원시 성산구,KJS인터밸브(주),경상남도 창원시 성산구 웅남로 328,독성가스배관용밸브,영업,고법
경남 창원시 성산구,KJS인터밸브(주),경상남도 창원시 성산구 웅남로 328,독성가스배관용밸브,영업,액법
경남 창원시 성산구,KJS인터밸브(주),경상남도 창원시 성산구 웅남로 328,배관용밸브,영업,고법
경남 창원시 성산구,KJS인터밸브(주),경상남도 창원시 성산구 웅남로 328,배관용밸브,영업,액법
경남 창원시 성산구,LG전자(주)창원1공장,경상남도 창원시 성산구 성산패총로 170,가스렌지,영업,고법
경남 창원시 성산구,LG전자(주)창원1공장,경상남도 창원시 성산구 성산패총로 170,가스렌지,영업,액법
경남 창원시 성산구,LG전자(주)창원2공장,경상남도 창원시 성산구 완암로 84,압축기,영업,고법
경남 창원시 성산구,LG전자(주)창원2공장,경상남도 창원시 성산구 완암로 84,압축기,영업,액법
경기 부천시 원미구,가스웨이텍(주),경기도 부천시 정주로 53 604호,기화장치,영업,고법
서울 강서구,가스텍코리아(주),서울특별시 강서구 양천로47나길 18 이에프지(EFG),업무용대형연소기,영업,액법
전북 전주시 덕진구,가원종합주방,전북특별자치도 전주시 덕진구 신복로 68-3 (팔복동1가) ,업무용대형연소기,영업,액법
경남 창원시 성산구,강림중공업(주),경상남도 창원시 성산구 연덕로 76,압력용기,영업,고법
경남 창원시 성산구,강림중공업(주),경상남도 창원시 성산구 연덕로 76,저장탱크,영업,고법
인천 미추홀구,거송로스타MFG,인천광역시 미추홀구 길파로 86,가스그릴,영업,액법
인천 미추홀구,거송로스타MFG,인천광역시 미추홀구 길파로 86,가스렌지,영업,액법
인천 미추홀구,거송로스타MFG,인천광역시 미추홀구 길파로 86,고압가스,영업,액법
인천 미추홀구,거송로스타MFG,인천광역시 미추홀구 길파로 86,기타연소기,영업,액법
인천 미추홀구,거송로스타MFG,인천광역시 미추홀구 길파로 86,업무용대형연소기,영업,액법
경남 김해시,건주테크(주),경상남도 김해시 진례면 테크노밸리로 181,압력용기,영업,고법
경남 김해시,건주테크(주),경상남도 김해시 진례면 테크노밸리로 181,저장탱크,영업,고법
전남 여수시,건호이엔씨 주식회사,전라남도 여수시 소라면 마산로 148-70,압력용기,영업,고법
전남 여수시,건호이엔씨 주식회사,전라남도 여수시 소라면 마산로 148-70,저장탱크,영업,고법
경기 파주시,경동산업(주),경기도 파주시 광탄면 혜음로601번길 51 (주)경동산업,냉동기,영업,고법
경기 파주시,경동산업(주),경기도 파주시 광탄면 혜음로601번길 51 (주)경동산업,응축기,영업,고법
경기 파주시,경동산업(주),경기도 파주시 광탄면 혜음로601번길 51 (주)경동산업,증발기,영업,고법
경남 사천시,경동종합주방,경상남도 사천시 축동면 수자원길 21,업무용대형연소기,영업,액법
경기 파주시,경인냉열,경기도 파주시 파주읍 정문로588번길 104,냉동기,영업,고법
경기 파주시,경인냉열,경기도 파주시 파주읍 정문로588번길 104,냉동설비,영업,고법
경기 시흥시,경일주방(주),경기도 시흥시 새우개4길 4,업무용대형연소기,영업,액법
인천 계양구,고려FM,인천광역시 계양구 서운산단로8길 15,업무용대형연소기,영업,액법
충남 천안시 서북구,고려엠지(주),충청남도 천안시 서북구 성환읍 율금1길 261-8,냉동기,영업,고법
충남 천안시 서북구,고려엠지(주),충청남도 천안시 서북구 성환읍 율금1길 261-8,냉동설비,영업,고법
충남 천안시 서북구,고려엠지(주),충청남도 천안시 서북구 성환읍 율금1길 261-8,압력용기,영업,고법
인천 서구,공신산업,인천광역시 서구 백범로910번길 27,가스그릴,영업,액법
인천 서구,공신산업,인천광역시 서구 백범로910번길 27,가스렌지,영업,액법
인천 서구,공신산업,인천광역시 서구 백범로910번길 27,기타연소기,영업,액법
인천 서구,공신산업,인천광역시 서구 백범로910번길 27,업무용대형연소기,영업,액법
경기 김포시,공신테크(주),경기도 김포시 양촌읍 대포산단로 47,압력용기,영업,고법
경남 함안군,광신기계공업(주),경상남도 함안군 칠원읍 오곡로 124 ,압력용기,영업,고법
경남 함안군,광신기계공업(주),경상남도 함안군 칠원읍 오곡로 124 ,압력용기,영업,액법
경남 함안군,광신기계공업(주),경상남도 함안군 칠원읍 오곡로 124 ,압축기,영업,고법
경남 함안군,광신기계공업(주),경상남도 함안군 칠원읍 오곡로 124 ,압축기,영업,액법
경남 함안군,광신기계공업(주),경상남도 함안군 칠원읍 오곡로 124 ,응축기,영업,고법
경남 함안군,광신기계공업(주),경상남도 함안군 칠원읍 오곡로 124 ,응축기,영업,액법
경남 함안군,광신기계공업(주),경상남도 함안군 칠원읍 오곡로 124 ,증발기,영업,고법
경남 함안군,광신기계공업(주),경상남도 함안군 칠원읍 오곡로 124 ,증발기,영업,액법
경남 함안군,광신기계공업(주)3공장,경상남도 함안군 칠원면 용정1길 37,압력용기,영업,고법
대전 대덕구,국제냉동(주),대전광역시 대덕구 산업단지로87번길 101,냉동기,영업,고법
대전 대덕구,국제냉동(주),대전광역시 대덕구 산업단지로87번길 101,냉동설비,영업,고법
서울 구로구,국제주방,서울특별시 구로구 신도림로15길 35,업무용대형연소기,영업,액법
인천 남동구,굿플렉스,인천광역시 남동구 고잔로 83 2층,호스,영업,액법
인천 서구,그린쿡&로스타,인천광역시 서구 백범로934번길 15 대덕테크노타운408호,업무용대형연소기,영업,액법
충북 충주시,글로벌세이프벨루(주),충청북도 충주시 봉계4길 15,콕크,영업,액법
울산 울주군,금성지티씨(주),울산광역시 울주군 언양읍 반천산업로 203 ,압력용기,영업,고법
울산 울주군,금성지티씨(주),울산광역시 울주군 언양읍 반천산업로 203 ,저장탱크,영업,고법
울산 울주군,금성화학기계공업(주),울산광역시 울주군 고연리 고연공단4길 32,기화장치,영업,고법
울산 울주군,금성화학기계공업(주),울산광역시 울주군 고연리 고연공단4길 32,냉동설비,영업,고법
울산 울주군,금성화학기계공업(주),울산광역시 울주군 고연리 고연공단4길 32,소형탱크,영업,고법
울산 울주군,금성화학기계공업(주),울산광역시 울주군 고연리 고연공단4길 32,압력용기,영업,고법
울산 울주군,금성화학기계공업(주),울산광역시 울주군 고연리 고연공단4길 32,저장탱크,영업,고법
울산 울주군,금성화학기계공업(주),울산광역시 울주군 고연리 고연공단4길 32,탱크로리,영업,고법
대구 북구,금정산업,대구광역시 북구 유통단지로3길 36,업무용대형연소기,영업,액법
대구 북구,금정산업,대구광역시 북구 유통단지로3길 36,주물연소기,영업,액법
대구 북구,금정산업,대구광역시 북구 유통단지로3길 36,콕크,영업,액법
경기 안산시 단원구,금화산업,경기도 안산시 단원구 별망로159번길 42,압력용기,영업,고법
경남 김해시,남성정밀(주),경상남도 김해시 상동면 상동로 460,배관용밸브,영업,액법
전남 여수시,남해화학(주),전라남도 여수시 여수산단로 1384,압력용기,영업,고법
전남 여수시,남해화학(주),전라남도 여수시 여수산단로 1384,압력용기,영업,액법
전남 여수시,남해화학(주),전라남도 여수시 여수산단로 1384,저장탱크,영업,고법
전남 여수시,남해화학(주),전라남도 여수시 여수산단로 1384,저장탱크,영업,액법
경기 남양주시,네로컴퍼니,경기도 남양주시 진접읍 장현로147번길 21,업무용대형연소기,영업,액법
경기 남양주시,뉴텍에너지,경기도 남양주시 진접읍 부마로 207,업무용대형연소기,영업,액법
충북 충주시,니마테코,충청북도 충주시 주덕읍 충청대로 2236-1,업무용대형연소기,영업,액법
부산 강서구,니키소씨이앤드아이지코리아주식회사,부산광역시 강서구 녹산산업중로 83 (송정동) ,압력용기,영업,고법
경기 화성시,다온테크,경기도 화성시 봉담읍 골말2길 9-8,업무용대형연소기,영업,액법
충남 공주시,대경산업,충청남도 공주시 계룡면 영규대사로 777,배관이음관,영업,액법
울산 남구,대경이앤씨(주),울산광역시 남구 용잠로40번길 30,냉동설비,영업,고법
울산 남구,대경이앤씨(주),울산광역시 남구 용잠로40번길 30,압력용기,영업,고법
울산 남구,대경이앤씨(주),울산광역시 남구 용잠로40번길 30,저장탱크,영업,고법
강원 횡성군,대경종합주방,강원특별자치도 횡성군 우천면 수남로266번길 32 ,업무용대형연소기,영업,액법
경기 양주시,대광토탈키친,경기도 양주시 화합로 1829-12,업무용대형연소기,영업,액법
경기 남양주시,대길주방설비,경기도 남양주시 진접읍 진벌로 81,업무용대형연소기,영업,액법
부산 강서구,대동엔텍(주),부산광역시 강서구 녹산산단77로22번길 37 (송정동),압력용기,영업,고법
부산 강서구,대동엔텍(주),부산광역시 강서구 녹산산단77로22번길 37 (송정동),저장탱크,영업,고법
부산 영도구,대동철공소,부산광역시 영도구 남항서로104번길 2 (남항동2가),독성가스배관용밸브,영업,고법
부산 영도구,대동철공소,부산광역시 영도구 남항서로104번길 2 (남항동2가),독성가스배관용밸브,영업,액법
부산 영도구,대동철공소,부산광역시 영도구 남항서로104번길 2 (남항동2가),안전밸브,영업,고법
부산 영도구,대동철공소,부산광역시 영도구 남항서로104번길 2 (남항동2가),안전밸브,영업,액법
경북 칠곡군,대림로얄이엔피(주),경상북도 칠곡군 왜관읍 공단로1길 152,가스보일러,영업,고법
경북 칠곡군,대림로얄이엔피(주),경상북도 칠곡군 왜관읍 공단로1길 152,가스보일러,영업,액법
전남 영암군,대상중공업(주),전라남도 영암군 삼호읍 나불로 235 ,압력용기,영업,고법
경북 문경시,대성계전(주),경상북도 문경시 호계면 태봉1길 5,가스누출자동차단장치,영업,액법
경기 포천시,대성산업(주)캔사업소,경기도 포천시 영중면 호국로 2583-1 ,납붙임 및 접합용기,영업,고법
경기 포천시,대성산업(주)캔사업소,경기도 포천시 영중면 호국로 2583-1 ,이동식부탄연소기용용접용기,영업,고법
충북 음성군,대성쎌틱에너시스(주),충청북도 음성군 삼성면 상곡로 55-72,가스보일러,영업,고법
충북 음성군,대성쎌틱에너시스(주),충청북도 음성군 삼성면 상곡로 55-72,가스보일러,영업,액법
충북 음성군,대성쎌틱에너시스(주),충청북도 음성군 삼성면 상곡로 55-72,가스온수기,영업,고법
충북 음성군,대성쎌틱에너시스(주),충청북도 음성군 삼성면 상곡로 55-72,가스온수기,영업,액법
경기 화성시,대성하이원(주),경기도 화성시 팔탄면 버들로1318번길 12-11,가스난방기,영업,액법
경기 남양주시,대승주방,경기도 남양주시 의안로260번길 44 (평내동) ,업무용대형연소기,영업,액법
전남 여수시,대신기공(주),전라남도 여수시 여수산단로 735,압력용기,영업,고법
전남 여수시,대신기공(주),전라남도 여수시 여수산단로 735,저장탱크,영업,고법
충남 서산시,대신기공(주),충청남도 서산시 대산읍 평신1로 595-45,압력용기,영업,고법
충남 서산시,대신기공(주),충청남도 서산시 대산읍 평신1로 595-45,저장탱크,영업,고법
전남 여수시,대아이앤씨(주),전라남도 여수시 여수산단1로 310-13,압력용기,영업,고법
전남 여수시,대아이앤씨(주),전라남도 여수시 여수산단1로 310-13,저장탱크,영업,고법
경기 화성시,대양에프엔지,경기도 화성시 정남면 문학로68번길 26-12,가스누출자동차단장치,영업,액법
대구 동구,대영산업,대구광역시 동구 안심로55길 21,업무용대형연소기,영업,액법
대구 동구,대영이엔지,대구광역시 동구 안심로55길 21,주물연소기,영업,액법
전북 익산시,대우사,전북특별자치도 익산시 목천로2길 95 (인화동2가) ,업무용대형연소기,영업,액법
경기 부천시 소사구,대원전기,경기도 부천시 소사구 송내동 387-13,가스그릴,영업,액법
경기 부천시 소사구,대원전기,경기도 부천시 소사구 송내동 387-13,업무용대형연소기,영업,액법
경기 오산시,대한공조(주),경기도 오산시 독산성로 342,냉동설비,영업,고법
대구 북구,대한산업,대구광역시 북구 오봉로21길 14,업무용대형연소기,영업,액법
경기 부천시 오정구,대한엔지니어링,경기도 부천시 오정구 석천로442번길 19 1층,기화장치,영업,고법
인천 서구,대현로스타,"인천광역시 서구 가석로 30 421호, 422호",가스그릴,영업,액법
인천 서구,대현로스타,"인천광역시 서구 가석로 30 421호, 422호",고압가스,영업,액법
인천 서구,대현로스타,"인천광역시 서구 가석로 30 421호, 422호",업무용대형연소기,영업,액법
광주 광산구,대흥주물,광주광역시 광산구 하남산단4번로 156 (장덕동) ,주물연소기,영업,액법
인천 남동구,대흥테크(주),인천광역시 남동구 남동대로410번길 23,용기용밸브,영업,고법
경기 김포시,덕산금속(주),경기도 김포시 월곶면 대곶로484번길 43-16 ,용기용밸브,영업,고법
경기 김포시,덕산금속(주),경기도 김포시 월곶면 대곶로484번길 43-16 ,용기용밸브,영업,액법
부산 강서구,덕산에테르씨티 주식회사,부산광역시 강서구 녹산산단17로 113 (송정동) ,압력용기,영업,고법
부산 강서구,덕산에테르씨티 주식회사,부산광역시 강서구 녹산산단17로 113 (송정동) ,용기용밸브,영업,고법
부산 강서구,덕산에테르씨티 주식회사,부산광역시 강서구 녹산산단17로 113 (송정동) ,이음매없는용기,영업,고법
경기 남양주시,덕휘주방,경기도 남양주시 의안로260번길 46-60,업무용대형연소기,영업,액법
서울 성동구,동광금속,"서울특별시 성동구 성수이로18길 45 (성수동2가, 1층)",업무용대형연소기,영업,액법
대전 동구,동방,대전광역시 동구 이사로 119 ,업무용대형연소기,영업,액법
경기 포천시,동산기업,경기도 포천시 군내면 연정말길 87 ,이동식부탄연소기,영업,액법
경기 남양주시,동성세이프,경기도 남양주시 진접읍 금강로1521번길 66,그밖의가스용품,영업,액법
경기 남양주시,동성세이프,경기도 남양주시 진접읍 금강로1521번길 66,이동식부탄연소기,영업,액법
경기 부천시 원미구,동신금속,경기도 부천시 원미구 도당동 21-3,가스그릴,영업,액법
경기 부천시 원미구,동신금속,경기도 부천시 원미구 도당동 21-3,가스렌지,영업,액법
경기 부천시 원미구,동신금속,경기도 부천시 원미구 도당동 21-3,기타연소기,영업,액법
경기 부천시 원미구,동신금속,경기도 부천시 원미구 도당동 21-3,업무용대형연소기,영업,액법
부산 사상구,동아공업사,부산광역시 사상구 낙동대로 865 (감전동),업무용대형연소기,영업,액법
부산 사상구,동아공업사,부산광역시 사상구 낙동대로 865 (감전동),주물연소기,영업,액법
경기 용인시 처인구,동아금속주름관(주),경기도 용인시 처인구 백암면 죽양대로 956-10,호스,영업,액법
경기 부천시 오정구,동아시스템,경기도 부천시 오정구 신흥로438번길 50,업무용대형연소기,영업,액법
경기 김포시,동우공업(주),경기도 김포시 양촌읍 삼도로 272,가스난방기,영업,액법
경기 김포시,동우공업(주),경기도 김포시 양촌읍 삼도로 272,강제혼합식가스버너,영업,액법
경기 이천시,동우테크,경기도 이천시 신둔면 이장로311번길 359,업무용대형연소기,영업,액법
부산 사상구,동원밸브공업사,부산광역시 사상구 사상로417번길 37 부천정밀,콕크,영업,액법
부산 강서구,동은밸브(주),부산광역시 강서구 과학산단로369번길 9(지사동),독성가스배관용밸브,영업,고법
부산 강서구,동은밸브(주),부산광역시 강서구 과학산단로369번길 9(지사동),독성가스배관용밸브,영업,액법
울산 남구,동일산업(주),울산광역시 남구 산안로 114,압력용기,영업,고법
울산 남구,동일산업(주),울산광역시 남구 산안로 114,저장탱크,영업,고법
경남 함안군,동해기계(주),경상남도 함안군 법수면 법수로 358-46 ,압력용기,영업,고법
경남 함안군,동해기계(주),경상남도 함안군 법수면 법수로 358-46 ,저장탱크,영업,고법
경기 양주시,동화윈(주),경기도 양주시 광적면 광적로 289-12 ,냉동기,영업,고법
경기 양주시,동화윈(주),경기도 양주시 광적면 광적로 289-12 ,수액기,영업,고법
경기 양주시,동화윈(주),경기도 양주시 광적면 광적로 289-12 ,압축기,영업,고법
경기 양주시,동화윈(주),경기도 양주시 광적면 광적로 289-12 ,응축기,영업,고법
경기 양주시,동화윈(주),경기도 양주시 광적면 광적로 289-12 ,증발기,영업,고법
경남 창원시 성산구,두산에너빌리티(주),경상남도 창원시 성산구 두산볼보로 22,압력용기,영업,고법
경남 창원시 성산구,두산에너빌리티(주),경상남도 창원시 성산구 두산볼보로 22,저장탱크,영업,고법
경기 부천시 오정구,두성기업,경기도 부천시 오정구 석천로442번길 80,업무용대형연소기,영업,액법
경남 사천시,두원중공업(주),경상남도 사천시 축동면 구해창길 20-7 두원중공업,압축기,영업,고법
경남 사천시,두원중공업(주),경상남도 사천시 축동면 구해창길 20-7 두원중공업,응축기,영업,고법
경기 양주시,드림로스터,경기도 양주시 고덕로139번길 136-2 (덕계동) 1층,업무용대형연소기,영업,고법
경기 김포시,디아이밸브(주),경기도 김포시 양촌읍 황금로292번길 29,배관용밸브,영업,액법
경남 김해시,디아이시스템(주)1공장,경상남도 김해시 한림면 김해대로 1458-26,응축기,영업,고법
경남 김해시,디아이시스템(주)1공장,경상남도 김해시 한림면 김해대로 1458-26,증발기,영업,고법
경기 화성시,디앨(주),경기도 화성시 서신면 제부로722번길 36,소형탱크,영업,고법
경기 화성시,디앨(주),경기도 화성시 서신면 제부로722번길 36,소형탱크,영업,액법
경기 화성시,디앨(주),경기도 화성시 서신면 제부로722번길 36,압력용기,영업,고법
경기 화성시,디앨(주),경기도 화성시 서신면 제부로722번길 36,압력용기,영업,액법
경기 화성시,디앨(주),경기도 화성시 서신면 제부로722번길 36,탱크로리,영업,고법
경기 화성시,디앨(주),경기도 화성시 서신면 제부로722번길 36,탱크로리,영업,액법
경기 화성시,디에스베이어레프코리아(주),경기도 화성시 우정읍 기아자동차로 403,냉동기,영업,고법
경기 화성시,디에스베이어레프코리아(주),경기도 화성시 우정읍 기아자동차로 403,응축기,영업,고법
경기 화성시,디에스베이어레프코리아(주),경기도 화성시 우정읍 기아자동차로 403,증발기,영업,고법
경남 김해시,디에이치피이엔지(주),경상남도 김해시 한림면 김해대로1022번길 105 ,압력용기,영업,고법
서울 종로구,디엘이앤씨(주),서울특별시 종로구 통일로 134 (평동) 36 대림빌딩,액화천연가스저장탱크,영업,고법
서울 종로구,디엘이앤씨(주),서울특별시 종로구 통일로 134 (평동) 36 대림빌딩,액화천연가스저장탱크,영업,액법
경남 김해시,디케이락(주),경상남도 김해시 주촌면 골든루트로129번길 7,독성가스배관용밸브,영업,고법
경남 김해시,디케이락(주),경상남도 김해시 주촌면 골든루트로129번길 7,독성가스배관용밸브,영업,액법
경남 김해시,디케이락(주),경상남도 김해시 주촌면 골든루트로129번길 7,안전밸브,영업,고법
경남 김해시,디케이락(주),경상남도 김해시 주촌면 골든루트로129번길 7,안전밸브,영업,액법
경남 김해시,디케이락(주),경상남도 김해시 주촌면 골든루트로129번길 7,용기용밸브,영업,고법
경남 김해시,디케이락(주),경상남도 김해시 주촌면 골든루트로129번길 7,용기용밸브,영업,액법
경남 김해시,디케이락(주),"경상남도 김해시 주촌면 골든루트로129번길 7, F-4",배관용밸브,영업,액법
경남 김해시,디케이락(주),"경상남도 김해시 주촌면 골든루트로129번길 7, F-4",안전밸브,영업,액법
울산 울주군,디케이엠이 주식회사 울산2공장,울산광역시 울주군 온산읍 대정로 52,압력용기,영업,고법
울산 울주군,디케이엠이 주식회사 울산2공장,울산광역시 울주군 온산읍 대정로 52,저장탱크,영업,고법
울산 남구,디케이엠이(주),울산광역시 남구 처용로 260-37,기화장치,영업,고법
울산 남구,디케이엠이(주),울산광역시 남구 처용로 260-37,냉동설비,영업,고법
울산 남구,디케이엠이(주),울산광역시 남구 처용로 260-37,압력용기,영업,고법
울산 남구,디케이엠이(주),울산광역시 남구 처용로 260-37,저장탱크,영업,고법
울산 남구,디케이엠이(주),울산광역시 남구 처용로 260-37,탱크로리,영업,고법
경기 김포시,디판(주),경기도 김포시 양촌읍 황금3로8번길 23,업무용대형연소기,영업,액법
서울 금천구,라텍코리아시스템,서울특별시 금천구 가산로3길 129 (주)캐리마,안전밸브,영업,고법
서울 금천구,라텍코리아시스템,서울특별시 금천구 가산로3길 129 (주)캐리마,안전밸브,영업,액법
광주 광산구,럭키금속(주),광주광역시 광산구 평동산단2번로 198,업무용대형연소기,영업,액법
인천 미추홀구,롯데알미늄(주)기공사업본부,인천광역시 미추홀구 염전로333번길 8,냉동기,영업,고법
인천 미추홀구,롯데알미늄(주)기공사업본부,인천광역시 미추홀구 염전로333번길 8,냉동기,영업,액법
인천 미추홀구,롯데알미늄(주)기공사업본부,인천광역시 미추홀구 염전로333번길 8,응축기,영업,고법
인천 미추홀구,롯데알미늄(주)기공사업본부,인천광역시 미추홀구 염전로333번길 8,응축기,영업,액법
인천 미추홀구,롯데알미늄(주)기공사업본부,인천광역시 미추홀구 염전로333번길 8,증발기,영업,고법
인천 미추홀구,롯데알미늄(주)기공사업본부,인천광역시 미추홀구 염전로333번길 8,증발기,영업,액법
경기 남양주시,리나스대성(주),경기도 남양주시 화도읍 녹촌로 57-38 ,업무용대형연소기,영업,액법
인천 서구,린나이코리아(주)3공장,인천광역시 서구 가좌로12번길 39,가스보일러,영업,액법
인천 부평구,린나이코리아(주)제2공장,인천광역시 부평구 백범로577번길 48,가스보일러,영업,고법
인천 부평구,린나이코리아(주)제2공장,인천광역시 부평구 백범로577번길 48,가스보일러,영업,액법
경기 파주시,마이커피,경기도 파주시 교하로1205번길 56 (오도동) ,업무용대형연소기,영업,액법
경기 용인시 기흥구,마포산업,경기도 용인시 기흥구 용구대로2469번길 38,가스그릴,영업,액법
경기 용인시 기흥구,마포산업,경기도 용인시 기흥구 용구대로2469번길 38,가스난방기,영업,액법
경기 용인시 기흥구,마포산업,경기도 용인시 기흥구 용구대로2469번길 38,가스렌지,영업,액법
경기 용인시 기흥구,마포산업,경기도 용인시 기흥구 용구대로2469번길 38,업무용대형연소기,영업,액법
충남 서산시,메인테크플랜트(주),충청남도 서산시 대산읍 죽엽로 285-10,압력용기,영업,고법
충남 서산시,메인테크플랜트(주),충청남도 서산시 대산읍 죽엽로 285-10,저장탱크,영업,고법
충남 당진시,명우네오텍(주),충청남도 당진시 송산면 녹동로 210-1,압력용기,영업,고법
충남 당진시,명우네오텍(주),충청남도 당진시 송산면 녹동로 210-1,응축기,영업,고법
충남 당진시,명우네오텍(주),충청남도 당진시 송산면 녹동로 210-1,저장탱크,영업,고법
충남 당진시,명우네오텍(주),충청남도 당진시 송산면 녹동로 210-1,증발기,영업,고법
경기 화성시,모카로스터스,경기도 화성시 향남읍 우등길 13-4,업무용대형연소기,영업,액법
경기 김포시,미가상사,경기도 김포시 양촌읍 황금1로80번길 130 (103호),업무용대형연소기,영업,액법
전남 여수시,미래기계기술주식회사,전라남도 여수시 산단중앙로 135,압력용기,영업,고법
전남 여수시,미래기계기술주식회사,전라남도 여수시 산단중앙로 135,저장탱크,영업,고법
경기 고양시 일산동구,미화인더스트리,경기도 고양시 일산동구 사리현로 147-3,업무용대형연소기,영업,액법
경남 밀양시,반석리퀴드앤이엔지(주),경상남도 밀양시 초동면 명성2길 58-4,기화장치,영업,고법
경남 밀양시,반석리퀴드앤이엔지(주),경상남도 밀양시 초동면 명성2길 58-4,압력용기,영업,고법
경남 밀양시,반석리퀴드앤이엔지(주),경상남도 밀양시 초동면 명성2길 58-4,저장탱크,영업,고법
경기 안산시 단원구,버슘머트리얼즈한양기공(주),경기도 안산시 단원구 해봉로 283,실린더캐비넷,영업,고법
경남 창원시 성산구,범한메카텍(주) 창원1공장,경상남도 창원시 성산구 적현로 259,기화장치,영업,고법
경남 창원시 성산구,범한메카텍(주) 창원1공장,경상남도 창원시 성산구 적현로 259,압력용기,영업,고법
경남 창원시 성산구,범한메카텍(주) 창원1공장,경상남도 창원시 성산구 적현로 259,저장탱크,영업,고법
경남 창원시 성산구,범한메카텍(주)창원2공장,경상남도 창원시 성산구 삼동로 101,압력용기,영업,고법
경남 창원시 성산구,범한메카텍(주)창원2공장,경상남도 창원시 성산구 삼동로 101,저장탱크,영업,고법
경기 광주시,보글락에프에스(주),경기도 광주시 오포읍 오포로498번길 8-5,업무용대형연소기,영업,액법
부산 사하구,부영씨에스티 주식회사,부산광역시 사하구 홍티로 103 (다대동),배관용밸브,영업,고법
부산 사하구,부영씨에스티 주식회사,부산광역시 사하구 홍티로 103 (다대동),배관용밸브,영업,액법
부산 사하구,부영씨에스티 주식회사,부산광역시 사하구 홍티로 103 (다대동),압력용기,영업,고법
부산 사하구,부영씨에스티 주식회사,부산광역시 사하구 홍티로 103 (다대동),압력용기,영업,액법
경기 남양주시,부흥세이프(주),경기도 남양주시 진접읍 금강로1281번길 44,가스그릴,영업,액법
경기 남양주시,부흥세이프(주),경기도 남양주시 진접읍 금강로1281번길 44,고압가스,영업,액법
경기 남양주시,부흥세이프(주),경기도 남양주시 진접읍 금강로1281번길 44,기타연소기,영업,액법
경기 남양주시,부흥세이프(주),경기도 남양주시 진접읍 금강로1281번길 44,업무용대형연소기,영업,액법
경남 함안군,비에이치아이(주),경상남도 함안군 군북면 장백로 122 ,기화장치,영업,고법
경남 함안군,비에이치아이(주),경상남도 함안군 군북면 장백로 122 ,압력용기,영업,고법
경남 함안군,비에이치아이(주)모로지점,경상남도 함안군 군북면 여명로 309 ,압력용기,영업,고법
경남 함안군,비에이치아이(주)모로지점,경상남도 함안군 군북면 여명로 309 ,저장탱크,영업,고법
울산 울주군,비엠에스파워주식회사,울산광역시 울주군 언양읍 반천산업로 219-9 ,압력용기,영업,고법
울산 울주군,비엠에스파워주식회사,울산광역시 울주군 언양읍 반천산업로 219-9 ,저장탱크,영업,고법
대전 대덕구,사랑열기,대전광역시 대덕구 방두말4길(평촌동) 15,업무용대형연소기,영업,액법
경북 구미시,사랑채가마솥,경상북도 구미시 도개면 도안로 308,업무용대형연소기,영업,액법
경남 창원시 성산구,삼성다이나에이치백(주),경상남도 창원시 성산구 공단로 535,냉동기,영업,고법
광주 광산구,삼성전자(주),광주광역시 광산구 하남산단6번로 107,냉동설비,영업,고법
광주 광산구,삼성전자(주),광주광역시 광산구 하남산단6번로 107,응축기,영업,고법
광주 광산구,삼성전자(주),광주광역시 광산구 하남산단6번로 107,증발기,영업,고법
경기 김포시,삼우금속개발(주),경기도 김포시 통진읍 고척로 231,업무용대형연소기,영업,액법
경기 남양주시,삼원금속공업(주),경기도 남양주시 진건읍 독정로성지2길 106-4,업무용대형연소기,영업,액법
경기 화성시,삼정엔지니어링(주),경기도 화성시 양감면 개월안길 110-24,기화장치,영업,고법
경기 안산시 단원구,서울기계,"경기도 안산시 단원구 능안로 81, 1032호",업무용대형연소기,영업,액법
충남 당진시,서울기계공업(주),충청남도 당진시 석문면 산단3로1길 50 ,냉동설비,영업,고법
충남 당진시,서울기계공업(주),충청남도 당진시 석문면 산단3로1길 50 ,압력용기,영업,고법
경기 성남시 분당구,서일,"경기도 성남시 분당구 판교로 700 (야탑동,분당테크노파크D동102호)",업무용대형연소기,영업,액법
인천 계양구,선경산업,인천광역시 계양구 서운산단로3길 1,업무용대형연소기,영업,액법
경기 성남시 중원구,선호엔지니어링,경기도 성남시 중원구 사기막골로 124 SK테크노파크 테크센터동 1206호,실린더캐비넷,영업,고법
경기 남양주시,성일로스타,경기도 남양주시 진접읍 내각1로 22 ,가스그릴,영업,액법
경기 남양주시,성일로스타,경기도 남양주시 진접읍 내각1로 22 ,가스렌지,영업,액법
경기 남양주시,성일로스타,경기도 남양주시 진접읍 내각1로 22 ,업무용대형연소기,영업,액법
경기 고양시 일산서구,성진하이쿨(주),경기도 고양시 일산서구 멱절길86번길 61-19 ,업무용대형연소기,영업,액법
전남 영암군,성창이엔씨(주),"전라남도 영암군 삼호읍 대불산단3로 168, 192 성창중공업(주)",압력용기,영업,고법
부산 기장군,성화퓨렌텍(주),부산광역시 기장군 정관읍 정관상곡2길 25-31,가스누출자동차단장치,영업,액법
경남 김해시,세영메탈(주),경상남도 김해시 상동면 상동로685번길 142-18,호스,영업,액법
경북 포항시 북구,세영인더스트리 주식회사,경상북도 포항시 북구 청하면 용산길 289,압력용기,영업,고법
경북 포항시 북구,세영인더스트리 주식회사,경상북도 포항시 북구 청하면 용산길 289,저장탱크,영업,고법
부산 사상구,세원엔지니어링,부산광역시 사상구 낙동대로 865 (감전동),배관용밸브,영업,고법
부산 사상구,세원엔지니어링,부산광역시 사상구 낙동대로 865 (감전동),배관용밸브,영업,액법
부산 사상구,세원엔지니어링,부산광역시 사상구 낙동대로 865 (감전동),안전밸브,영업,고법
부산 사상구,세원엔지니어링,부산광역시 사상구 낙동대로 865 (감전동),안전밸브,영업,액법
부산 사상구,세원엔지니어링,부산광역시 사상구 낙동대로 865 (감전동),역화방지장치,영업,고법
부산 사상구,세원엔지니어링,부산광역시 사상구 낙동대로 865 (감전동),역화방지장치,영업,액법
부산 사상구,세원엔지니어링,부산광역시 사상구 낙동대로 865 (감전동),콕크,영업,고법
부산 사상구,세원엔지니어링,부산광역시 사상구 낙동대로 865 (감전동),콕크,영업,액법
부산 사상구,세원엔지니어링,부산광역시 사상구 낙동대로 865 (감전동),호스,영업,고법
부산 사상구,세원엔지니어링,부산광역시 사상구 낙동대로 865 (감전동),호스,영업,액법
경남 창원시 성산구,세원이앤씨(주),경상남도 창원시 성산구 공단로 211(신촌동),기화장치,영업,고법
경남 창원시 성산구,세원이앤씨(주),경상남도 창원시 성산구 공단로 211(신촌동),압력용기,영업,고법
인천 계양구,세종에이엠씨(주),인천광역시 계양구 계양대로16번길 77,정압기용필터,영업,액법
경기 수원시 권선구,세화가스텍(주),경기도 수원시 권선구 산업로 105,기화장치,영업,고법
경기 수원시 권선구,세화가스텍(주),경기도 수원시 권선구 산업로 105,안전밸브,영업,고법
인천 서구,수성밸브공업(주),인천광역시 서구 마중5로 14 가동,독성가스배관용밸브,영업,고법
경기 평택시,스노우라인,경기도 평택시 오성면 양교6길 3-9 ,이동식부탄연소기,영업,액법
충북 청주시 서원구,스와스로스타,충청북도 청주시 서원구 남이면 양촌3길 7-20,가스그릴,영업,액법
충북 청주시 서원구,스와스로스타,충청북도 청주시 서원구 남이면 양촌3길 7-20,업무용대형연소기,영업,액법
경남 김해시,스피코(주),경상남도 김해시 진례면 서부로 909-43,압력용기,영업,고법
경남 김해시,스피코(주),경상남도 김해시 진례면 서부로 909-43,저장탱크,영업,고법
충남 금산군,승원,충청남도 금산군 복수면 용천로 867,이동식부탄연소기,영업,액법
경북 칠곡군,승화공업사,경상북도 칠곡군 왜관읍 아곡7길 10,가스난방기,영업,액법
경기 김포시,신강산기(주),경기도 김포시 대곶면 쇄암로88번길 86,압력용기,영업,고법
대구 북구,신광기업,대구광역시 북구 팔달북로2길 17,배관용밸브,영업,액법
대구 북구,신광기업,대구광역시 북구 팔달북로2길 17,콕크,영업,액법
대구 북구,신광기업,대구광역시 북구 팔달북로2길 17,호스,영업,액법
경기 부천시 원미구,신동아시스템,경기도 부천시 원미구 옥산로251번길 46 (도당동) 1층 일부,업무용대형연소기,영업,액법
경기 부천시 원미구,신동양,경기도 부천시 원미구 도약로308번길 32,이동식부탄연소기,영업,액법
경기 광주시,신성히트,경기도 광주시 오포읍 세피내길 82,가스난방기,영업,액법
경기 광주시,신성히트,경기도 광주시 오포읍 세피내길 82,강제혼합식가스버너,영업,액법
경기 광주시,신성히트,경기도 광주시 오포읍 세피내길 82,업무용대형연소기,영업,액법
대전 대덕구,신양에너지(주),대전광역시 대덕구 신일동로 55,냉동기,영업,고법
경남 김해시,신용화기,경상남도 김해시 주촌면 서부로1409번길 92,업무용대형연소기,영업,액법
경기 김포시,신한가스테크,경기도 김포시 양촌읍 황금로 117 이젠아파트형공장메카존 나동 429호,가스렌지,영업,액법
경기 화성시,신한열교환기공업(주),경기도 화성시 팔탄면 푸른들판로 617-19,압력용기,영업,고법
경남 창원시 성산구,신흥공업(주),경상남도 창원시 성산구 웅남로795번길 6,역화방지장치,영업,고법
경남 창원시 성산구,신흥공업(주),경상남도 창원시 성산구 웅남로795번길 6,역화방지장치,영업,액법
경기 평택시,신흥정공(주),경기도 평택시 포승읍 포승공단로 104 신흥공업(주),탱크로리,영업,고법
경기 화성시,신흥플랜트(주),경기도 화성시 향남읍 발안공단로1길 48,압력용기,영업,고법
경기 화성시,신흥하이테크,경기도 화성시 봉담읍 능산길 16-15,가스그릴,영업,액법
경기 화성시,신흥하이테크,경기도 화성시 봉담읍 능산길 16-15,가스렌지,영업,액법
경기 화성시,신흥하이테크,경기도 화성시 봉담읍 능산길 16-15,고압가스,영업,액법
경기 화성시,신흥하이테크,경기도 화성시 봉담읍 능산길 16-15,업무용대형연소기,영업,액법
인천 동구,씨앤에이치,인천광역시 동구 염전로40번길 40-23,업무용대형연소기,영업,액법
전남 여수시,씨에스주식회사,전라남도 여수시 율촌면 율촌산단2로 203-66,압력용기,영업,고법
전남 여수시,씨에스주식회사,전라남도 여수시 율촌면 율촌산단2로 203-66,저장탱크,영업,고법
경기 광주시,씨에이치(주),경기도 광주시 곤지암읍 구수동길11번길 17,업무용대형연소기,영업,액법
충남 금산군,씨엔비산업(주),충청남도 금산군 추부면 신평공단1로 69 씨엔비산업(주),압력용기,영업,고법
경기 안산시 단원구,씨티엠(주),경기도 안산시 단원구 해봉로 73 씨티엠(주),가스렌지,영업,액법
경남 창원시 성산구,아시아중공업(주),경상남도 창원시 성산구 남면로 245,압력용기,영업,고법
경남 창원시 성산구,아시아중공업(주),경상남도 창원시 성산구 남면로 245,저장탱크,영업,고법
전남 순천시,아시아티앤씨(주),전라남도 순천시 해룡면 율촌산단1로 19-21,압력용기,영업,고법
전남 순천시,아시아티앤씨(주),전라남도 순천시 해룡면 율촌산단1로 19-21,저장탱크,영업,고법
경남 김해시,아신큐앤텍,경상남도 김해시 진영읍 본산로219번길 84-6,자동차용가스주입기,영업,고법
경기 평택시,아이티오이엔에스(주),경기도 평택시 포승읍 포승공단순환로 171 ,소형탱크,영업,고법
경기 평택시,아이티오이엔에스(주),경기도 평택시 포승읍 포승공단순환로 171 ,압력용기,영업,고법
경기 평택시,아이티오이엔에스(주),경기도 평택시 포승읍 포승공단순환로 171 ,저장탱크,영업,고법
경기 평택시,아이티오이엔에스(주),경기도 평택시 포승읍 포승공단순환로 171 ,탱크로리,영업,고법
경기 김포시,아주산업,경기도 김포시 통진읍 율마로300번길 121-3 ,업무용대형연소기,영업,액법
대전 유성구,알파라발코헥스(주),대전광역시 유성구 테크노8로 41,압력용기,영업,고법
인천 서구,억조종합기계(주),인천광역시 서구 원전로 8,업무용대형연소기,영업,액법
전북 군산시,에너지엔(주)군산,전북특별자치도 군산시 자유무역2길 72 (오식도동) ,압력용기,영업,고법
전북 군산시,에너지엔(주)군산,전북특별자치도 군산시 자유무역2길 72 (오식도동) ,저장탱크,영업,고법
경기 화성시,에너진(주),경기도 화성시 마도면 청원산단2길 120,압력용기,영업,고법
경기 안양시 동안구,에스더불유아이(주),경기도 안양시 동안구 벌말로 91-9 SWI주식회사,독성가스배관용밸브,영업,고법
경기 안양시 동안구,에스더불유아이(주),경기도 안양시 동안구 벌말로 91-9 SWI주식회사,독성가스배관용밸브,영업,액법
경기 안양시 동안구,에스더불유아이(주),경기도 안양시 동안구 벌말로 91-9 SWI주식회사,배관용밸브,영업,고법
경기 안양시 동안구,에스더불유아이(주),경기도 안양시 동안구 벌말로 91-9 SWI주식회사,배관용밸브,영업,액법
경기 시흥시,에스비엠주식회사,경기도 시흥시 군자천로81번길 91 S.B.M(주),실린더캐비넷,영업,고법
경남 창원시 성산구,에스앤티에너지 주식회사,경상남도 창원시 성산구 완암로 12,압력용기,영업,고법
경남 창원시 성산구,에스앤티에너지 주식회사,경상남도 창원시 성산구 완암로 12,저장탱크,영업,고법
전북 군산시,에스앤티에너지(주),전북특별자치도 군산시 자유무역3길 19(오식도동) ,압력용기,영업,고법
부산 강서구,에스이에스티 주식회사,부산광역시 강서구 미음산단로8번길 37(구랑동),압력용기,영업,고법
부산 강서구,에스이에스티 주식회사,부산광역시 강서구 미음산단로8번길 37(구랑동),저장탱크,영업,고법
서울 종로구,에스케이에코엔지니어링 주식회사,"서울특별시 종로구 율곡로 6, B동 (중학동, 트윈 트리 빌딩)",액화천연가스저장탱크,영업,고법
서울 종로구,에스케이에코엔지니어링 주식회사,"서울특별시 종로구 율곡로 6, B동 (중학동, 트윈 트리 빌딩)",저장탱크,영업,고법
경남 사천시,에스탱크엔지니어링(주),경상남도 사천시 사남면 공단4로 155-21,기화장치,영업,고법
경남 사천시,에스탱크엔지니어링(주),경상남도 사천시 사남면 공단4로 155-21,압력용기,영업,고법
경남 사천시,에스탱크엔지니어링(주),경상남도 사천시 사남면 공단4로 155-21,저장탱크,영업,고법
경남 함안군,에스탱크엔지니어링(주),경상남도 함안군 법수면 법수로 318 ,압력용기,영업,고법
경남 함안군,에스탱크엔지니어링(주),경상남도 함안군 법수면 법수로 318 ,저장탱크,영업,고법
경기 양주시,에이스전자,경기도 양주시 광적면 그루고개로221번길 192-26,가스누출자동차단장치,영업,액법
경남 함안군,에이에스티(주),경상남도 함안군 대산면 송산로 769-95 ,압력용기,영업,고법
경남 함안군,에이에스티(주),경상남도 함안군 대산면 송산로 769-95 ,저장탱크,영업,고법
울산 동구,에이치디현대중공업(주),울산광역시 동구 방어진순환도로 1000 (전하동) 1000,그밖의용기,영업,고법
울산 동구,에이치디현대중공업(주),울산광역시 동구 방어진순환도로 1000 (전하동) 1000,그밖의용기,영업,액법
울산 동구,에이치디현대중공업(주),울산광역시 동구 방어진순환도로 1000 (전하동) 1000,압력용기,영업,고법
울산 동구,에이치디현대중공업(주),울산광역시 동구 방어진순환도로 1000 (전하동) 1000,압력용기,영업,액법
울산 동구,에이치디현대중공업(주),울산광역시 동구 방어진순환도로 1000 (전하동) 1000,저장탱크,영업,고법
울산 동구,에이치디현대중공업(주),울산광역시 동구 방어진순환도로 1000 (전하동) 1000,저장탱크,영업,액법
경기 평택시,에이치아이티(주),경기도 평택시 세교산단로 72 ,실린더캐비넷,영업,고법
경기 안산시 단원구,엔비피코리아,경기도 안산시 단원구 엠티브이8로 22,강제혼합식가스버너,영업,액법
경기 군포시,엔텍스,경기도 군포시 엘에스로182번길 28-2 (산본동),업무용대형연소기,영업,액법
경기 평택시,엘림E.N.G,경기도 평택시 서탄면 수월암4길 26-24 ,업무용대형연소기,영업,액법
경기 평택시,엘지전자평택칠러공장,경기도 평택시 진위면 동부대로 120,응축기,영업,고법
경기 평택시,엘지전자평택칠러공장,경기도 평택시 진위면 동부대로 120,증발기,영업,고법
부산 강서구,엠티에이치(Mt.H)콘트롤밸브(주),부산광역시 강서구 녹산산업중로 296 (송정동),안전밸브,영업,고법
부산 강서구,엠티에이치(Mt.H)콘트롤밸브(주),부산광역시 강서구 녹산산업중로 296 (송정동),안전밸브,영업,액법
경기 화성시,연합개발(주),경기도 화성시 팔탄면 노하길395번길 10,압력용기,영업,고법
경기 화성시,연합개발(주),경기도 화성시 팔탄면 노하길395번길 10,저장탱크,영업,고법
부산 강서구,영도산업(주),부산광역시 강서구 녹산산업중로 22 (송정동),배관용밸브,영업,고법
부산 강서구,영도산업(주),부산광역시 강서구 녹산산업중로 22 (송정동),배관용밸브,영업,액법
부산 강서구,영도산업(주),부산광역시 강서구 녹산산업중로 22 (송정동),용기용밸브,영업,고법
부산 강서구,영도산업(주),부산광역시 강서구 녹산산업중로 22 (송정동),용기용밸브,영업,액법
부산 강서구,영도산업(주),부산광역시 강서구 녹산산업중로 22 (송정동),자동차용가스주입기,영업,고법
부산 강서구,영도산업(주),부산광역시 강서구 녹산산업중로 22 (송정동),자동차용가스주입기,영업,액법
인천 남동구,영림기업,인천광역시 남동구 에코중앙로 25-1,이동식부탄연소기,영업,액법
경기 양주시,영서종합주방,경기도 양주시 칠봉산로321번길 126 (봉양동) ,업무용대형연소기,영업,액법
부산 사상구,영진테크,부산광역시 사상구 낙동대로1330번길 11 (삼락동) ,콕크,영업,액법
경기 시흥시,오에스지(주),경기도 시흥시 마유로132번길 44,업무용대형연소기,영업,액법
광주 광산구,오텍캐리어(주),광주광역시 광산구 하남산단3번로 55,냉동기,영업,고법
광주 광산구,오텍캐리어(주),광주광역시 광산구 하남산단3번로 55,냉동기,영업,액법
인천 남동구,온통기업,"인천광역시 남동구 논현고잔로54번길 30-5,3층",고압가스,영업,액법
인천 서구,올림피아공업(주),인천광역시 서구 가정로16번길 28 올림피아공업(주),강제혼합식가스버너,영업,액법
경기 평택시,용민로스타,경기도 평택시 포승읍 포승공단로 204,가스그릴,영업,액법
경기 평택시,용민로스타,경기도 평택시 포승읍 포승공단로 204,가스렌지,영업,액법
경기 평택시,용민로스타,경기도 평택시 포승읍 포승공단로 204,기타연소기,영업,액법
부산 사상구,우성진공기술(주),부산광역시 사상구 가야대로 212 (학장동),압력용기,영업,고법
부산 사상구,우성진공기술(주),부산광역시 사상구 가야대로 212 (학장동),저장탱크,영업,고법
부산 강서구,우성플로텍주식회사,부산광역시 강서구 미음산단3로 27,압력용기,영업,고법
인천 서구,우신로스타,인천광역시 서구 보도진로42번길 25,가스그릴,영업,액법
인천 서구,우신로스타,인천광역시 서구 보도진로42번길 25,가스렌지,영업,액법
인천 서구,우신로스타,인천광역시 서구 보도진로42번길 25,고압가스,영업,액법
인천 서구,우신로스타,인천광역시 서구 보도진로42번길 25,업무용대형연소기,영업,액법
경기 평택시,우양에이치씨(주),경기도 평택시 포승읍 평택항만길 305,압력용기,영업,고법
경기 평택시,우양에이치씨(주),경기도 평택시 포승읍 포승공단로118번길 88 우양에이치(주),암모니아용기,영업,고법
경기 평택시,우양에이치씨(주),경기도 평택시 포승읍 포승공단로118번길 88 우양에이치(주),압력용기,영업,고법
경기 평택시,우양에이치씨(주),경기도 평택시 포승읍 포승공단로118번길 88 우양에이치(주),저장탱크,영업,고법
부산 금정구,우영종합주방설비,부산광역시 금정구 동대로 20 (회동동),업무용대형연소기,영업,액법
경기 김포시,원일엔지니어링,경기도 김포시 하성면 원통로 101,배관이음관,영업,액법
충북 진천군,윈테크(주),충청북도 진천군 이월면 진광로 376,LPG용기,영업,고법
충북 진천군,윈테크(주),충청북도 진천군 이월면 진광로 376,그밖의용기,영업,고법
충북 진천군,윈테크(주),충청북도 진천군 이월면 진광로 376,소형탱크,영업,고법
충북 진천군,윈테크(주),충청북도 진천군 이월면 진광로 376,암모니아용기,영업,고법
충북 진천군,윈테크(주),충청북도 진천군 이월면 진광로 376,압력용기,영업,고법
충북 진천군,윈테크(주),충청북도 진천군 이월면 진광로 376,저장탱크,영업,고법
충북 진천군,윈테크(주),충청북도 진천군 이월면 진광로 376,프레온용기,영업,고법
경기 남양주시,유니크컴퍼니,경기도 남양주시 진건읍 독정로성지1길 8 ,업무용대형연소기,영업,액법
경기 광주시,유일KMC,경기도 광주시 초월읍 지월로100번길 89-2,업무용대형연소기,영업,액법
서울 관악구,유진물산,서울특별시 관악구 신사로 140-1 영송빌딩,업무용대형연소기,영업,액법
전남 여수시,유한기술(주),전라남도 여수시 여수산단1로 342-49 (화치동) ,압력용기,영업,고법
전남 여수시,유한기술(주),전라남도 여수시 여수산단1로 342-49 (화치동) ,저장탱크,영업,고법
충남 서산시,유한기술(주),충청남도 서산시 대산읍 평신1로 531-94,압력용기,영업,고법
충남 서산시,유한기술(주),충청남도 서산시 대산읍 평신1로 531-94,저장탱크,영업,고법
울산 남구,유한티유(주),울산광역시 남구 테크노산업로55번길 80-25,압력용기,영업,고법
울산 남구,유한티유(주),울산광역시 남구 테크노산업로55번길 80-25,저장탱크,영업,고법
전북 정읍시,유한회사리오알엔씨,전북특별자치도 정읍시 북면 상하유길 38-4 (보림리),업무용대형연소기,영업,액법
전남 여수시,유한회사중앙엔지니어링,전라남도 여수시 산단중앙로 45,냉동설비,영업,고법
전남 여수시,유한회사중앙엔지니어링,전라남도 여수시 산단중앙로 45,압력용기,영업,고법
전남 여수시,유한회사중앙엔지니어링,전라남도 여수시 산단중앙로 45,저장탱크,영업,고법
경기 양주시,이그니스,경기도 양주시 은현면 은현로312번길 105,이동식부탄연소기,영업,액법
경기 김포시,이세산업,경기도 김포시 대곶면 대곶북로68번길 78,업무용대형연소기,영업,액법
경남 김해시,이원주방,경상남도 김해시 주촌면 서부로1499번안길 21-5,업무용대형연소기,영업,액법
대전 대덕구,이지스터커피,대전광역시 대덕구 대화로32번길 60-9,업무용대형연소기,영업,액법
전남 여수시,인방산업(주),전라남도 여수시 산단중앙로 97,압력용기,영업,고법
전남 여수시,인방산업(주),전라남도 여수시 산단중앙로 97,저장탱크,영업,고법
경북 김천시,일신테크(주),경상북도 김천시 봉산면 봉산로 460-8,압력용기,영업,고법
전북 완주군,일진하이솔루스(주),전북특별자치도 완주군 봉동읍 완주산단5로 97-46 ,압력용기,영업,고법
경기 남양주시,장위데이타시스템(주),경기도 남양주시 화도읍 마치로284번길 118,배관이음관,영업,액법
충북 진천군,정대,충청북도 진천군 진천읍 문화로 614-3 정대,배관용밸브,영업,액법
충남 천안시 동남구,정우산기(주),충청남도 천안시 동남구 수신면 5산단로 253,기화장치,영업,고법
충남 천안시 동남구,정우산기(주),충청남도 천안시 동남구 수신면 5산단로 253,압력용기,영업,고법
충남 천안시 동남구,정우산기(주),충청남도 천안시 동남구 수신면 5산단로 253,저장탱크,영업,고법
부산 강서구,정우이앤이 주식회사,부산광역시 강서구 녹산산단261로74번길 20 (송정동),기화장치,영업,고법
부산 강서구,정우이앤이 주식회사,부산광역시 강서구 녹산산단261로74번길 20 (송정동),압력용기,영업,고법
부산 강서구,정우이앤이 주식회사,부산광역시 강서구 녹산산단261로74번길 20 (송정동),저장탱크,영업,고법
경기 화성시,제이비에너텍(주),경기도 화성시 비봉면 현대기아로 825-83,정압기용필터,영업,액법
부산 금정구,제이에프씨(주),부산광역시 금정구 동천로7번길 62-22 (회동동),압력용기,영업,고법
경남 양산시,제일E&S(주),경상남도 양산시 충렬로 309,독성가스배관용밸브,영업,고법
경기 용인시 처인구,제일테크,경기도 용인시 처인구 포곡읍 곡현로 290,업무용대형연소기,영업,액법
인천 서구,제트원,인천광역시 서구 대곡로89번안길 25,업무용대형연소기,영업,액법
경남 양산시,조광아이엘아이(주),경상남도 양산시 산막공단북10길 37,안전밸브,영업,고법
경남 김해시,㈜동산밸브,경상남도 김해시 진례면 고모로324번안길 167-2,긴급차단장치,영업,고법
경남 김해시,㈜동산밸브,경상남도 김해시 진례면 고모로324번안길 167-2,긴급차단장치,영업,액법
경남 김해시,㈜동산밸브,경상남도 김해시 진례면 고모로324번안길 167-2,배관용밸브,영업,고법
경남 김해시,㈜동산밸브,경상남도 김해시 진례면 고모로324번안길 167-2,배관용밸브,영업,액법
충남 예산군,주식회사 가스콤,충청남도 예산군 신암면 오신로 659,가스난방기,영업,액법
충남 예산군,주식회사 가스콤,충청남도 예산군 신암면 오신로 659,이동식부탄연소기,영업,액법
경기 시흥시,주식회사 나인코,경기도 시흥시 연성로156번길 42 ,업무용대형연소기,영업,액법
경기 성남시 중원구,주식회사 노부스테크,"경기도 성남시 중원구 갈마치로 215  제5층 제A-503호(상대원동, 금강펜테리움아이티타워)",업무용대형연소기,영업,액법
경남 창원시 진해구,주식회사 대광,경상남도 창원시 진해구 남영로527번길 28,압력조정기,영업,고법
경남 창원시 진해구,주식회사 대광,경상남도 창원시 진해구 남영로527번길 28,압력조정기,영업,액법
경남 창원시 진해구,주식회사 대광,경상남도 창원시 진해구 남영로527번길 28,역화방지장치,영업,고법
경남 창원시 진해구,주식회사 대광,경상남도 창원시 진해구 남영로527번길 28,역화방지장치,영업,액법
경기 시흥시,주식회사 대림주방,경기도 시흥시 공단1대로 144 시화공단2다202호A동105호2층,업무용대형연소기,영업,액법
충남 아산시,주식회사 대연,충청남도 아산시 도고면 도송로 23,배관이음관,영업,액법
경기 김포시,주식회사 동아이.앤.지,경기도 김포시 양촌읍 황금로  117 이젠메카존 나동  B133호,업무용대형연소기,영업,액법
부산 강서구,주식회사 레프코리아,부산광역시 강서구 녹산산단231로 27  (송정동),냉동기,영업,고법
부산 강서구,주식회사 레프코리아,부산광역시 강서구 녹산산단231로 27  (송정동),냉동설비,영업,고법
부산 강서구,주식회사 레프코리아,부산광역시 강서구 녹산산단231로 27  (송정동),압력용기,영업,고법
부산 강서구,주식회사 레프코리아,부산광역시 강서구 녹산산단231로 27  (송정동),저장탱크,영업,고법
인천 남동구,주식회사 비비씨,"인천광역시 남동구 호구포로 50 (825호,805호)",역화방지장치,영업,고법
경기 화성시,주식회사 서평에너지,경기도 화성시 장안면 한천1길 56-18,소형탱크,영업,고법
인천 남동구,주식회사 서평코리아,인천광역시 남동구 만월북로2번길 9 (간석동),배관용밸브,영업,고법
인천 남동구,주식회사 서평코리아,인천광역시 남동구 만월북로2번길 9 (간석동),배관용밸브,영업,액법
인천 남동구,주식회사 서평코리아,인천광역시 남동구 만월북로2번길 9 (간석동),안전밸브,영업,고법
인천 남동구,주식회사 서평코리아,인천광역시 남동구 만월북로2번길 9 (간석동),안전밸브,영업,액법
인천 남동구,주식회사 서평코리아,인천광역시 남동구 만월북로2번길 9 (간석동),자동차용가스주입기,영업,고법
인천 남동구,주식회사 서평코리아,인천광역시 남동구 만월북로2번길 9 (간석동),자동차용가스주입기,영업,액법
인천 부평구,주식회사 세이쿡,인천광역시 부평구 부평북로 376,가스그릴,영업,액법
인천 부평구,주식회사 세이쿡,인천광역시 부평구 부평북로 376,가스렌지,영업,액법
인천 부평구,주식회사 세이쿡,인천광역시 부평구 부평북로 376,업무용대형연소기,영업,액법
경기 파주시,주식회사 시스피아기연,"경기도 파주시 법원읍 오능골길 98, 가동",업무용대형연소기,영업,액법
경기 파주시,주식회사 시스피아기연,"경기도 파주시 법원읍 오능골길 98, 가동",이동식부탄연소기,영업,액법
충남 천안시 서북구,주식회사 아림공조,충청남도 천안시 서북구 직산읍 신갈1길 71-5,냉동기,영업,고법
충남 천안시 서북구,주식회사 아림공조,충청남도 천안시 서북구 직산읍 신갈1길 71-5,냉동설비,영업,고법
부산 강서구,주식회사 엔에스티이,부산광역시 강서구 제도로1041번길 523-1 (강동동),기화장치,영업,고법
부산 강서구,주식회사 엔에스티이,부산광역시 강서구 제도로1041번길 523-1 (강동동),긴급차단장치,영업,고법
경기 부천시 원미구,주식회사 케이티엘,경기도 부천시 원미구 평천로832번길 22 (도당동) ,업무용대형연소기,영업,액법
경기 시흥시,주식회사 큐블락,경기도 시흥시 옥구천서로185번길 67,긴급차단장치,영업,고법
부산 강서구,주식회사 크리오스,부산광역시 강서구 화전산단1로 155 (화전동),기화장치,영업,고법
부산 강서구,주식회사 크리오스,부산광역시 강서구 화전산단1로 155 (화전동),기화장치,영업,액법
부산 강서구,주식회사 크리오스,부산광역시 강서구 화전산단1로 155 (화전동),압력용기,영업,고법
부산 강서구,주식회사 크리오스,부산광역시 강서구 화전산단1로 155 (화전동),압력용기,영업,액법
부산 강서구,주식회사 크리오스,부산광역시 강서구 화전산단1로 155 (화전동),저장탱크,영업,고법
부산 강서구,주식회사 크리오스,부산광역시 강서구 화전산단1로 155 (화전동),저장탱크,영업,액법
부산 강서구,주식회사 크리오스,부산광역시 강서구 화전산단1로 155 (화전동),탱크로리,영업,고법
부산 강서구,주식회사 크리오스,부산광역시 강서구 화전산단1로 155 (화전동),탱크로리,영업,액법
부산 강서구,주식회사 태성가스기술,부산광역시 강서구 과학산단1로 54 (지사동),기화장치,영업,고법
부산 강서구,주식회사 태성가스기술,부산광역시 강서구 과학산단1로 54 (지사동),기화장치,영업,액법
부산 강서구,주식회사 태성가스기술,부산광역시 강서구 과학산단1로 54 (지사동),긴급차단장치,영업,고법
부산 강서구,주식회사 태성가스기술,부산광역시 강서구 과학산단1로 54 (지사동),긴급차단장치,영업,액법
부산 강서구,주식회사 태성가스기술,부산광역시 강서구 과학산단1로 54 (지사동),독성가스배관용밸브,영업,고법
부산 강서구,주식회사 태성가스기술,부산광역시 강서구 과학산단1로 54 (지사동),독성가스배관용밸브,영업,액법
부산 강서구,주식회사 태성가스기술,부산광역시 강서구 과학산단1로 54 (지사동),배관용밸브,영업,고법
부산 강서구,주식회사 태성가스기술,부산광역시 강서구 과학산단1로 54 (지사동),배관용밸브,영업,액법
부산 강서구,주식회사 태성가스기술,부산광역시 강서구 과학산단1로 54 (지사동),압력용기,영업,고법
부산 강서구,주식회사 태성가스기술,부산광역시 강서구 과학산단1로 54 (지사동),압력용기,영업,액법
부산 강서구,주식회사 태성가스기술,부산광역시 강서구 과학산단1로 54 (지사동),저장탱크,영업,고법
부산 강서구,주식회사 태성가스기술,부산광역시 강서구 과학산단1로 54 (지사동),저장탱크,영업,액법
부산 강서구,주식회사 태성가스기술,부산광역시 강서구 과학산단1로 54 (지사동),탱크로리,영업,고법
부산 강서구,주식회사 태성가스기술,부산광역시 강서구 과학산단1로 54 (지사동),탱크로리,영업,액법
부산 강서구,주식회사 태원,부산광역시 강서구 미음산단4로62번길 23(미음동),배관이음관,영업,액법
부산 강서구,주식회사 투와이젠,"부산광역시 강서구 낙동남로549번길 24, 3층 (녹산동) ",배관용밸브,영업,고법
경기 안성시,주식회사 티에스텍,경기도 안성시 서운면 매향길 54 ,실린더캐비넷,영업,고법
경기 시흥시,주식회사 프로콘엔지니어링,경기도 시흥시 산기대학로 320-7,압력용기,영업,고법
부산 강서구,"주식회사 하마이코리아(HAMAI KOREA CO.,LTD.)",부산광역시 강서구 미음산단1로15번길 114 (구랑동),용기용밸브,영업,고법
경기 김포시,주식회사 화로스타,경기도 김포시 대곶면 학의동로34번길 149 ,가스그릴,영업,액법
경기 김포시,주식회사 화로스타,경기도 김포시 대곶면 학의동로34번길 149 ,가스렌지,영업,액법
경기 김포시,주식회사 화로스타,경기도 김포시 대곶면 학의동로34번길 149 ,고압가스,영업,액법
경기 김포시,주식회사 화로스타,경기도 김포시 대곶면 학의동로34번길 149 ,업무용대형연소기,영업,액법
경기 김포시,주식회사 화로스타,경기도 김포시 대곶면 학의동로34번길 149 ,이동식부탄연소기,영업,액법
경기 시흥시,주식회사 효진산업,경기도 시흥시 미산로143번길 28-5,가스그릴,영업,액법
경기 시흥시,주식회사 효진산업,경기도 시흥시 미산로143번길 28-5,고압가스,영업,액법
경기 시흥시,주식회사 효진산업,경기도 시흥시 미산로143번길 28-5,업무용대형연소기,영업,액법
충북 청주시 청원구,주식회사 훼미리키친,충청북도 청주시 청원구 북이면 장양길 14-10,업무용대형연소기,영업,액법
광주 북구,주식회사다온알에스,"광주광역시 북구 용봉로 77, 전남대 정비센터(용봉동)",가스난방기,영업,액법
경기 부천시 오정구,주식회사덕인,경기도 부천시 오정구 오정로 43,강제혼합식가스버너,영업,액법
전남 영암군,주식회사보원엠앤피(신공장),전라남도 영암군 삼호읍 대불산단3로 36,압력용기,영업,고법
경기 광주시,주식회사삼일하이테크,경기도 광주시 고불로229번길 76 (태전동),업무용대형연소기,영업,액법
경기 광주시,주식회사삼일하이테크,경기도 광주시 고불로229번길 76 (태전동),이동식부탄연소기,영업,액법
강원 원주시,주식회사서이,강원특별자치도 원주시 신림면 싸리치길 176-33 ,이동식부탄연소기,영업,액법
울산 울주군,주식회사성한텍,울산광역시 울주군 온산읍 처용산업2길 84,기화장치,영업,고법
울산 울주군,주식회사성한텍,울산광역시 울주군 온산읍 처용산업2길 84,냉동설비,영업,고법
울산 울주군,주식회사성한텍,울산광역시 울주군 온산읍 처용산업2길 84,압력용기,영업,고법
울산 울주군,주식회사성한텍,울산광역시 울주군 온산읍 처용산업2길 84,저장탱크,영업,고법
울산 울주군,주식회사성한텍,울산광역시 울주군 청량읍 처용산업5길 29 29,기화장치,영업,고법
울산 울주군,주식회사성한텍,울산광역시 울주군 청량읍 처용산업5길 29 29,냉동설비,영업,고법
울산 울주군,주식회사성한텍,울산광역시 울주군 청량읍 처용산업5길 29 29,압력용기,영업,고법
울산 울주군,주식회사성한텍,울산광역시 울주군 청량읍 처용산업5길 29 29,저장탱크,영업,고법
충북 충주시,주식회사아스페,충청북도 충주시 대소원면 첨단산업7로 10-5,압력용기,영업,고법
경기 군포시,주식회사에이치앤티이엔씨,"경기도 군포시 엘에스로45번길 151,1층",강제혼합식가스버너,영업,액법
경기 광주시,주식회사에이치엔비,경기도 광주시 초월읍 무들로147번길 42-68,업무용대형연소기,영업,액법
경기 안성시,주식회사에이치케이씨,경기도 안성시 일죽면 주래본죽로 398-6,업무용대형연소기,영업,액법
경기 용인시 처인구,주식회사오디씨티,경기도 용인시 처인구 남사면 경기동로 175-28,실린더캐비넷,영업,고법
울산 울주군,주식회사윈이앤지,울산광역시 울주군 청량읍 처용산업로 243-44 133,압력용기,영업,고법
울산 울주군,주식회사윈이앤지,울산광역시 울주군 청량읍 처용산업로 243-44 133,저장탱크,영업,고법
충북 음성군,주식회사이룸홍투,충청북도 음성군 금왕읍 진성로 1397-26 ,소형탱크,영업,고법
경남 김해시,주식회사인테크케미칼,경상남도 김해시 생림면 상동로 78-34,호스,영업,액법
경북 상주시,주식회사지티산업,경상북도 상주시 사벌국면 목가1길 94,LPG용기,영업,고법
경북 상주시,주식회사지티산업,경상북도 상주시 사벌국면 목가1길 94,그밖의용기,영업,고법
경북 상주시,주식회사지티산업,경상북도 상주시 사벌국면 목가1길 94,암모니아용기,영업,고법
충남 천안시 서북구,주식회사쿡메이트,충청남도 천안시 서북구 직산읍 금곡로 113-25 ,업무용대형연소기,영업,액법
경기 광주시,주식회사한연,경기도 광주시 곤지암읍 부항길 34 ,업무용대형연소기,영업,액법
강원 원주시,㈜케이투앤,강원특별자치도 원주시 지정면 신평로 2-1 ,독성가스배관용밸브,영업,고법
강원 원주시,㈜케이투앤,강원특별자치도 원주시 지정면 신평로 2-1 ,안전밸브,영업,고법
경기 김포시,중동가스텍,경기도 김포시 대곶면 율생로 30,고압가스,영업,액법
경기 김포시,중동가스텍,경기도 김포시 대곶면 율생로 30,업무용대형연소기,영업,액법
서울 중랑구,중앙메탈,서울특별시 중랑구 동일로109가길 22,이동식부탄연소기,영업,액법
서울 종로구,지에스건설(주),서울특별시 종로구 종로 33 (청진동) ,액화천연가스저장탱크,영업,고법
서울 종로구,지에스건설(주),서울특별시 종로구 종로 33 (청진동) ,액화천연가스저장탱크,영업,액법
서울 종로구,지에스건설(주),서울특별시 종로구 종로 33 (청진동) ,저장탱크,영업,고법
서울 종로구,지에스건설(주),서울특별시 종로구 종로 33 (청진동) ,저장탱크,영업,액법
경기 화성시,지에이텍(주),경기도 화성시 장안면 방축말길35번길 78,압력용기,영업,고법
경기 화성시,지에이텍(주),경기도 화성시 장안면 방축말길35번길 78,저장탱크,영업,고법
울산 울주군,지엠텍주식회사,울산광역시 울주군 온산읍 처용리 135번지,압력용기,영업,고법
울산 울주군,지엠텍주식회사,울산광역시 울주군 온산읍 처용리 135번지,저장탱크,영업,고법
경기 화성시,지코아시아(주),경기도 화성시 마도면 마도공단로4길 48,강제혼합식가스버너,영업,액법
전남 영암군,지팸중공업(주),전라남도 영암군 삼호읍 용앙로 520 지팸중공업(주),압력용기,영업,고법
경남 함안군,진벽금속공업사,경상남도 함안군 함안면 광정로 344-10,업무용대형연소기,영업,액법
경남 함안군,진벽금속공업사,경상남도 함안군 함안면 광정로 344-10,주물연소기,영업,액법
경남 함안군,진산기업,경상남도 함안군 칠서면 함의로 144-46 144-46,업무용대형연소기,영업,액법
경남 창원시 마산합포구,진성주방,경상남도 창원시 마산합포구 진동면 태봉2길 86,업무용대형연소기,영업,액법
경기 김포시,진우디이브이(주),경기도 김포시 통진읍 김포대로2385번길 67-105,기화장치,영업,고법
경기 안성시,창신기술(주),경기도 안성시 대덕면 미륵로 84 (진현리185),그밖의용기,영업,고법
경기 안성시,창신기술(주),경기도 안성시 대덕면 미륵로 84 (진현리185),그밖의용기,영업,액법
경기 안성시,창신기술(주),경기도 안성시 대덕면 미륵로 84 (진현리185),배관용밸브,영업,고법
경기 안성시,창신기술(주),경기도 안성시 대덕면 미륵로 84 (진현리185),배관용밸브,영업,액법
경기 안성시,창신기술(주),경기도 안성시 대덕면 미륵로 84 (진현리185),용기용밸브,영업,고법
경기 안성시,창신기술(주),경기도 안성시 대덕면 미륵로 84 (진현리185),용기용밸브,영업,액법
경남 창원시 의창구,청륜건설(주),경상남도 창원시 의창구 북면 백월로 101 ,압력용기,영업,고법
경남 창원시 의창구,청륜건설(주),경상남도 창원시 의창구 북면 백월로 101 ,저장탱크,영업,고법
경기 화성시,초이테크(주),경기도 화성시 봉담읍 동화길 51 510~512호,실린더캐비넷,영업,고법
충남 아산시,케이비오토텍(주),충청남도 아산시 탕정면 선문로254번길 10,냉동기,영업,고법
충남 아산시,케이비오토텍(주),충청남도 아산시 탕정면 선문로254번길 10,냉동설비,영업,고법
전남 광양시,케이씨안전기술(주)-구.유양기술(주),전라남도 광양시 옥곡면 신금산단1길 29,기화장치,영업,고법
전남 광양시,케이씨안전기술(주)-구.유양기술(주),전라남도 광양시 옥곡면 신금산단1길 29,압력용기,영업,고법
전남 광양시,케이씨안전기술(주)-구.유양기술(주),전라남도 광양시 옥곡면 신금산단1길 29,저장탱크,영업,고법
전남 여수시,케이에이치페트로텍(KH PETROTEC),전라남도 여수시 여수산단1로 310-52,압력용기,영업,고법
전남 여수시,케이에이치페트로텍(KH PETROTEC),전라남도 여수시 여수산단1로 310-52,저장탱크,영업,고법
경기 김포시,케이에프엔지에스(주),경기도 김포시 대곶면 대곶남로 500,압력용기,영업,고법
경기 김포시,케이에프엔지에스(주),경기도 김포시 대곶면 대곶남로 500,압력용기,영업,액법
경기 김포시,케이에프엔지에스(주),경기도 김포시 대곶면 대곶남로 500,정압기용필터,영업,고법
경기 김포시,케이에프엔지에스(주),경기도 김포시 대곶면 대곶남로 500,정압기용필터,영업,액법
경기 김포시,케이엠씨글로벌 주식회사,경기도 김포시 양촌읍 황금3로7번길 12-24,배관용밸브,영업,액법
경기 여주시,케이엠씨밸브(주),경기도 여주시 가남읍 흑석로 115,배관용밸브,영업,액법
경기 안산시 단원구,케이젯정밀(주)밸브공장,경기도 안산시 단원구 해안로 168,긴급차단장치,영업,고법
경기 안산시 단원구,케이젯정밀(주)밸브공장,경기도 안산시 단원구 해안로 168,긴급차단장치,영업,액법
경기 안산시 단원구,케이젯정밀(주)밸브공장,경기도 안산시 단원구 해안로 168,독성가스배관용밸브,영업,고법
경기 안산시 단원구,케이젯정밀(주)밸브공장,경기도 안산시 단원구 해안로 168,독성가스배관용밸브,영업,액법
경기 안산시 단원구,케이젯정밀(주)밸브공장,경기도 안산시 단원구 해안로 168,배관용밸브,영업,고법
경기 안산시 단원구,케이젯정밀(주)밸브공장,경기도 안산시 단원구 해안로 168,배관용밸브,영업,액법
경기 부천시 오정구,케이피엘밸브공업(주),경기도 부천시 오정구 산업로 84,독성가스배관용밸브,영업,고법
경기 부천시 오정구,케이피엘밸브공업(주),경기도 부천시 오정구 산업로 84,독성가스배관용밸브,영업,액법
경기 부천시 오정구,케이피엘밸브공업(주),경기도 부천시 오정구 산업로 84,배관용밸브,영업,고법
경기 부천시 오정구,케이피엘밸브공업(주),경기도 부천시 오정구 산업로 84,배관용밸브,영업,액법
경기 화성시,코닉스(주),경기도 화성시 향남읍 발안로 644-46,실린더캐비넷,영업,고법
경기 김포시,코리아가스엔지니어링,경기도 김포시 대곶면 대곶서로 1-20,기화장치,영업,고법
경기 용인시 처인구,코리아테크엔지니어링(주),경기도 용인시 처인구 백암면 백암로 27,강제혼합식가스버너,영업,액법
세종,코스모아이앤디(주),세종특별자치시 전의면 음담말길 12,그밖의가스용품,영업,액법
세종,코스모아이앤디(주),세종특별자치시 전의면 음담말길 12,배관용밸브,영업,액법
세종,코스모아이앤디(주),세종특별자치시 전의면 음담말길 12,배관이음관,영업,액법
경기 파주시,쿡스오븐컴퍼니,경기도 파주시 신촌3로 2-24 (신촌동) ,업무용대형연소기,영업,액법
경기 군포시,탑가스코리아 주식회사,"경기도 군포시 농심로59번길 13, 201호",가스누출자동차단장치,영업,액법
울산 남구,태경가스기술(주),울산광역시 남구 용연로195번길 17 (용연동),기화장치,영업,고법
부산 강서구,태광후지킨(주),부산광역시 강서구 녹산산단261로88번길7 ,독성가스배관용밸브,영업,고법
부산 강서구,태광후지킨(주),부산광역시 강서구 녹산산단261로88번길7 ,안전밸브,영업,고법
부산 강서구,태광후지킨(주),부산광역시 강서구 녹산산단261로88번길7 ,용기용밸브,영업,고법
부산 강서구,태광후지킨(주) 화전공장,부산광역시 강서구 화전산단3로 32(화전동),독성가스배관용밸브,영업,고법
부산 강서구,태광후지킨(주) 화전공장,부산광역시 강서구 화전산단3로 32(화전동),독성가스배관용밸브,영업,액법
부산 강서구,태광후지킨(주) 화전공장,부산광역시 강서구 화전산단3로 32(화전동),배관용밸브,영업,고법
부산 강서구,태광후지킨(주) 화전공장,부산광역시 강서구 화전산단3로 32(화전동),배관용밸브,영업,액법
부산 강서구,태광후지킨(주) 화전공장,부산광역시 강서구 화전산단3로 32(화전동),안전밸브,영업,고법
부산 강서구,태광후지킨(주) 화전공장,부산광역시 강서구 화전산단3로 32(화전동),안전밸브,영업,액법
부산 강서구,태광후지킨(주) 화전공장,부산광역시 강서구 화전산단3로 32(화전동),용기용밸브,영업,고법
부산 강서구,태광후지킨(주) 화전공장,부산광역시 강서구 화전산단3로 32(화전동),용기용밸브,영업,액법
충북 옥천군,태백가스산업주식회사,충청북도 옥천군 옥천읍 옥천동이로 280,실린더캐비넷,영업,고법
경기 파주시,태양산업,경기도 파주시 광탄면 장지산로316번길 130-7,업무용대형연소기,영업,액법
부산 강서구,태웅이엔지,부산광역시 강서구 평강로229번길 112-26 (대저1동),기화장치,영업,고법
인천 남동구,태창플랜트,인천광역시 남동구 은봉로75번길 28 (주)은진산업,압력용기,영업,고법
경남 창원시 마산합포구,통일보일러(주),경상남도 창원시 마산합포구 진북면 진북신촌로 181,압력용기,영업,고법
경남 창원시 마산합포구,통일보일러(주),경상남도 창원시 마산합포구 진북면 진북신촌로 181,저장탱크,영업,고법
경기 부천시 원미구,툴젠,경기도 부천시 원미구 길주로411번길 40-16,가스그릴,영업,액법
경기 부천시 원미구,툴젠,경기도 부천시 원미구 길주로411번길 40-16,가스렌지,영업,액법
경기 부천시 원미구,툴젠,경기도 부천시 원미구 길주로411번길 40-16,기타연소기,영업,액법
경기 부천시 원미구,툴젠,경기도 부천시 원미구 길주로411번길 40-16,업무용대형연소기,영업,액법
경기 화성시,트리니웍스,경기도 화성시 송산면 삼존로 266-25,업무용대형연소기,영업,액법
충북 음성군,티에스텍,충청북도 음성군 대풍산단로 117-47,업무용대형연소기,영업,액법
전남 순천시,티와이파우들러(주),전라남도 순천시 해룡면 율촌산단1로 19-70,압력용기,영업,고법
전남 순천시,티와이파우들러(주),전라남도 순천시 해룡면 율촌산단1로 19-70,저장탱크,영업,고법
부산 강서구,파세코,부산광역시 강서구 녹산산단17로 42 (송정동),압력용기,영업,고법
울산 울주군,파워열기기(주),울산광역시 울주군 청량읍 처용산업3길 122,압력용기,영업,고법
울산 울주군,파워열기기(주),울산광역시 울주군 청량읍 처용산업3길 122,저장탱크,영업,고법
경기 안양시 동안구,피앤씨테크주식회사,경기도 안양시 동안구 전파로104번길 62 (호계동),가스누출자동차단장치,영업,액법
울산 울주군,피에스씨(주),울산광역시 울주군 온산읍 처용산업3길 30-36,압력용기,영업,고법
울산 울주군,피에스씨(주),울산광역시 울주군 온산읍 처용산업3길 30-36,저장탱크,영업,고법
경남 함안군,피엔코,경상남도 함안군 칠북면 삼칠로 2020,이동식부탄연소기,영업,액법
경남 창원시 성산구,피케이밸브앤엔지니어링(주),경상남도 창원시 성산구 공단로 80(신촌동),긴급차단장치,영업,고법
경남 창원시 성산구,피케이밸브앤엔지니어링(주),경상남도 창원시 성산구 공단로 80(신촌동),긴급차단장치,영업,액법
경남 창원시 성산구,피케이밸브앤엔지니어링(주),경상남도 창원시 성산구 공단로 80(신촌동),독성가스배관용밸브,영업,고법
경남 창원시 성산구,피케이밸브앤엔지니어링(주),경상남도 창원시 성산구 공단로 80(신촌동),독성가스배관용밸브,영업,액법
경남 창원시 성산구,피케이밸브앤엔지니어링(주),경상남도 창원시 성산구 공단로 80(신촌동),배관용밸브,영업,고법
경남 창원시 성산구,피케이밸브앤엔지니어링(주),경상남도 창원시 성산구 공단로 80(신촌동),배관용밸브,영업,액법
경기 화성시,피티케이(주),경기도 화성시 우정읍 남양만로 632,압력용기,영업,고법
경기 화성시,피티케이(주),경기도 화성시 장안면 포승향남로 940-61,압력용기,영업,고법
경기 화성시,피티케이(주),경기도 화성시 장안면 포승향남로 940-61,응축기,영업,고법
경기 화성시,피티케이(주),경기도 화성시 장안면 포승향남로 940-61,증발기,영업,고법
부산 강서구,하모열기술(주),부산광역시 강서구 낙동남로622번길 62 (녹산동),냉동설비,영업,고법
부산 강서구,하모열기술(주),부산광역시 강서구 낙동남로622번길 62 (녹산동),압력용기,영업,고법
부산 강서구,하모열기술(주),부산광역시 강서구 낙동남로622번길 62 (녹산동),저장탱크,영업,고법
부산 강서구,하이록코리아(주),부산광역시 강서구 녹산산단27로 97 (송정동),배관용밸브,영업,고법
부산 강서구,하이록코리아(주),부산광역시 강서구 녹산산단27로 97 (송정동),배관용밸브,영업,액법
부산 강서구,하이록코리아(주),부산광역시 강서구 녹산산단27로 97 (송정동),안전밸브,영업,고법
부산 강서구,하이록코리아(주),부산광역시 강서구 녹산산단27로 97 (송정동),안전밸브,영업,액법
부산 강서구,하이록코리아(주),부산광역시 강서구 녹산산단27로 97 (송정동),용기용밸브,영업,고법
부산 강서구,하이록코리아(주),부산광역시 강서구 녹산산단27로 97 (송정동),용기용밸브,영업,액법
부산 강서구,하이록코리아(주),부산광역시 강서구 녹산산단27로 97 (송정동),자동차용가스주입기,영업,고법
부산 강서구,하이록코리아(주),부산광역시 강서구 녹산산단27로 97 (송정동),자동차용가스주입기,영업,액법
경남 김해시,하이에어코리아(주),경상남도 김해시 진례면 고모로324번길 204,응축기,영업,고법
경남 김해시,하이에어코리아(주),경상남도 김해시 진례면 고모로324번길 204,증발기,영업,고법
경기 화성시,한강산업주식회사,경기도 화성시 팔탄면 온천로165번길 75-26,압력용기,영업,고법
경기 시흥시,한국KBR,경기도 시흥시 포도원로116번길 12,고압가스,영업,액법
경기 시흥시,한국KBR,경기도 시흥시 포도원로116번길 12,업무용대형연소기,영업,액법
경기 시흥시,한국가스로(용품),경기도 시흥시 공단1대로 341(323호),가스그릴,영업,액법
경기 시흥시,한국가스로(용품),경기도 시흥시 공단1대로 341(323호),가스렌지,영업,액법
경기 시흥시,한국가스로(용품),경기도 시흥시 공단1대로 341(323호),고압가스,영업,액법
경기 시흥시,한국가스로(용품),경기도 시흥시 공단1대로 341(323호),업무용대형연소기,영업,액법
대구 북구,한국공업사,대구광역시 북구 팔달북로3길 52,업무용대형연소기,영업,액법
경기 김포시,한국냉동산업,"경기도 김포시 양촌읍 황금3로39번길 15, 1,2,3동",업무용대형연소기,영업,액법
충남 천안시 동남구,한국미우라공업(주),충청남도 천안시 동남구 풍세면 풍세산단로 240-32,강제혼합식가스버너,영업,고법
충남 천안시 동남구,한국미우라공업(주),충청남도 천안시 동남구 풍세면 풍세산단로 240-32,강제혼합식가스버너,영업,액법
경기 화성시,한국아이티오㈜,경기도 화성시 장안면 장안공단8길 37 ,기화장치,영업,고법
경기 화성시,한국아이티오㈜,경기도 화성시 장안면 장안공단8길 37 ,기화장치,영업,액법
경기 화성시,한국아이티오㈜,경기도 화성시 장안면 장안공단8길 37 ,배관용밸브,영업,고법
경기 화성시,한국아이티오㈜,경기도 화성시 장안면 장안공단8길 37 ,배관용밸브,영업,액법
경기 화성시,한국아이티오㈜,경기도 화성시 장안면 장안공단8길 37 ,안전밸브,영업,고법
경기 화성시,한국아이티오㈜,경기도 화성시 장안면 장안공단8길 37 ,안전밸브,영업,액법
경기 화성시,한국아이티오㈜,경기도 화성시 장안면 장안공단8길 37 ,압력조정기,영업,고법
경기 화성시,한국아이티오㈜,경기도 화성시 장안면 장안공단8길 37 ,압력조정기,영업,액법
충남 당진시,한국유니콤밸브(주)당진지점,충청남도 당진시 송악읍 부곡공단4길 28-175,긴급차단장치,영업,고법
충북 음성군,한국초저온용기,충청북도 음성군 금왕읍 일생로 332-13,초저온용기,영업,고법
경기 부천시 오정구,한국케이엔티(주),경기도 부천시 오정구 삼작로171번길 9,업무용대형연소기,영업,액법
경기 시흥시,한국코로나(주),경기도 시흥시 엠티브이25로58번길 33 (정왕동),가스난방기,영업,액법
경기 시흥시,한국코로나(주),경기도 시흥시 엠티브이25로58번길 33 (정왕동),강제혼합식가스버너,영업,액법
인천 남동구,한국코소(주)인천공장,인천광역시 남동구 청능대로340번길 12 (주)한국코소,긴급차단장치,영업,고법
인천 남동구,한국코소(주)인천공장,인천광역시 남동구 청능대로340번길 12 (주)한국코소,독성가스배관용밸브,영업,고법
울산 남구,한국후지필터(주),울산광역시 남구 용연로195번길 29 (용연동),압력용기,영업,고법
울산 남구,한국후지필터(주),울산광역시 남구 용연로195번길 29 (용연동),저장탱크,영업,고법
충남 당진시,한모기술(주),충청남도 당진시 석문면 산단3로3길 26,압력용기,영업,고법
부산 강서구,한선엔지니어링 주식회사,부산광역시 강서구 녹산산단361로 27 (송정동),안전밸브,영업,고법
경기 화성시,한양이엔지(주),경기도 화성시 영통로26번길 72,압력용기,영업,고법
경기 김포시,한주기계공업(주),경기도 김포시 월곶면 김포대로 2741,기화장치,영업,고법
경기 김포시,한주기계공업(주),경기도 김포시 월곶면 김포대로 2741,압력용기,영업,고법
경기 화성시,한주기계공업(주),경기도 화성시 서신면 제부로654번길 157 ,압력용기,영업,고법
경기 화성시,한주기계공업(주),경기도 화성시 서신면 제부로654번길 157 ,저장탱크,영업,고법
경남 거제시,한화오션(주),경상남도 거제시 거제대로 3370 한화오션(주) 내,액화천연가스저장탱크,영업,고법
서울 종로구,현대건설(주),서울특별시 종로구 율곡로 75 (계동) ,액화천연가스저장탱크,영업,고법
서울 종로구,현대건설(주),서울특별시 종로구 율곡로 75 (계동) ,저장탱크,영업,고법
전남 광양시,현대스틸산업(주) 율촌공장,전라남도 광양시 광양읍 율촌산단5로 177,압력용기,영업,고법
전남 광양시,현대스틸산업(주) 율촌공장,전라남도 광양시 광양읍 율촌산단5로 177,저장탱크,영업,고법
경기 남양주시,현대종합주방,경기도 남양주시 진접읍 장현로 175-30,업무용대형연소기,영업,액법
경기 양주시,형제금속,경기도 양주시 광적면 광적로 257 ,이동식부탄연소기,영업,액법
전남 여수시,호일프랜트,전라남도 여수시 여수산단로 585 ,압력용기,영업,고법
전남 여수시,호일프랜트,전라남도 여수시 여수산단로 585 ,저장탱크,영업,고법
경기 부천시 오정구,홍연하이텍,경기도 부천시 오정구 오정로96번길 99,업무용대형연소기,영업,액법
경기 안산시 단원구,화성밸브(주),경기도 안산시 단원구 정왕천동로94번길 20 (성곡동) ,독성가스배관용밸브,영업,고법
경기 안산시 단원구,화성밸브(주),경기도 안산시 단원구 정왕천동로94번길 20 (성곡동) ,독성가스배관용밸브,영업,액법
경기 안산시 단원구,화성밸브(주),경기도 안산시 단원구 정왕천동로94번길 20 (성곡동) ,배관용밸브,영업,고법
경기 안산시 단원구,화성밸브(주),경기도 안산시 단원구 정왕천동로94번길 20 (성곡동) ,배관용밸브,영업,액법
대구 서구,화성밸브(주),대구광역시 서구 팔달로2길 29 (비산동) ,배관용밸브,영업,고법
대구 서구,화성밸브(주),대구광역시 서구 팔달로2길 29 (비산동) ,배관용밸브,영업,액법
대구 서구,화성밸브(주),대구광역시 서구 팔달로2길 29 (비산동) ,용기용밸브,영업,고법
대구 서구,화성밸브(주),대구광역시 서구 팔달로2길 29 (비산동) ,용기용밸브,영업,액법
대구 서구,화성밸브(주),대구광역시 서구 팔달로2길 29 (비산동) ,콕크,영업,고법
대구 서구,화성밸브(주),대구광역시 서구 팔달로2길 29 (비산동) ,콕크,영업,액법
경북 경산시,화성밸브(주) 2공장,경상북도 경산시 진량읍 공단8로 222,긴급차단장치,영업,고법
경북 경산시,화성밸브(주) 2공장,경상북도 경산시 진량읍 공단8로 222,긴급차단장치,영업,액법
경북 경산시,화성밸브(주) 2공장,경상북도 경산시 진량읍 공단8로 222,독성가스배관용밸브,영업,고법
경북 경산시,화성밸브(주) 2공장,경상북도 경산시 진량읍 공단8로 222,독성가스배관용밸브,영업,액법
경북 경산시,화성밸브(주) 2공장,경상북도 경산시 진량읍 공단8로 222,배관용밸브,영업,고법
경북 경산시,화성밸브(주) 2공장,경상북도 경산시 진량읍 공단8로 222,배관용밸브,영업,액법
경북 경산시,화성밸브(주) 3공장,경상북도 경산시 진량읍 다문로 138,배관용밸브,영업,액법
경기 광주시,화신주방산업(주),경기도 광주시 고불로229번길 32 (태전동),업무용대형연소기,영업,액법
경남 김해시,화영상사,경상남도 김해시 분성로579번길 33,배관용밸브,영업,액법
경남 김해시,화영상사,경상남도 김해시 분성로579번길 33,배관용밸브,영업,도법
경남 김해시,화영상사,경상남도 김해시 분성로579번길 33,압력조정기,영업,액법
경남 김해시,화영상사,경상남도 김해시 분성로579번길 33,압력조정기,영업,도법
경남 김해시,화영상사,경상남도 김해시 분성로579번길 33,호스,영업,액법
경남 김해시,화영상사,경상남도 김해시 분성로579번길 33,호스,영업,도법
경기 파주시,화이버텍(주),경기도 파주시 탄현면 방촌로995번길 56,이동식부탄연소기,영업,액법
경남 김해시,화인실업(주),경상남도 김해시 상동면 동북로473번길 127,강제혼합식가스버너,영업,액법
경남 창원시 성산구,효성중공업(주)창원3공장,경상남도 창원시 성산구 공단로 303(웅남동),압력용기,영업,고법
충남 금산군,효성하나로(주),충청남도 금산군 추부면 동당말길 17,이동식부탄연소기,영업,액법
강원 원주시,후성정공㈜,강원특별자치도 원주시 문막읍 문막공단길 51 ,긴급차단장치,영업,고법
강원 원주시,후성정공㈜,강원특별자치도 원주시 문막읍 문막공단길 51 ,독성가스배관용밸브,영업,고법
강원 춘천시,휴콘스테크놀러지㈜,강원특별자치도 춘천시 후석로420번길 26 (후평동) ,압력조정기,영업,액법
경기 화성시,흥국공업(주)화성공장,경기도 화성시 마도면 마도공단로6길 51,가스난방기,영업,액법
경기 화성시,흥국공업(주)화성공장,경기도 화성시 마도면 마도공단로6길 51,강제혼합식가스버너,영업,액법
