exit_name,station,lat,lng,source
군산역출구,군산역,35.9993083,126.7596033,facilities.xlsx JB_48 48_railway_stations_exit_update.csv 2행
김제역출구,김제역,35.7927238,126.9022715,JB_48 3행 · JB_49 49_ktx_stations_exit_update.csv 2행
남원역출구,남원역,35.4111513,127.361598,JB_48 4행 · JB_49 3행
대야역출구,대야역,35.9452921,126.824003,JB_48 5행
삼례역출구,삼례역,35.9043992,127.0661626,JB_48 6행
신태인역출구,신태인역,35.687955,126.884805,JB_48 7행
오수역출구,오수역,35.5429405,127.3207893,JB_48 8행
익산역출구1,익산역,35.9401715,126.9464463,JB_48 9행 · JB_49 4행
익산역출구2,익산역,35.9407805,126.9438531,JB_48 10행 · JB_49 5행
임실역출구,임실역,35.6324076,127.2894823,JB_48 11행
전주역출구1,전주역,35.8498181,127.1617212,JB_49 6행
전주역출구2,전주역,35.8502992,127.1629153,JB_49 7행 · JB_48 12행(「전주역출구」)
정읍역출구,정읍역,35.5749738,126.8432961,JB_48 13행 · JB_49 8행
함열역출구,함열역,36.0801292,126.9570849,JB_48 14행
