gate_name,lat,lng,facility_ids
군산간호대학교정문,35.969772,126.759861,63240
군산대학교정문,35.9455513,126.6848841,63235 63236 63237 63238 63239
군장대학교입구,36.0006444,126.7854077,63241
백제예술대학교정문,35.9949314,127.1278559,63242
예수대학교입구,35.8152437,127.1354142,63243 63244
예원예술대학교정문,35.6478182,127.271568,63245 63246 63247
우석대학교정문,35.914876,127.067388,63249 63250 63251 63252 63253 63254 63255 63256
원광대학교정문,35.966791,126.953242,63257 63258 63259 63260 63262 63263 63267 63270 63271 63272
원불교대학원대학교정문,35.9757611,126.9526008,63274
전북과학대학교정문,35.5489666,126.8618389,63275
전북대학교 전주캠퍼스정문,35.8412232,127.1317425,63276 63277 63278 63279 63280 63281 63282 63283 63284 63285 63286 63288 63289 63290 63291 63292 63293 63294
전북대학교 특성화캠퍼스정문,35.9418232,126.9626715,63287
전주교육대학교정문,35.8093837,127.1548771,63295 63296
전주기전대학정문,35.8181157,127.1371235,63297
전주대학교정문,35.814045,127.093792,63298 63299 63300 63301 63302 63303 63304 63305 63306 63307 63308 63309 63310
전주비전대학교정문,35.807712,127.093711,63311
한국농수산대학교정문,35.825292,127.065735,63312
한국폴리텍5대학 익산캠퍼스정문,35.9506635,126.9920173,63313
한국폴리텍대학 전북캠퍼스정문,35.8083868,126.9394813,63314
한일장신대학교정문,35.7642831,127.2050967,63315 63316 63317 63318 63319 63320 63321 63322
호원대학교동문,35.9629657,126.8662171,63323 63324 63326
