업소명,주소,제조구분,업태,원본_위도,원본_경도,VWorld_위도,VWorld_경도,오차_m
군산소방서[비응119안전센터],전북특별자치도 군산시 새만금북로 43 (비응도동),일반,제조,35.9626624,126.7509232,35.9437712,126.5408287,19027
거성냉장,전북특별자치도 군산시 소룡동 921,냉동,제조,35.9812649,126.6821800,35.9546262,126.5714813,10393
서영주정(주),전북특별자치도 군산시 소룡동 47,일반,제조,35.9686980,126.6299884,35.9785319,126.6821029,4816
대영종합가스(주),전북특별자치도 군산시 소룡동 47,일반,제조,35.9686980,126.6299884,35.9785319,126.6821029,4816
(주)호반산업,전북특별자치도 정읍시 북면 3산단2길 102-5,,저장소,35.6173599,126.9131068,35.6108951,126.8776127,3288
에이치디현대중공업(주) 군산조선소,전북특별자치도 군산시 서해로 625 (비응도동),,저장소,35.9612337,126.5360521,35.9688597,126.5390652,890
스타타워유한회사,전북특별자치도 전주시 완산구 천잠로 303 (효자동2가),냉동,제조,35.8112700,127.0853767,35.8170925,127.0850164,648
(주)명신,"전북특별자치도 군산시 자유로 34, GM대우(주) (소룡동)",냉동,제조,35.9700515,126.5984135,35.9714795,126.6052954,639
에이치디건설기계(주),"전북특별자치도 군산시 동장산로 185, 두산인프라코어 (소룡동)",,저장소,35.9677149,126.5800684,35.9634522,126.5843275,610
에이치디현대인프라코어(주),전북특별자치도 군산시 동장산로 185 (소룡동),,저장소,35.9677149,126.5800684,35.9634522,126.5843275,610
에이치디건설기계(주),"전북특별자치도 군산시 동장산로 185, 두산인프라코어 (소룡동)",냉동,제조,35.9677149,126.5800684,35.9634522,126.5843275,610
에이치디건설기계(주),전북특별자치도 군산시 동장산로 185 (소룡동),,저장소,35.9677149,126.5800684,35.9634522,126.5843275,610
에이치디건설기계(주),"전북특별자치도 군산시 동장산로 185, 두산인프라코어 (소룡동)",냉동,제조,35.9677149,126.5800684,35.9634522,126.5843275,610
현대자동차(주) 전주공장,"전북특별자치도 완주군 봉동읍 완주산단5로 163, 현대자동차",일반,제조,35.9508560,127.1373992,35.9458004,127.1386862,574
현대자동차(주) 전주공장,"전북특별자치도 완주군 봉동읍 완주산단5로 163, 현대자동차",냉동,제조,35.9508560,127.1373992,35.9458004,127.1386862,574
현재자동차(주)전주공장,"전북특별자치도 완주군 봉동읍 완주산단5로 163, 현대자동차",일반,제조,35.9508560,127.1373992,35.9458004,127.1386862,574
현대자동차(주) 전주공장,"전북특별자치도 완주군 봉동읍 완주산단5로 163, 현대자동차",일반,제조,35.9508560,127.1373992,35.9458004,127.1386862,574
현대자동차(주) 전주공장,"전북특별자치도 완주군 봉동읍 완주산단5로 163, 현대자동차",일반,제조,35.9508560,127.1373992,35.9458004,127.1386862,574
현대자동차(주) 전주공장,"전북특별자치도 완주군 봉동읍 완주산단5로 163, 현대자동차",냉동,제조,35.9508560,127.1373992,35.9458004,127.1386862,574
현대자동차(주) 전주공장,"전북특별자치도 완주군 봉동읍 완주산단5로 163, 현대자동차",냉동,제조,35.9508560,127.1373992,35.9458004,127.1386862,574
현대자동차(주) 전주공장,전북특별자치도 완주군 봉동읍 완주산단5로 163,냉동,제조,35.9508560,127.1373992,35.9458004,127.1386862,574
현대자동차(주) 전주공장,전북특별자치도 완주군 봉동읍 완주산단5로 163,냉동,제조,35.9508560,127.1373992,35.9458004,127.1386862,574
오씨아이 주식회사 군산공장,"전북특별자치도 군산시 외항로 82, OCI주식회사 (소룡동)",충전,제조,35.9799397,126.6557603,35.9771968,126.6600333,491
오씨아이 주식회사 군산공장,전북특별자치도 군산시 외항로 82 (소룡동),특정,제조,35.9799397,126.6557603,35.9771968,126.6600333,491
오씨아이(주)군산공장,전북특별자치도 군산시 외항로 82 (소룡동),,저장소,35.9799397,126.6557603,35.9771968,126.6600333,491
동원시스템즈(주) 군산사업장,전북특별자치도 군산시 외항1길 264 (소룡동),,저장소,35.9780217,126.6487345,35.9748316,126.6459699,433
(주)한솔케미칼 전주공장,"전북특별자치도 완주군 봉동읍 과학로 873, 한솔케미칼",,저장소,35.9453017,127.1232418,35.9491249,127.1237392,427
(주)한솔케미칼 전주공장,"전북특별자치도 완주군 봉동읍 과학로 873, 한솔케미칼",특정,제조,35.9453017,127.1232418,35.9491249,127.1237392,427
(주)한솔케미칼 전주공장,"전북특별자치도 완주군 봉동읍 과학로 873, 한솔케미칼",냉동,저장소,35.9453017,127.1232418,35.9491249,127.1237392,427
농촌진흥청(본청),"전북특별자치도 전주시 덕진구 농생명로 300, 농촌진흥청 (중동)",,저장소,35.8307966,127.0562337,35.8310217,127.0516328,416
국립농업과학원,"전북특별자치도 전주시 덕진구 농생명로 310, 농업공학부 (중동)",냉동,제조,35.8287833,127.0529633,35.8268161,127.0560774,356
원광대학교병원,전북특별자치도 익산시 무왕로 895 (신동),냉동,제조,35.9678378,126.9580952,35.9648614,126.9594904,354
에이치디현대중공업 주식회사,전북특별자치도 군산시 서해로 625 (비응도동),냉동,제조,35.9664444,126.5365997,35.9688597,126.5390652,348
동호레져주식회사,전북특별자치도 고창군 심원면 애향갯벌로 70,일반,제조,35.5129252,126.5013753,35.5159681,126.5022635,348
육군 제7557부대(재난),전북특별자치도 익산시 금마면 미륵사지로 174,충전,제조,36.0036378,127.0464253,36.0007157,127.0463954,325
육군 제7557부대,전북특별자치도 익산시 금마면 미륵사지로 174,충전,제조,36.0036378,127.0464253,36.0007157,127.0463954,325
주식회사 휴스틸,"전북특별자치도 군산시 군산산단로 49, 주식회사 휴스틸 (비응도동)",일반,저장소,35.9487338,126.5375207,35.9493476,126.5409019,312
전북대학교,전북특별자치도 전주시 덕진구 백제대로 567 (덕진동1가),냉동,제조,35.8479468,127.1296173,35.8465727,127.1325469,305
미원스페셜티케미칼(주),"전북특별자치도 완주군 봉동읍 완주산단1로 167, 미원상사",냉동,제조,35.9418580,127.1371848,35.9413449,127.1404198,297
미원상사(주) 전주공장,"전북특별자치도 완주군 봉동읍 완주산단1로 167, 미원상사",냉동,제조,35.9418580,127.1371848,35.9413449,127.1404198,297
(주)한솔홈테크 익산공장,전북특별자치도 익산시 석암로17길 54 (팔봉동),냉동,제조,35.9586435,127.0185930,35.9611096,127.0176872,286
전북대학교병원,"전북특별자치도 전주시 덕진구 건지로 20, 전북대학교병원 (금암동)",냉동,제조,35.8470083,127.1407598,35.8473741,127.1376672,282
(주)케이씨씨실리콘 전주공장,"전북특별자치도 완주군 봉동읍 과학로 801, KCC전주제3공장",냉동,제조,35.9403843,127.1222193,35.9399485,127.1191679,279
전북대학교 반도체물성연구소,전북특별자치도 전주시 덕진구 백제대로 567 (금암동),,저장소,35.8455194,127.1330401,35.8431504,127.1340115,278
(주)하림,전북특별자치도 익산시 망성면 망성로 14 (주)하림,냉동,제조,36.0767711,127.0408559,36.0767542,127.0439328,277
세아베스틸(주),전북특별자치도 군산시 외항로 522 (주)세아베스틸 (소룡동),,저장소,35.9720955,126.6112698,35.9743232,126.6099756,274
에이치디건설기계(주),전북특별자치도 군산시 동장산로 185 (소룡동),냉동,제조,35.9646718,126.5817182,35.9634522,126.5843275,271
군산조선해양기술사업협동조합,"전북특별자치도 군산시 자유무역로 243, 군산조선해양기술사업협동조합 (오식도동)",,저장소,35.9665747,126.5448588,35.9648414,126.5469224,268
타타대우모빌리티(주),"전북특별자치도 군산시 동장산로 172, 타타대우상용차(주) (소룡동)",냉동,제조,35.9648340,126.5927887,35.9631948,126.5907351,260
타타대우모빌리티(주),"전북특별자치도 군산시 동장산로 172, 타타대우모빌리티(주) (소룡동)",냉동,제조,35.9648340,126.5927887,35.9631948,126.5907351,260
(주)전주페이퍼,전북특별자치도 전주시 덕진구 팔복로 59 (팔복동2가),,저장소,35.8486311,127.0986010,35.8468673,127.0968790,250
(주)전주페이퍼,전북특별자치도 전주시 덕진구 팔복로 59 (팔복동2가),냉동,제조,35.8486311,127.0986010,35.8468673,127.0968790,250
팬아시아 페이펴 코리아(주),전북특별자치도 전주시 덕진구 팔복로 59  (팔복동2가),일반,제조,35.8486311,127.0986010,35.8468673,127.0968790,250
하이트진로(주)  전주공장,전북특별자치도 완주군 용진읍 신지송광로 25-33,일반,제조,35.9190418,127.1774778,35.9181677,127.1749661,246
하이트진로(주) 전주공장,전북특별자치도 완주군 용진읍 신지송광로 25-33,냉동,제조,35.9190418,127.1774778,35.9181677,127.1749661,246
대상(주) 순창공장,전북특별자치도 순창군 순창읍 순창로 30,냉동,제조,35.3596153,127.1436729,35.3578518,127.1452355,242
디엘에프엔씨 주식회사,전북특별자치도 완주군 봉동읍 과학로 802,냉동,제조,35.9403286,127.1283136,35.9401826,127.1256525,240
(주)SH에너지화학,전북특별자치도 군산시 외항7길 20 (주)SH에너지화학 (소룡동),냉동,제조,35.9677204,126.6247891,35.9679464,126.6221659,237
(주)SH에너지화학,전북특별자치도 군산시 외항7길 20 (주)SH에너지화학 (소룡동),냉동,제조,35.9677204,126.6247891,35.9679464,126.6221659,237
(주)SH에너지화학,전북특별자치도 군산시 외항7길 20 (소룡동),냉동,제조,35.9677204,126.6247891,35.9679464,126.6221659,237
(주)SH에너지화학,전북특별자치도 군산시 외항7길 20 (소룡동),일반,제조,35.9677204,126.6247891,35.9679464,126.6221659,237
태권도진흥재단,전북특별자치도 무주군 설천면 무설로 1482,냉동,제조,36.0098516,127.7791472,36.0096616,127.7765311,236
대상(주) 전분당 군산공장,"전북특별자치도 군산시 외항로 884, 대상㈜ (소룡동)",냉동,제조,35.9571102,126.5748624,35.9572210,126.5722803,233
대상(주) 군산전분당공장,"전북특별자치도 군산시 외항로 884, 대상㈜ (소룡동)",냉동,제조,35.9571102,126.5748624,35.9572210,126.5722803,233
대상(주)군산전분당공장,전북특별자치도 군산시 외항로 884 (소룡동),냉동,제조,35.9571102,126.5748624,35.9572210,126.5722803,233
한국건설기계연구원,전북특별자치도 군산시 나포면 철새로 1138,냉동,제조,36.0518656,126.8629737,36.0539029,126.8632418,228
(주)참프레 부안공장(프레온99.6RT),전북특별자치도 부안군 행안면 옥여길 32-29,냉동,제조,35.7357836,126.7244935,35.7346351,126.7224607,224
(주)참프레(48RT 신고 냉동제조),전북특별자치도 부안군 행안면 옥여길 32-29,냉동,제조,35.7357836,126.7244935,35.7346351,126.7224607,224
주식회사 참프레(저장소 2),전북특별자치도 부안군 행안면 옥여길 32-29,,저장소,35.7357836,126.7244935,35.7346351,126.7224607,224
(주)참프레(2529.96RT 냉동제조),전북특별자치도 부안군 행안면 옥여길 32-29,냉동,제조,35.7357836,126.7244935,35.7346351,126.7224607,224
주식회사 참프레(저장소),전북특별자치도 부안군 행안면 옥여길 32-29,,저장소,35.7357836,126.7244935,35.7346351,126.7224607,224
(주)케이씨씨전주2공장,"전북특별자치도 완주군 봉동읍 과학로 764, KCC전주제2공장",냉동,제조,35.9368707,127.1271422,35.9350971,127.1282828,222
(주)케이씨씨-전주2공장,"전북특별자치도 완주군 봉동읍 과학로 764, KCC전주제2공장 에폭시동",냉동,제조,35.9368707,127.1271422,35.9350971,127.1282828,222
(주)케이씨씨-전주2공장,"전북특별자치도 완주군 봉동읍 과학로 764, KCC전주제2공장",냉동,제조,35.9368707,127.1271422,35.9350971,127.1282828,222
(주)케이씨씨전주2공장,"전북특별자치도 완주군 봉동읍 과학로 764, KCC전주제2공장",냉동,제조,35.9368707,127.1271422,35.9350971,127.1282828,222
(주)케이씨씨전주2공장,전북특별자치도 완주군 봉동읍 과학로 764,냉동,제조,35.9368707,127.1271422,35.9350971,127.1282828,222
(주)엘엑스글라스,전북특별자치도 군산시 외항1길 296 (소룡동),냉동,제조,35.9743006,126.6421719,35.9756292,126.6439932,221
(주)엘엑스글라스,전북특별자치도 군산시 외항1길 296 (주)엘엑스글라스 (소룡동),냉동,제조,35.9743006,126.6421719,35.9756292,126.6439932,221
(주)전주파워,전북특별자치도 전주시 덕진구 팔복로 59 (주)전주페이퍼 (팔복동2가),일반,제조,35.8481802,127.0951119,35.8468673,127.0968790,216
미원상사(주) 전주공장,전북특별자치도 완주군 봉동읍 완주산단1로 167,냉동,저장소,35.9416278,127.1394029,35.9414224,127.1370635,212
미원스페셜티케미칼(주),전북특별자치도 완주군 봉동읍 완주산단1로 167,냉동,제조,35.9416278,127.1394029,35.9414224,127.1370635,212
한국원자력연구원,"전북특별자치도 정읍시 금구길 29, 한국원자력연구원 (신정동)",냉동,제조,35.5122600,126.8328647,35.5130203,126.8350023,211
한국원자력연구원,전북특별자치도 정읍시 금구길 29 (신정동),냉동,제조,35.5122600,126.8328647,35.5130203,126.8350023,211
계명양만,전북특별자치도 고창군 심원면 만돌4길 28,,저장소,35.5304630,126.5163398,35.5319509,126.5177655,210
남원의료원,전북특별자치도 남원시 충정로 365 (고죽동),일반,저장소,35.4318558,127.4081466,35.4329979,127.4063050,210
전북대학교병원,전북특별자치도 전주시 덕진구 건지로 20 (금암동),,저장소,35.8470083,127.1407598,35.8481901,127.1425415,208
CJ제일제당(주)남원공장,전북특별자치도 남원시 인월면 천왕봉로 135-53,,저장소,35.4548604,127.6122903,35.4567226,127.6123812,207
전북대학교(BIC 도서관),"전북특별자치도 전주시 덕진구 백제대로 567  (덕진동1가,전북대학교)",,저장소,35.8479468,127.1296173,35.8463137,127.1285175,207
(주)은산비엔에스티,전북특별자치도 군산시 자유무역로 140  (오식도동),,저장소,35.9568666,126.5508158,35.9572041,126.5485845,204
광전자(주) 2공장,전북특별자치도 익산시 석암로13길 152 (팔봉동),일반,제조,35.9602998,127.0045361,35.9584950,127.0041386,204
광전자(주),전북특별자치도 익산시 약촌로8길 62-21 (어양동),일반,저장소,35.9482625,126.9820133,35.9474496,126.9839987,200
국립전주박물관,전북특별자치도 전주시 완산구 쑥고개로 249 (효자동2가),냉동,제조,35.8012943,127.0897607,35.8010192,127.0919512,200
서진산업(주),전북특별자치도 완주군 봉동읍 테크노밸리로 112-75,냉동,제조,35.9418842,127.1155587,35.9403285,127.1166695,200
서진산업(주) 전주공장,전북특별자치도 완주군 봉동읍 테크노밸리로 112-75,,저장소,35.9418842,127.1155587,35.9403285,127.1166695,200
풀무원다논 주식회사,전북특별자치도 무주군 무주읍 당산강변로 32,냉동,제조,35.9972394,127.6470514,35.9954965,127.6465990,198
국립원예특작과학원,전북특별자치도 완주군 이서면 농생명로 100,,저장소,35.8334029,127.0358328,35.8318036,127.0349846,194
에스케이넥실리스 주식회사 정읍공장,전북특별자치도 정읍시 북면 3산단2길 2,냉동,제조,35.6109439,126.9107833,35.6126798,126.9108560,193
에스케이넥실리스 주식회사 정읍공장,전북특별자치도 정읍시 북면 3산단2길 2,냉동,제조,35.6109439,126.9107833,35.6126798,126.9108560,193
플렉시온(주),전북특별자치도 정읍시 북면 3산단2길 2,냉동,제조,35.6109439,126.9107833,35.6126798,126.9108560,193
에스케이넥실리스 주식회사 정읍공장,전북특별자치도 정읍시 북면 3산단2길 2,냉동,제조,35.6109439,126.9107833,35.6126798,126.9108560,193
(주)농협유통 전주농산물종합유통센타,전북특별자치도 전주시 덕진구 비석날로 20 (여의동),냉동,제조,35.8530871,127.0779433,35.8541725,127.0795364,188
농협전주농산물유통센타,전북특별자치도 전주시 덕진구 비석날로 20  (여의동),일반,제조,35.8530871,127.0779433,35.8541725,127.0795364,188
㈜풀무원푸드앤컬처 덕유산(상) 수소충전소,"전북특별자치도 무주군 안성면 통영대전고속도로 148, 덕유산고속도로휴게소",충전,제조,35.8160351,127.6463680,35.8176598,127.6458212,187
가온전선(주)전주공장,"전북특별자치도 전주시 덕진구 서귀로 77, 가온전선(주) (팔복동3가)",,저장소,35.8492313,127.0899477,35.8478350,127.0911074,187
가온전선(주) 전주공장,전북특별자치도 전주시 덕진구 서귀로 77 (팔복동3가),일반,저장소,35.8492313,127.0899477,35.8478350,127.0911074,187
희성전선(주),"전북특별자치도 전주시 덕진구 서귀로 77, 팔복3동 (팔복동3가)",일반,저장소,35.8492313,127.0899477,35.8478350,127.0911074,187
(주)고암,전북특별자치도 김제시 금산면 금평로 313,냉동,제조,35.7247040,126.9892283,35.7261737,126.9901259,182
롯데칠성음료(주) 군산공장,전북특별자치도 군산시 외항1길 222 (소룡동),냉동,제조,35.9744700,126.6513128,35.9736107,126.6529322,174
롯데칠성음료(주),전북특별자치도 군산시 외항1길 222 (소룡동),일반,제조,35.9744700,126.6513128,35.9736107,126.6529322,174
롯데칠성음료(주),전북특별자치도 군산시 외항1길 222 (소룡동),충전,제조,35.9744700,126.6513128,35.9736107,126.6529322,174
한국앤컴퍼니(주),"전북특별자치도 완주군 봉동읍 완주산단2로 40, ATLASBX",냉동,제조,35.9377127,127.1304640,35.9388628,127.1317474,172
한국앤컴퍼니(주),"전북특별자치도 완주군 봉동읍 완주산단2로 40, ATLASBX",냉동,제조,35.9377127,127.1304640,35.9388628,127.1317474,172
한국앤컴퍼니(주),전북특별자치도 완주군 봉동읍 완주산단2로 40,냉동,제조,35.9377127,127.1304640,35.9388628,127.1317474,172
한국앤컴퍼니(주),전북특별자치도 완주군 봉동읍 완주산단2로 40,냉동,제조,35.9377127,127.1304640,35.9388628,127.1317474,172
(주)엘지화학 생명과학 익산공장,"전북특별자치도 익산시 석암로 129, 엘지생명과학 (용제동)",냉동,제조,35.9465767,127.0061733,35.9456856,127.0046544,169
(주)엘지화학 생명과학 익산공장,전북특별자치도 익산시 석암로 129 (용제동),일반,저장소,35.9465767,127.0061733,35.9456856,127.0046544,169
로얄캐닌코리아 유한회사,전북특별자치도 김제시 백산면 지평선산단2길 72,냉동,제조,35.8505831,126.8719043,35.8495048,126.8732234,169
로얄캐닌코리아(유),전북특별자치도 김제시 백산면 지평선산단2길 72,,저장소,35.8505831,126.8719043,35.8495048,126.8732234,169
대상 주식회사(군산라이신공장),전북특별자치도 군산시 외항4길 57 (소룡동),냉동,제조,35.9780439,126.6529408,35.9791555,126.6541814,167
대상주식회사,전북특별자치도 군산시 외항4길 57 (소룡동),,저장소,35.9780439,126.6529408,35.9791555,126.6541814,167
(주)한솔케미칼 익산공장,전북특별자치도 익산시 삼기면 산단오룡길 126-25,일반,제조,36.0396324,126.9894442,36.0411278,126.9894837,166
(주)한솔케미칼(익산공장),전북특별자치도 익산시 삼기면 산단오룡길 126-25,일반,제조,36.0396324,126.9894442,36.0411278,126.9894837,166
정읍 수소충전소,"전북특별자치도 정읍시 황토현로 1213-15, 정읍시농산물도매시장 (농소동)",충전,제조,35.5889986,126.8460519,35.5895647,126.8477115,163
도레이첨단소재(주)군산공장,전북특별자치도 군산시 새만금북로 90 (오식도동),일반,제조,35.9417734,126.5461237,35.9404260,126.5468070,162
(주)아쿠아넷,전북특별자치도 고창군 심원면 애향갯벌로 431-56,,저장소,35.5300492,126.5303038,35.5297603,126.5285734,160
(주)농협목우촌 생산영업본부 김제육가공공장,전북특별자치도 김제시 금산면 구성길 630,냉동,제조,35.7535396,127.0041213,35.7530624,127.0057896,160
(주)농협목우촌 생산영업본부 김제육가공공장,전북특별자치도 김제시 금산면 구성길 630,냉동,제조,35.7535396,127.0041213,35.7530624,127.0057896,160
(주)농협목우촌 김제육가공공장,전북특별자치도 김제시 금산면 구성길 630,냉동,제조,35.7535396,127.0041213,35.7530624,127.0057896,160
(주)오리온,"전북특별자치도 익산시 서동로23길 11, 오리온익산공장 (신흥동)",냉동,제조,35.9418357,126.9734399,35.9408084,126.9746325,157
아데카코리아(주) 전주제2공장,전북특별자치도 완주군 봉동읍 완주산단7로 20,냉동,제조,35.9546721,127.1198768,35.9551208,127.1215237,156
현대종합금속(주)고창공장,전북특별자치도 고창군 흥덕면 선운대로 3663 (현대종합금속(주) 고창공장),,저장소,35.5191332,126.6905523,35.5177273,126.6905926,156
(주)천보비엘에스,전북특별자치도 군산시 새만금산단2로 304 (오식도동),,저장소,35.9393489,126.5741097,35.9379540,126.5740722,155
주식회사 천보비엘에스,전북특별자치도 군산시 새만금산단2로 304 (오식도동),냉동,제조,35.9393489,126.5741097,35.9379540,126.5740722,155
전북특별자치도청,"전북특별자치도 전주시 완산구 효자로 225, 전북특별자치도청 (효자동3가)",냉동,제조,35.8200707,127.1091227,35.8192877,127.1105253,154
주식회사 에스비씨엔에스,"전북특별자치도 군산시 군산산단로 14, 주식회사 에스비씨엔에스 (오식도동)",,저장소,35.9448722,126.5439509,35.9444450,126.5423721,150
CJ웰케어 진안공장,전북특별자치도 진안군 진안읍 홍삼한방로 21-23,냉동,제조,35.7727464,127.4365889,35.7725864,127.4349396,150
씨제이제일제당 진안공장,전북특별자치도 진안군 진안읍 홍삼한방로 21-23,특정,제조,35.7727464,127.4365889,35.7725864,127.4349396,150
성신비에스티(주),전북특별자치도 진안군 진안읍 홍삼한방로 21-23,특정,제조,35.7727464,127.4365889,35.7725864,127.4349396,150
원광대학교(숭산기념관),"전북특별자치도 익산시 익산대로 501 (신용동,원광대학교)",냉동,제조,35.9723489,126.9516232,35.9714211,126.9527630,145
한국생산기술연구원,"전북특별자치도 김제시 백산면 지평선산단3길 119, 농기계신뢰성시험연구센터",냉동,제조,35.8489251,126.8719065,35.8488717,126.8703232,143
CJ제일제당(주)남원공장,전북특별자치도 남원시 인월면 천왕봉로 135-53,냉동,제조,35.4555003,127.6128229,35.4567226,127.6123812,142
광전자(주) 신흥공장,전북특별자치도 익산시 약촌로 133 (신흥동),냉동,제조,35.9458910,126.9747803,35.9446343,126.9746240,140
김제애농영농조합,전북특별자치도 김제시 순동2길 365 (순동),일반,저장소,35.8239365,126.9139324,35.8251896,126.9140211,140
삼양이노켐주식회사,"전북특별자치도 군산시 자유무역1길 133, 삼양이노켐주식회사 (오식도동)",냉동,제조,35.9680633,126.5414253,35.9680411,126.5429448,137
삼양이노켐 주식회사,전북특별자치도 군산시 자유무역1길 133 (오식도동),냉동,제조,35.9680633,126.5414253,35.9680411,126.5429448,137
에스앤티에너지 주식회사,전북특별자치도 군산시 자유무역3길 19 (오식도동),,저장소,35.9664108,126.5500601,35.9653980,126.5509146,136
현대자동차(주),전북특별자치도 완주군 봉동읍 완주산단5로 163,충전,제조,35.9453040,127.1373019,35.9458004,127.1386862,136
대상주식회사 군산공장,"전북특별자치도 군산시 외항1길 208, ㈜대상 (소룡동)",냉동,제조,35.9755250,126.6542626,35.9749558,126.6529228,136
대상 주식회사(군산공장),"전북특별자치도 군산시 외항1길 208, ㈜대상 (소룡동)",냉동,제조,35.9755250,126.6542626,35.9749558,126.6529228,136
대상주식회사,"전북특별자치도 군산시 외항1길 208, ㈜대상 (소룡동)",냉동,제조,35.9755250,126.6542626,35.9749558,126.6529228,136
대상주식회사(군산공장),"전북특별자치도 군산시 외항1길 208, ㈜대상 (소룡동)",냉동,제조,35.9755250,126.6542626,35.9749558,126.6529228,136
(주)중앙축산 농업회사법인(포듀가공공장),전북특별자치도 익산시 현영길 94 (주)중앙축산 (현영동),냉동,제조,35.9694110,126.9354578,35.9706244,126.9354287,135
주식회사 중앙축산농업회사법인(포듀가공공장),전북특별자치도 익산시 현영길 94 (주)중앙축산 (현영동),냉동,제조,35.9694110,126.9354578,35.9706244,126.9354287,135
주식회사 중앙축산농업회사법인,전북특별자치도 익산시 현영길 94 (주)중앙축산 (현영동),냉동,제조,35.9694110,126.9354578,35.9706244,126.9354287,135
주식회사 중앙축산농업회사법인,전북특별자치도 익산시 현영길 94 (주)중앙축산 (현영동),냉동,제조,35.9694110,126.9354578,35.9706244,126.9354287,135
주식회사 중앙축산농업회사법인,전북특별자치도 익산시 현영길 94 (주)축림 (현영동),냉동,제조,35.9694110,126.9354578,35.9706244,126.9354287,135
(주)중앙축산농업회사법인,전북특별자치도 익산시 현영길 94 (주)축림 (현영동),냉동,제조,35.9694110,126.9354578,35.9706244,126.9354287,135
육군제3808부대(6탄약창),전북특별자치도 임실군 신평면 대리로 50-30,충전,제조,35.6512618,127.2557167,35.6516813,127.2571178,135
한국건설기계연구원,"전북특별자치도 군산시 나포면 철새로 1126, 건설기계 성능시험장",,저장소,36.0518656,126.8629737,36.0507769,126.8636098,134
(주)에어퍼스트,전북특별자치도 군산시 외항로 328 (소룡동),일반,제조,35.9692704,126.6327161,35.9699440,126.6314953,133
(주)오리온 제3익산공장,"전북특별자치도 익산시 동서로 317, ㈜오리온 제3익산공장 (영등동)",냉동,제조,35.9517528,126.9703957,35.9513099,126.9690338,132
(주)오리온 제3익산공장,전북특별자치도 익산시 동서로 317 (영등동),냉동,제조,35.9517528,126.9703957,35.9513099,126.9690338,132
하이즈복합재산업주식회사,전북특별자치도 완주군 봉동읍 과학로 961,일반,저장소,35.9548631,127.1247482,35.9537265,127.1246621,127
고창군청소년수련관,전북특별자치도 고창군 고창읍 운동장길 36,일반,제조,35.4325754,126.7242036,35.4333228,126.7252570,127
(주)삼일씨엔에스,전북특별자치도 군산시 군산산단로 23 (비응도동),,저장소,35.9457081,126.5380307,35.9466748,126.5387601,126
유한회사 두리 완주공장,전북특별자치도 완주군 봉동읍 테크노밸리3로 15,,저장소,35.9748011,127.1139297,35.9737877,127.1145444,126
(주)팜한농,전북특별자치도 완주군 봉동읍 완주산단2로 51-19,,판매,35.9404390,127.1341814,35.9393605,127.1339510,122
주식회사 팜한농 전주공장,전북특별자치도 완주군 봉동읍 완주산단2로 51-19,냉동,제조,35.9404390,127.1341814,35.9393605,127.1339510,122
미원상사(주),전북특별자치도 익산시 낭산면 미륵사지로 820-25,냉동,제조,36.0415226,126.9970469,36.0422522,126.9980515,121
미원상사(주) 익산공장,전북특별자치도 익산시 낭산면 미륵사지로 820-25,냉동,제조,36.0415226,126.9970469,36.0422522,126.9980515,121
(주)하림산업 함열식품2공장,전북특별자치도 익산시 함열읍 익산대로78길 137,냉동,제조,36.0328789,126.9591802,36.0322744,126.9602931,121
한국수자원공사 전주권지사,전북특별자치도 군산시 안정길 3-48 (내흥동),,저장소,36.0008337,126.7643263,36.0010730,126.7656270,120
일진제강(주),전북특별자치도 임실군 임실읍 호국로 1746,,저장소,35.6152882,127.2925012,35.6157955,127.2936677,120
대덕가스(주)고창공장,전북특별자치도 고창군 심원면 애향갯벌로 431-56,일반,제조,35.5297409,126.5298865,35.5297603,126.5285734,119
(주)교원프라퍼티 스위트호텔남원,전북특별자치도 남원시 주천면 원천로 217,냉동,제조,35.4083651,127.4157283,35.4081372,127.4144543,118
(주)삼정푸드,전북특별자치도 정읍시 정신로 22-12 (하북동),냉동,제조,35.5958260,126.8696480,35.5949073,126.8702779,117
부흥양만,전북특별자치도 고창군 신림면 평월1길 76,일반,저장소,35.4853222,126.6966320,35.4845795,126.6975253,116
(주)세아씨엠,전북특별자치도 군산시 자유로 241 (소룡동),,저장소,35.9594259,126.5749209,35.9585530,126.5755227,111
이피캠텍 주식회사,"전북특별자치도 군산시 새만금산단2로 358, 이피캠텍 주식회사 (오식도동)",,저장소,35.9398686,126.5804155,35.9404921,126.5794530,111
미원상사 전주2공장,"전북특별자치도 완주군 봉동읍 완주산단6로 56, 미원상사",냉동,제조,35.9532156,127.1205190,35.9522852,127.1209426,110
미원상사(주) 전주2공장,전북특별자치도 완주군 봉동읍 완주산단6로 56,냉동,제조,35.9532156,127.1205190,35.9522852,127.1209426,110
미원상사(주) 전주2공장,전북특별자치도 완주군 봉동읍 완주산단6로 56,냉동,제조,35.9532156,127.1205190,35.9522852,127.1209426,110
미원상사(주) 전주2공장,"전북특별자치도 완주군 봉동읍 완주산단6로 56, 미원상사",냉동,제조,35.9532156,127.1205190,35.9522852,127.1209426,110
수퍼빈(주),전북특별자치도 순창군 금과면 서암로 201,냉동,제조,35.3311245,127.0550331,35.3304962,127.0559588,109
익산시청,전북특별자치도 익산시 번영로1길 20 (목천동),냉동,제조,35.9185879,126.9165221,35.9176667,126.9161277,108
에이치에스효성첨단소재(주) 전주공장,전북특별자치도 전주시 덕진구 기린대로 886 (여의동2가),일반,제조,35.8651010,127.0894498,35.8654708,127.0883428,108
(주)냉동제조,전북특별자치도 완주군 봉동읍 완주산단8로 66,냉동,제조,35.9595792,127.1182188,35.9597704,127.1193877,107
(주)동양정공,전북특별자치도 완주군 봉동읍 완주산단8로 66,냉동,제조,35.9595792,127.1182188,35.9597704,127.1193877,107
(주)하이호휠,전북특별자치도 김제시 순동산단1길 37 (순동),일반,제조,35.8186259,126.9251503,35.8194007,126.9244688,106
청손녀회관,전북특별자치도 군산시 청소년회관로 75  (송풍동),냉동,제조,35.9790478,126.6968390,35.9799661,126.6965323,106
제너럴바이오주식회사,전북특별자치도 남원시 송동면 용투산로 254 (B동 옥외 기계실 위치함),냉동,제조,35.3574770,127.3246196,35.3568883,127.3255300,105
매일유업(주),"전북특별자치도 고창군 상하면 진암구시포로 412, 412동",냉동,제조,35.4436386,126.4492479,35.4440186,126.4503107,105
매일유업(주),전북특별자치도 고창군 상하면 진암구시포로 412,,저장소,35.4436386,126.4492479,35.4440186,126.4503107,105
에너지엔(주),전북특별자치도 군산시 자유무역2길 72 (오식도동),,저장소,35.9618615,126.5570653,35.9610053,126.5575506,105
(주)피지티,전북특별자치도 군산시 자유무역로 35 (주)피지티 (오식도동),일반,제조,35.9471085,126.5472635,35.9466319,126.5462836,103
(주)피지티,전북특별자치도 군산시 자유무역로 35 (오식도동),,저장소,35.9471085,126.5472635,35.9466319,126.5462836,103
매일식품(주)익산공장,전북특별자치도 익산시 왕궁면 푸드폴리스로7길 46,냉동,제조,35.9739465,127.0832329,35.9747664,127.0827024,103
대흥산소,전북특별자치도 군산시 산북동 1327-2,냉동,저장소,35.9702508,126.6730831,35.9711744,126.6731381,103
한국생명공학연구원,전북특별자치도 정읍시 입신길 181 (신정동),냉동,제조,35.5095685,126.8373027,35.5089262,126.8381144,102
폴린트컴포지트코리아(주),전북특별자치도 완주군 봉동읍 완주산단4로 51,일반,저장소,35.9426564,127.1240971,35.9418841,127.1235591,99
장수군조합공동사업법인,전북특별자치도 장수군 계남면 침곡로 11-26,냉동,제조,35.7147300,127.5802719,35.7139548,127.5797457,98
(주)케이씨씨 전주1공장,"전북특별자치도 완주군 봉동읍 완주산단4로 19, KCC전주제1공장",냉동,제조,35.9426630,127.1194556,35.9426618,127.1183762,97
(주)케이씨씨 전주1공장,전북특별자치도 완주군 봉동읍 완주산단4로 19,냉동,제조,35.9426630,127.1194556,35.9426618,127.1183762,97
(주)동우팜투테이블,전북특별자치도 군산시 서수면 동군산로 1095,냉동,제조,36.0115338,126.8760314,36.0111239,126.8769850,97
오씨아이 주식회사 익산공장,"전북특별자치도 익산시 보석로4길 107, OCI주식회사 (신흥동)",냉동,제조,35.9437871,126.9808750,35.9429146,126.9808656,97
오씨아이 주식회사 익산공장,"전북특별자치도 익산시 보석로4길 107 (신흥동,OCI주식회사)",냉동,제조,35.9437871,126.9808750,35.9429146,126.9808656,97
오씨아이 주식회사 익산공장,전북특별자치도 익산시 보석로4길 107 (신흥동),냉동,제조,35.9437871,126.9808750,35.9429146,126.9808656,97
전이수산,전북특별자치도 순창군 적성면 장군목길 105,,저장소,35.4275910,127.2032337,35.4284576,127.2032379,96
주식회사 한교,전북특별자치도 부안군 보안면 청자로 1381,냉동,제조,35.6113817,126.6404711,35.6106253,126.6399587,96
(주)정석케미칼,전북특별자치도 완주군 봉동읍 완주산단5로 192,냉동,제조,35.9429397,127.1390207,35.9425175,127.1399496,96
주식회사 케이앤씨,"전북특별자치도 완주군 봉동읍 완주산단2로 246-5, 케이엔씨",,저장소,35.9570826,127.1323444,35.9567368,127.1313771,95
한국핵융합에너지연구원,전북특별자치도 군산시 동장산로 37 (오식도동),,저장소,35.9513040,126.5856968,35.9520371,126.5851821,94
(주)하림 정읍공장,전북특별자치도 정읍시 북면 3산단2길 95,,저장소,35.6178604,126.9085825,35.6170753,126.9089290,93
(주)하림정읍공장,전북특별자치도 정읍시 북면 3산단2길 95,냉동,제조,35.6178604,126.9085825,35.6170753,126.9089290,93
(주)신명,전북특별자치도 정읍시 북면 3산단2길 95,일반,제조,35.6178604,126.9085825,35.6170753,126.9089290,93
롯데에너지머티리얼즈 주식회사(익산공장),전북특별자치도 익산시 석암로3길 63-25 (팔봉동),냉동,제조,35.9540051,127.0010680,35.9547001,127.0016341,93
롯데에너지머티리얼즈(주),전북특별자치도 익산시 석암로3길 63-25 (팔봉동),냉동,제조,35.9540051,127.0010680,35.9547001,127.0016341,93
(주)동원에프앤비,"전북특별자치도 정읍시 정우면 정읍북로 763, 동원에프앤비 정읍공장",냉동,제조,35.6248840,126.8994588,35.6253226,126.8985919,92
(주)동원에프엔비 정읍공장,전북특별자치도 정읍시 정우면 정읍북로 763,냉동,제조,35.6248840,126.8994588,35.6253226,126.8985919,92
한국전기안전공사,"전북특별자치도 완주군 이서면 안전로 111, 한국전기안전공사",,저장소,35.8346181,127.0571075,35.8348669,127.0561321,92
(주)벽산 익산공장,전북특별자치도 익산시 서동로 675 (팔봉동),,저장소,35.9564715,127.0138291,35.9559204,127.0145784,91
동우화인켐주식회사,"전북특별자치도 익산시 약촌로 111, 동우화인켐(주) (신흥동)",,저장소,35.9435469,126.9751196,35.9431277,126.9742552,91
동우화인켐(주),"전북특별자치도 익산시 약촌로 111, 동우화인켐(주) (신흥동)",,저장소,35.9435469,126.9751196,35.9431277,126.9742552,91
동우화인켐(주),전북특별자치도 익산시 약촌로 111 (신흥동),냉동,제조,35.9435469,126.9751196,35.9431277,126.9742552,91
동우화인켐(주),전북특별자치도 익산시 약촌로 118 (신흥동),,저장소,35.9440733,126.9774848,35.9441544,126.9784867,91
동우화인켐(주),"전북특별자치도 익산시 약촌로 118 (신흥동,동우화인켐(주))",냉동,제조,35.9440733,126.9774848,35.9441544,126.9784867,91
엠이비 주식회사,전북특별자치도 익산시 여산면 두여리 산 30,,저장소,36.0705203,127.0846442,36.0701830,127.0837278,91
(주)우진고분자,전북특별자치도 군산시 무역로 90 (오식도동),냉동,제조,35.9535172,126.5569198,35.9527089,126.5569772,90
셰플러코리아 유한책임회사,"전북특별자치도 전주시 덕진구 팔과정로 17 (팔복동3가,셰플러코리아(유)전주공장)",냉동,제조,35.8511140,127.0848078,35.8503234,127.0850179,90
셰플러코리아 유한책임회사,"전북특별자치도 전주시 덕진구 팔과정로 17 (팔복동3가,셰플러코리아(유)전주공장)",냉동,제조,35.8511140,127.0848078,35.8503234,127.0850179,90
셰플러코리아 유한책임회사,전북특별자치도 전주시 덕진구 팔과정로 17 (팔복동3가),냉동,제조,35.8511140,127.0848078,35.8503234,127.0850179,90
한국식품산업클러스터진흥원,전북특별자치도 익산시 왕궁면 국가식품로 100,냉동,제조,35.9798574,127.0841562,35.9801802,127.0832442,90
(주)하림,전북특별자치도 익산시 망성면 망성로 14,냉동,제조,36.0767711,127.0408559,36.0772044,127.0416709,88
(주)하림 육가공공장,전북특별자치도 익산시 망성면 망성로 14,냉동,제조,36.0767711,127.0408559,36.0772044,127.0416709,88
재단법인 한국조선해양기자재연구원,전북특별자치도 군산시 산단남북로 191 (오식도동),일반,제조,35.9629303,126.5585181,35.9631499,126.5594491,87
재단법인 한국조선해양기자재연구원,"전북특별자치도 군산시 산단남북로 191, 한국조선해양기자재연구원 (오식도동)",일반,제조,35.9629303,126.5585181,35.9631499,126.5594491,87
한국조선해양기자재연구원,전북특별자치도 군산시 산단남북로 191 (오식도동),,저장소,35.9629303,126.5585181,35.9631499,126.5594491,87
전주수산시장(주),"전북특별자치도 전주시 덕진구 동부대로 1187, 수협중앙회전주공판장 (송천동2가)",냉동,제조,35.8686647,127.1177759,35.8694304,127.1175718,87
(주)디에이치오토넥스,전북특별자치도 김제시 용지면 용지로 55,,저장소,35.8249961,126.9441379,35.8244917,126.9434327,85
한국방송공사(전주방송총국),"전북특별자치도 전주시 완산구 마전중앙로 30, KBS 전주방송총국 (효자동3가)",냉동,제조,35.8228971,127.1050621,35.8221764,127.1047904,84
농업회사법인(주)한우물,전북특별자치도 김제시 용지면 백자1길 112,냉동,제조,35.8217434,126.9942618,35.8217604,126.9951891,84
대원알텍(주),전북특별자치도 완주군 봉동읍 완주산단4로 133,냉동,제조,35.9428836,127.1321983,35.9429903,127.1331031,82
(주)푸드웨어 1공장,전북특별자치도 김제시 순동산단1길 28-38 (순동),냉동,제조,35.8211344,126.9235312,35.8218605,126.9237071,82
피케이씨(주),"전북특별자치도 군산시 임해로 494-16, 백광산업 (소룡동)",충전,제조,35.9691400,126.6265168,35.9692124,126.6274233,82
피케이씨 주식회사,전북특별자치도 군산시 임해로 494-16 (소룡동),냉동,제조,35.9691400,126.6265168,35.9692124,126.6274233,82
피케이씨 주식회사,"전북특별자치도 군산시 임해로 494-16, 백광산업 (소룡동)",일반,제조,35.9691400,126.6265168,35.9692124,126.6274233,82
(주)서주,전북특별자치도 김제시 중앙로 79 (요촌동),냉동,제조,35.8057646,126.8855197,35.8052480,126.8848821,81
에이치엘만도 주식회사 익산공장,전북특별자치도 익산시 석암로17길 109 (팔봉동),일반,저장소,35.9600138,127.0091835,35.9599117,127.0082957,81
에이치엘만도 주식회사 익산공장,전북특별자치도 익산시 석암로17길 109 (팔봉동),일반,제조,35.9600138,127.0091835,35.9599117,127.0082957,81
아데카코리아(주),전북특별자치도 완주군 봉동읍 완주산단2로 70,일반,저장소,35.9406712,127.1319187,35.9401295,127.1324711,78
(주)세움,전북특별자치도 정읍시 정신로 22-19 (하북동),일반,저장소,35.5974457,126.8693880,35.5967528,126.8694229,77
(주)파이프라인,전북특별자치도 군산시 외항로 608 (소룡동),,저장소,35.9625958,126.6026986,35.9619222,126.6025016,77
(주)창해이엔지,"전북특별자치도 전주시 덕진구 원만성로 15 (팔복동3가,외 여의동 834)",일반,제조,35.8520243,127.0822728,35.8526464,127.0826389,77
조인영어조합법인,전북특별자치도 고창군 심원면 월등길 21-26,,저장소,35.5300703,126.5547551,35.5298368,126.5539648,76
(주)산우,전북특별자치도 군산시 산단동서로 87 (오식도동),,저장소,35.9499769,126.5731148,35.9505896,126.5734681,75
한국썸벧(주),전북특별자치도 익산시 선화로 470-15 (신흥동),냉동,제조,35.9463630,126.9828516,35.9457034,126.9826781,75
주식회사 조이,전북특별자치도 군산시 옥도면 무녀도3길 45-64,충전,제조,35.7976110,126.4240436,35.7969745,126.4237848,75
(주) 지엘켐 군산공장,전북특별자치도 군산시 새만금북로 139-30 (주)지엘켐 (비응도동),냉동,제조,35.9459634,126.5341074,35.9455015,126.5335082,74
대법원 가인연수관,전북특별자치도 순창군 복흥면 답동리 산 59-10,냉동,제조,35.4287930,126.9768257,35.4290185,126.9775859,73
(주)삼영캐스코,전북특별자치도 정읍시 북면 3산단1길 24,냉동,제조,35.6111094,126.9087642,35.6108311,126.9080296,73
한국케미라화학(주),전북특별자치도 군산시 자유로 233-9 (소룡동),냉동,제조,35.9603383,126.5779190,35.9598085,126.5783925,73
한국케미라화학주식회사,전북특별자치도 군산시 자유로 233-9 (소룡동),냉동,제조,35.9603383,126.5779190,35.9598085,126.5783925,73
(주)강원에너지,"전북특별자치도 군산시 자유무역1길 60, 웰크론강원 (오식도동)",,저장소,35.9616399,126.5442491,35.9622203,126.5438902,72
(주)클러스터물류,전북특별자치도 익산시 왕궁면 평장2길 232,냉동,제조,35.9663439,127.0772560,35.9657104,127.0770857,72
(주)클러스터물류,전북특별자치도 익산시 왕궁면 평장2길 232,냉동,제조,35.9663439,127.0772560,35.9657104,127.0770857,72
한농화성,전북특별자치도 군산시 외항1길 24 (소룡동),냉동,제조,35.9808470,126.6732593,35.9802113,126.6731366,72
(주)한농화성,전북특별자치도 군산시 외항1길 24 (소룡동),일반,저장소,35.9808470,126.6732593,35.9802113,126.6731366,72
(주)국도화학,전북특별자치도 익산시 석암로13길 32 (주)국도화학 (석암동),냉동,제조,35.9519199,127.0121941,35.9512893,127.0120542,71
국도화학(주)익산공장,전북특별자치도 익산시 석암로13길 32 (주)국도화확 (석암동),냉동,제조,35.9519199,127.0121941,35.9512893,127.0120542,71
일도화학(주),전북특별자치도 익산시 석암로13길 32 (석암동),냉동,제조,35.9519199,127.0121941,35.9512893,127.0120542,71
국도화학(주) 익산공장,전북특별자치도 익산시 석암로13길 32 (석암동),냉동,제조,35.9519199,127.0121941,35.9512893,127.0120542,71
롯데쇼핑(주) 롯데마트 정읍점,전북특별자치도 정읍시 벚꽃로 85 (농소동),냉동,제조,35.5796544,126.8404598,35.5793367,126.8397822,71
주식회사 에이치에스머티리얼즈,전북특별자치도 익산시 삼기면 산단오룡길 126-45,냉동,제조,36.0418695,126.9912373,36.0424894,126.9913133,69
"주식회사 에이치에스머티리얼즈(BH605,606,608호용)",전북특별자치도 익산시 삼기면 산단오룡길 126-45,냉동,제조,36.0418695,126.9912373,36.0424894,126.9913133,69
"주식회사 에이치에스머티리얼즈(브라인냉각기 1,2,3,4호용)",전북특별자치도 익산시 삼기면 산단오룡길 126-45,냉동,제조,36.0418695,126.9912373,36.0424894,126.9913133,69
국립익산박물관,전북특별자치도 익산시 금마면 미륵사지로 362 (미륵사지박물관),냉동,제조,36.0112038,127.0280797,36.0115562,127.0287147,69
전라북도익산지구문화유적관리사업소,전북특별자치도 익산시 금마면 미륵사지로 362,냉동,제조,36.0112038,127.0280797,36.0115562,127.0287147,69
한국가스안전공사 수소안전검사처,전북특별자치도 완주군 봉동읍 첨단산업6로 23,냉동,제조,35.9775662,127.1118995,35.9779557,127.1113152,68
㈜대상 순창공장,"전북특별자치도 순창군 순창읍 순창로 30, 대상주식회사",냉동,제조,35.3583781,127.1456143,35.3578518,127.1452355,68
대상(주) 순창공장,"전북특별자치도 순창군 순창읍 순창로 30, 대상주식회사",냉동,제조,35.3583781,127.1456143,35.3578518,127.1452355,68
(주)대상 순창공장,"전북특별자치도 순창군 순창읍 순창로 30, 대상주식회사",냉동,제조,35.3583781,127.1456143,35.3578518,127.1452355,68
한국바스프(주),전북특별자치도 군산시 외항4길 57 (소룡동),냉동,제조,35.9790284,126.6534451,35.9791555,126.6541814,68
(주)하림 제2공장,전북특별자치도 익산시 낭산면 낭산농공단지길 40,냉동,제조,36.0743877,127.0354315,36.0747546,127.0348331,68
(주)하림 제2공장,전북특별자치도 익산시 낭산면 낭산농공단지길 40 (주) 그린바이텍 농축산물 가공 공장,냉동,제조,36.0743877,127.0354315,36.0747546,127.0348331,68
롯데에너지머티리얼즈(주),"전북특별자치도 익산시 삼기면 산단구평길 11, 일진머티리얼즈(주)",냉동,제조,36.0377648,126.9994951,36.0371698,126.9993587,67
한국특수가스(주),전북특별자치도 익산시 석암로7길 19 (용제동),충전,제조,35.9490329,127.0022880,35.9496140,127.0021120,67
일진하이솔루스(주),전북특별자치도 완주군 봉동읍 첨단산업4로 27,일반,제조,35.9701964,127.1079621,35.9699537,127.1086242,65
김제노인전문요양원,전북특별자치도 김제시 하동1길 79 (하동),냉동,제조,35.8148236,126.8945419,35.8145960,126.8952092,65
신젠타코리아(주),"전북특별자치도 익산시 석암로11길 87, 신젠타코리아 (석암동)",냉동,제조,35.9483743,127.0111436,35.9480536,127.0105368,65
신젠타코리아(주),전북특별자치도 익산시 석암로11길 87 (석암동),냉동,제조,35.9483743,127.0111436,35.9480536,127.0105368,65
뉴워터(주),전북특별자치도 익산시 왕궁면 온수1길 40,,저장소,35.9222881,127.0674567,35.9224261,127.0667604,65
(주)아이씨엠씨,전북특별자치도 완주군 봉동읍 완주산단2로 83,일반,저장소,35.9422430,127.1304909,35.9416778,127.1303382,64
(주)에이씨휴먼넷,전북특별자치도 익산시 왕궁면 국가식품로3길 46,냉동,제조,35.9799885,127.0910972,35.9797779,127.0917561,64
국민연금공단 기금운용본부,전북특별자치도 전주시 덕진구 기지로 170 (만성동),냉동,제조,35.8376647,127.0703316,35.8372802,127.0698158,63
미원상사(주) 익산공장,"전북특별자치도 익산시 낭산면 미륵사지로 820-25, 미원상사(주)",냉동,제조,36.0415226,126.9970469,36.0411803,126.9976047,63
(주)휴비스 전주1공장,전북특별자치도 전주시 덕진구 기린대로 787 (주)휴비스 (팔복동2가),냉동,제조,35.8543134,127.0969889,35.8540932,127.0976303,63
(주)휴비스전주공장(본),전북특별자치도 전주시 덕진구 기린대로 787 (팔복동2가),일반,제조,35.8543134,127.0969889,35.8540932,127.0976303,63
(주)제이아이테크,전북특별자치도 군산시 중가도길 16 (오식도동),,저장소,35.9483594,126.5662328,35.9484163,126.5669176,62
전북인삼농협 지엠피,전북특별자치도 진안군 진안읍 홍삼한방로 22-22,냉동,제조,35.7700140,127.4358880,35.7702338,127.4352607,62
(주)한원엔지니어링,전북특별자치도 군산시 새만금북로 365 (오식도동),,저장소,35.9479161,126.5769752,35.9484603,126.5769662,61
(주)한영,전북특별자치도 정읍시 북면 북면공단2길 105-16,일반,제조,35.6117638,126.9041874,35.6122548,126.9044667,60
전주수산시장(주),전북특별자치도 전주시 덕진구 동부대로 1177 (송천동2가),냉동,제조,35.8686647,127.1177759,35.8687225,127.1184300,59
(주)아이에스테크,전북특별자치도 군산시 산단남북로 84 (오식도동),,저장소,35.9534909,126.5630499,35.9536913,126.5636573,59
(주)이앤알랩,"전북특별자치도 완주군 봉동읍 완주산단6로 197, 이앤알랩",냉동,제조,35.9642681,127.1160669,35.9645173,127.1166395,59
코하이젠 전주 평화 수소충전소,전북특별자치도 전주시 완산구 난전들로 59 (평화동3가),충전,제조,35.7772652,127.1223842,35.7777865,127.1223069,58
(주)코리아더커드,"전북특별자치도 남원시 산책길 184, 코리아더커드 (조산동)",냉동,제조,35.3931100,127.3576655,35.3926068,127.3574971,58
한국세큐리트(주)군산공장,전북특별자치도 군산시 외항6길 77-31  (소룡동),냉동,제조,35.9745820,126.6354126,35.9743106,126.6359467,57
한국세큐리트(주)군산공장,"전북특별자치도 군산시 외항6길 77-31, 한국세큐리트 (소룡동)",냉동,제조,35.9745820,126.6354126,35.9743106,126.6359467,57
한국세큐리트(주),전북특별자치도 군산시 외항6길 77-31  (소룡동),냉동,제조,35.9745820,126.6354126,35.9743106,126.6359467,57
대덕가스(주) 군산 제2공장,"전북특별자치도 군산시 산단동서로 161, 대덕가스(주) 군산 제2공장 (오식도동)",충전,제조,35.9497104,126.5647055,35.9501271,126.5643455,57
동우화인켐(주),전북특별자치도 익산시 약촌로 132 (신흥동),냉동,제조,35.9457410,126.9772536,35.9458893,126.9778544,57
동우화인켐(주),전북특별자치도 익산시 약촌로 132 (신흥동),냉동,제조,35.9457410,126.9772536,35.9458893,126.9778544,57
코하이젠주식회사,전북특별자치도 군산시 외항로 261 (산북동),충전,제조,35.9687887,126.6409737,35.9682812,126.6409605,56
(주)에스틸,전북특별자치도 군산시 무역로 150 (오식도동),,저장소,35.9583841,126.5565352,35.9582682,126.5571457,56
덕진수산영어조합법인,전북특별자치도 고창군 부안면 반월길 146,,저장소,35.5621025,126.6186823,35.5617363,126.6182543,56
(주)농협사료 군산바이오,전북특별자치도 군산시 임해로 447 (소룡동),냉동,제조,35.9721788,126.6296767,35.9724968,126.6291981,56
국립농업과학원,"전북특별자치도 전주시 덕진구 농생명로 370, 농업생명자원부/농업유전자원센터 (중동)",냉동,제조,35.8312290,127.0630750,35.8308636,127.0634875,55
애경케미칼(주),전북특별자치도 완주군 봉동읍 완주산단6로 283,,저장소,35.9696034,127.1239928,35.9694903,127.1245883,55
(주)엄지식품,전북특별자치도 김제시 봉황공단2길 107 (오정동),일반,제조,35.7711946,126.9183021,35.7707589,126.9180162,55
일진하이솔루스 주식회사,"전북특별자치도 완주군 봉동읍 완주산단5로 97-46, 일진복합소재(주)",,저장소,35.9460153,127.1289207,35.9458230,127.1294805,55
일진하이솔루스 주식회사,"전북특별자치도 완주군 봉동읍 완주산단5로 97-46, 일진복합소재(주)",일반,제조,35.9460153,127.1289207,35.9458230,127.1294805,55
청해수산영어조합법인(금성양만),전북특별자치도 익산시 함라면 함낭로 152-29,,저장소,36.0636567,126.9288711,36.0641287,126.9290429,55
(주)한농화성,전북특별자치도 군산시 외항1길 32-19 (소룡동),냉동,제조,35.9809649,126.6715323,35.9810767,126.6709411,55
(주)한농화성,"전북특별자치도 군산시 외항1길 32-19, 한농화성 (소룡동)",,저장소,35.9809649,126.6715323,35.9810767,126.6709411,55
(주)아이더블유케이(IWK),전북특별자치도 군산시 동가도길 50 (오식도동),,저장소,35.9515376,126.5762363,35.9515732,126.5768308,54
고창군보건소,전북특별자치도 고창군 고창읍 전봉준로 90,냉동,제조,35.4436054,126.6832455,35.4438572,126.6827436,53
남원소방서(식정119안전센터),전북특별자치도 남원시 요천로 1965 (식정동),충전,제조,35.4367798,127.4167372,35.4368590,127.4161653,53
(주)제이아이테크,전북특별자치도 군산시 무역로 30 (오식도동),냉동,제조,35.9477621,126.5576547,35.9476130,126.5582049,52
서안주정(주),"전북특별자치도 군산시 외항6길 67, 서안주정주식회사 (소룡동)",일반,제조,35.9753812,126.6369404,35.9750939,126.6364845,52
주식회사 쿼츠테크놀로지,전북특별자치도 익산시 석암로9길 59 (석암동),냉동,제조,35.9487854,127.0093425,35.9491429,127.0097126,52
해풍양만영어조합법인,전북특별자치도 고창군 해리면 해리동호길 71-10,,저장소,35.5086567,126.4881092,35.5084434,126.4886117,51
주식회사 우림,전북특별자치도 군산시 자유무역3길 79 (오식도동)[*미고시],,저장소,35.9627181,126.5567199,35.9630701,126.5563543,51
하이솔이엠(주),전북특별자치도 익산시 석암로 99 (용제동),냉동,제조,35.9475786,127.0036652,35.9476426,127.0042268,51
농업회사법인(주) 싱그린에프에스,전북특별자치도 익산시 용안면 익산대로 2078,냉동,제조,36.1037633,126.9620757,36.1034349,126.9624664,51
농업회사법인 (주)싱그린에프에스,전북특별자치도 익산시 용안면 익산대로 2078,냉동,제조,36.1037633,126.9620757,36.1034349,126.9624664,51
완주공단정수장,전북특별자치도 완주군 봉동읍 완주산단3로 158-43,일반,판매,35.9481126,127.1214453,35.9476597,127.1214894,51
예수병원,전북특별자치도 전주시 완산구 서원로 365  (중화산동1가),냉동,제조,35.8143709,127.1331160,35.8146264,127.1326531,50
예수병원,전북특별자치도 전주시 완산구 서원로 365 (중화산동1가),,저장소,35.8143709,127.1331160,35.8146264,127.1326531,50
아이세로미림(주),전북특별자치도 익산시 석암로3길 112  (팔봉동),냉동,제조,35.9564092,127.0093945,35.9560103,127.0091294,50
(주)플러스원,전북특별자치도 정읍시 신태인읍 석지로 621-12,,저장소,35.6976215,126.8736321,35.6974845,126.8731025,50
(주)하나은행 수탁영업부(롯데아울렛),"전북특별자치도 군산시 조촌로 130, 롯데몰 군산점 (조촌동)",냉동,제조,35.9764490,126.7385869,35.9764136,126.7391411,50
(주)데크카본,전북특별자치도 전주시 덕진구 운암로 30 (팔복동2가),일반,제조,35.8595337,127.0882330,35.8590981,127.0881114,50
(주)데크카본,전북특별자치도 전주시 덕진구 운암로 30 (팔복동2가),,저장소,35.8595337,127.0882330,35.8590981,127.0881114,50
네오배터리머티리얼즈코리아(주),전북특별자치도 김제시 백산면 지평선산단6길 235,,저장소,35.8409418,126.8773367,35.8408412,126.8768008,50
세븐브로이맥주 주식회사,전북특별자치도 익산시 왕궁면 국가식품로4길 21,냉동,제조,35.9790952,127.0907994,35.9788448,127.0912554,50
삼양화성(주) 전주공장,"전북특별자치도 전주시 덕진구 온고을로 376, 삼양화성(주) (팔복동3가)",냉동,제조,35.8479368,127.0887287,35.8481312,127.0892203,49
삼양화성(주),전북특별자치도 전주시 덕진구 온고을로 376 (팔복동3가),냉동,제조,35.8479368,127.0887287,35.8481312,127.0892203,49
삼양화성(주),"전북특별자치도 전주시 덕진구 온고을로 376 (팔복동3가,삼양화성(주))",냉동,제조,35.8479368,127.0887287,35.8481312,127.0892203,49
삼양화성(주)전주공장,전북특별자치도 전주시 덕진구 온고을로 376 (팔복동3가),특정,제조,35.8479368,127.0887287,35.8481312,127.0892203,49
전주문화재단(전주한벽문화관),전북특별자치도 전주시 완산구 전주천동로 20 (교동),냉동,제조,35.8120928,127.1589175,35.8120069,127.1583835,49
대한특수가스,전북특별자치도 김제시 제월로 103 (제월동),,판매,35.7757355,126.8856693,35.7759914,126.8861086,49
삼일산업,"전북특별자치도 전주시 덕진구 구렛들2길 19, 삼일산업공장 (팔복동1가)",냉동,제조,35.8583946,127.0994054,35.8584065,127.0999461,49
한국전자기술연구원,전북특별자치도 전주시 덕진구 반룡로 111 (팔복동2가),,저장소,35.8586666,127.0821106,35.8586182,127.0815737,49
해전산업(주),전북특별자치도 군산시 가도로 154 (소룡동),,저장소,35.9601192,126.5684102,35.9605536,126.5683876,48
전주시시설관리공단(화산체육관),전북특별자치도 전주시 완산구 백제대로 310 (중화산동2가),냉동,제조,35.8214853,127.1241982,35.8218739,127.1239575,48
두산퓨얼셀(주),"전북특별자치도 익산시 서동로 627, 두산퓨얼셀 익산공장 (팔봉동)",,저장소,35.9540595,127.0115342,35.9544834,127.0114162,48
(주)두산 전자사업 익산공장,전북특별자치도 익산시 서동로 627 (팔봉동),일반,저장소,35.9540595,127.0115342,35.9544834,127.0114162,48
주식회사 돌고래냉동수산,전북특별자치도 군산시 새만금북로 139-17 (비응도동),,저장소,35.9445502,126.5344832,35.9441879,126.5347734,48
2공단 수소충전소,전북특별자치도 익산시 석암로 169 (석암동),충전,제조,35.9428313,127.0083062,35.9430031,127.0087948,48
(주)동우팜투테이블(부화장),전북특별자치도 군산시 개정면 우산길 65-13,냉동,제조,35.9437591,126.8020840,35.9436427,126.8015712,48
태형수산 영어조합법인,전북특별자치도 고창군 심원면 심원로 270-12,,저장소,35.5264449,126.5557647,35.5268166,126.5560276,48
영진약품(주) 전주공장,전북특별자치도 완주군 봉동읍 완주산단5로 21,냉동,제조,35.9459652,127.1187862,35.9461864,127.1192315,47
영진약품(주) 전주공장,"전북특별자치도 완주군 봉동읍 완주산단5로 21, 영진약품",일반,저장소,35.9459652,127.1187862,35.9461864,127.1192315,47
에어프로덕츠코리아(주),전북특별자치도 군산시 외항6길 51 (소룡동),일반,제조,35.9741271,126.6374069,35.9737858,126.6370998,47
농촌인적자원개발센터,"전북특별자치도 전주시 덕진구 농생명로 420, 농촌인적자원개발센터 (중동)",,저장소,35.8312867,127.0697999,35.8314566,127.0693242,47
서동양만장,전북특별자치도 남원시 금지면 하도길 61-32,,저장소,35.3141163,127.3122390,35.3144048,127.3126129,47
(주)알트론 전주공장,전북특별자치도 완주군 봉동읍 완주산단8로 45,냉동,제조,35.9578374,127.1207664,35.9574703,127.1205242,46
덕진소방서(금암119안전센터),전북특별자치도 전주시 덕진구 백제대로 611 (금암동),충전,제조,35.8422216,127.1364788,35.8423182,127.1369769,46
래미에프엔비,전북특별자치도 무주군 무주읍 당산강변로 64-22,,판매,35.9986762,127.6494518,35.9987975,127.6499417,46
(주)대호테크,전북특별자치도 군산시 산단동서로 38 (오식도동),,저장소,35.9525362,126.5784832,35.9527313,126.5780329,46
(주)시지트로닉스,전북특별자치도 완주군 봉동읍 테크노밸리로 497,,저장소,35.9693651,127.1121181,35.9697242,127.1118793,45
주식회사 시지트로닉스,전북특별자치도 완주군 봉동읍 테크노밸리로 497,,저장소,35.9693651,127.1121181,35.9697242,127.1118793,45
(주)위바이옴,전북특별자치도 익산시 왕궁면 푸드폴리스로7길 14,냉동,제조,35.9757231,127.0797603,35.9758816,127.0802193,45
(주)대아플라테크,전북특별자치도 완주군 봉동읍 완주산단5로 212,냉동,제조,35.9448935,127.1401523,35.9452920,127.1401648,44
(주)번영중공업,전북특별자치도 군산시 군산산단로 170-30 (오식도동),,저장소,35.9582138,126.5441585,35.9585077,126.5444852,44
정우화인(주),전북특별자치도 익산시 석암로1길 75  (용제동),,저장소,35.9568260,127.0012909,35.9569987,127.0008521,44
코하이젠 익산송학 수소충전소,전북특별자치도 익산시 오산면 평동로 349,냉동,제조,35.9393815,126.9185588,35.9394519,126.9190389,44
동진강낙농축산업협동조합,전북특별자치도 김제시 금구면 금백로 47-13,냉동,제조,35.7839551,127.0034516,35.7843085,127.0032367,44
대흥양만,전북특별자치도 고창군 심원면 명동구미길 37-134,,저장소,35.5031423,126.5118495,35.5032788,126.5122976,43
군산해양경찰서,전북특별자치도 군산시 군산창길 21 (금동),냉동,제조,35.9913053,126.7073764,35.9912587,126.7078527,43
우진산업(주),"전북특별자치도 군산시 자유로 233-109, 석원 (소룡동)",냉동,제조,35.9581053,126.5796719,35.9580593,126.5801468,43
고창소방서,전북특별자치도 고창군 고창읍 녹두로 1294,일반,제조,35.4328168,126.6879101,35.4324649,126.6881028,43
크로다코리아(주),전북특별자치도 익산시 석암로11길 11 (용제동),냉동,제조,35.9442321,127.0071761,35.9442439,127.0067011,43
삼양수산,전북특별자치도 고창군 부안면 상포길 131-144,,저장소,35.5717547,126.6323426,35.5720395,126.6320261,43
군산시수산물연구가공거점단지(물류가공동),전북특별자치도 군산시 내항2길 312 (해망동),냉동,제조,35.9922977,126.7019450,35.9920696,126.7015780,42
무주농협 친환경 유통사업단,전북특별자치도 무주군 안성면 중산길 37-13,일반,판매,35.8572625,127.6659414,35.8572328,127.6663997,41
동양기계공업(주),전북특별자치도 군산시 자유로 15-25  (소룡동),,저장소,35.9593512,126.5983525,35.9592426,126.5979129,41
삼양화인테크놀로지(주),전북특별자치도 군산시 자유무역1길 63 (오식도동),냉동,제조,35.9619577,126.5416447,35.9622853,126.5418575,41
(주)셀로닉스,전북특별자치도 익산시 왕궁면 동촌제길 80,,저장소,35.9813043,127.0858022,35.9809766,127.0860001,41
동우화인켐(주)삼기공장,전북특별자치도 익산시 삼기면 산단오룡길 22,냉동,제조,36.0354451,126.9963921,36.0352804,126.9967862,40
동우화인켐(주) 삼기공장,전북특별자치도 익산시 삼기면 산단오룡길 22,,저장소,36.0354451,126.9963921,36.0352804,126.9967862,40
서울시니어스타워(주)고창웰파크시티,전북특별자치도 고창군 고창읍 석정2로 173,냉동,제조,35.4321783,126.7413961,35.4320196,126.7410085,39
원진특수가스(주),전북특별자치도 정읍시 덕천면 황토현로 646,,판매,35.6366380,126.8420292,35.6363112,126.8421919,39
(주)사조오양 임실공장,전북특별자치도 임실군 신평면 대리3길 20,일반,제조,35.6620742,127.2710966,35.6617266,127.2711631,39
(주)사조오양 임실공장,전북특별자치도 임실군 신평면 대리3길 20,냉동,제조,35.6620742,127.2710966,35.6617266,127.2711631,39
성모병원,"전북특별자치도 부안군 부안읍 오정2길 24, 부안성모병원",,저장소,35.7247842,126.7344643,35.7245352,126.7347699,39
(주)삼원중공업 제2공장,전북특별자치도 군산시 자유무역로 21 (주)제이와이요트 (오식도동),,저장소,35.9453107,126.5483035,35.9453289,126.5478703,39
정읍농수산,전북특별자치도 정읍시 정우면 정읍북로 653-29,냉동,제조,35.6190150,126.8921146,35.6187354,126.8923741,39
정읍농수산,"전북특별자치도 정읍시 정우면 정읍북로 653-29, 정읍농수산냉동공장",냉동,제조,35.6190150,126.8921146,35.6187354,126.8923741,39
"(주)참프레 부안공장(프레온R-404A, 61.3RT×4기)","전북특별자치도 부안군 행안면 옥여길 32-29, 참프레 부안공장",냉동,제조,35.7357836,126.7244935,35.7354402,126.7245547,39
(주)참프레(104.7RT  프레온),"전북특별자치도 부안군 행안면 옥여길 32-29, 참프레 부안공장",냉동,제조,35.7357836,126.7244935,35.7354402,126.7245547,39
정우화인(주),전북특별자치도 익산시 석암로1길 63-8 (용제동),일반,저장소,35.9560935,127.0009793,35.9558533,127.0012877,39
(재)농축산용미생물산업육성지원센터,전북특별자치도 정읍시 첨단과학로 241 (신정동),냉동,제조,35.5099602,126.8403312,35.5096406,126.8404849,38
전북특별자치도립미술관,"전북특별자치도 완주군 구이면 모악산길 111-6, 전북도립미술관",냉동,제조,35.7280419,127.1070379,35.7277107,127.1069343,38
한국케미라화학(주),전북특별자치도 군산시 소룡동 1631-1 한국에카화학㈜,냉동,제조,35.9603383,126.5779190,35.9606789,126.5778895,38
농업회사법인(주)사조원 금구공장,전북특별자치도 김제시 금구면 봉두로 161,냉동,제조,35.7800750,127.0165045,35.7803908,127.0166496,37
한국국토정보공사,전북특별자치도 전주시 덕진구 기지로 120 (중동),냉동,제조,35.8378409,127.0657062,35.8379676,127.0653215,37
(주)오리온 제2익산공장,전북특별자치도 익산시 서동로23길 11 (신흥동),냉동,제조,35.9405772,126.9743329,35.9408084,126.9746325,37
(주)정다운 익산공장,전북특별자치도 익산시 무왕로 1377 (부송동),냉동,제조,35.9647360,127.0074576,35.9648512,127.0070699,37
(주)상일테크,전북특별자치도 무주군 무주읍 당산강변로 64-21,,저장소,35.9994356,127.6507338,35.9997622,127.6506905,37
전주우체국,전북특별자치도 전주시 완산구 서원로 99 (효자동2가),냉동,제조,35.8142236,127.1051193,35.8144008,127.1054584,36
주식회사 비앤비,전북특별자치도 군산시 산단로 134-16 (소룡동),냉동,제조,35.9590799,126.5836036,35.9593851,126.5834693,36
한국농어촌공사 전북지역본부,전북특별자치도 전주시 완산구 서원로 137  (효자동3가),냉동,제조,35.8144289,127.1095428,35.8141853,127.1092877,36
(주)삼우냉동,전북특별자치도 전주시 덕진구 상리로 29 (팔복동2가),냉동,제조,35.8508465,127.1025580,35.8509243,127.1021807,35
케이넷(주),"전북특별자치도 정읍시 고부면 고부농단길 41, 케이넷",냉동,제조,35.6044439,126.7714882,35.6043554,126.7718604,35
케이텟,전북특별자치도 정읍시 고부면 고부농단길 41,냉동,제조,35.6044439,126.7714882,35.6043554,126.7718604,35
케이넷,전북특별자치도 정읍시 고부면 고부농단길 41,냉동,제조,35.6044439,126.7714882,35.6043554,126.7718604,35
(주)심도메탈테크,전북특별자치도 익산시 석암로13길 101-6 (팔봉동),냉동,저장소,35.9552322,127.0047605,35.9555418,127.0048239,35
주식회사 뉴텍,전북특별자치도 완주군 봉동읍 테크노밸리4로 42,,저장소,35.9753389,127.1174076,35.9754890,127.1170754,34
(주)하림,전북특별자치도 고창군 무장면 칠거리로 745,냉동,제조,35.4018943,126.5805625,35.4015883,126.5805364,34
한국전력 고창지점,전북특별자치도 고창군 고창읍 중거리당산로 46,냉동,제조,35.4252941,126.6951146,35.4253125,126.6954853,34
전북대학교,전북특별자치도 전주시 덕진구 금암동 663 전북대학교(진수당),냉동,제조,35.8455194,127.1330401,35.8452237,127.1329771,33
조인영어조합법인,전북특별자치도 고창군 심원면 선운대로 2517-8,,저장소,35.5264025,126.5949371,35.5261079,126.5948731,33
황금수산,전북특별자치도 완주군 구이면 오봉산길 10-4,,저장소,35.6511455,127.1059538,35.6514295,127.1060618,33
이리신광교회,전북특별자치도 익산시 고봉로 60 (마동),냉동,제조,35.9392646,126.9624952,35.9395526,126.9625816,33
(주)하림 낭산부화장,전북특별자치도 익산시 낭산면 진북로 916-5,냉동,제조,36.0820829,127.0277333,36.0818226,127.0275690,32
(주)옵토웰,전북특별자치도 전주시 덕진구 반룡로 42 (팔복동2가),,저장소,35.8565932,127.0900843,35.8564227,127.0897926,32
우진이엔지,전북특별자치도 군산시 동장산2길 31-8  (소룡동),,저장소,35.9606911,126.5950418,35.9609682,126.5949324,32
주식회사 세원하드페이싱,전북특별자치도 완주군 봉동읍 용암리 848 주식회사 세원하드페이싱,,저장소,35.9355932,127.1299746,35.9353155,127.1298740,32
조인영어조합법인,전북특별자치도 고창군 심원면 월등길 21-26,,저장소,35.5300027,126.5542511,35.5298368,126.5539648,32
(주)현대특수철강공업,전북특별자치도 익산시 석암로7길 103 (팔봉동),,저장소,35.9543965,127.0088099,35.9541114,127.0087829,32
대주코레스 주식회사,전북특별자치도 완주군 봉동읍 완주산단4로 99,냉동,제조,35.9420708,127.1282495,35.9421420,127.1279077,32
(주)하림,전북특별자치도 김제시 용지면 봉의2길 33-24,냉동,제조,35.8766190,126.9581810,35.8764642,126.9578862,32
가스켐솔루션(주),전북특별자치도 익산시 낭산면 함낭로 1032-36,충전,제조,36.0740166,127.0194305,36.0737905,127.0192181,32
(주)이엔플러스,전북특별자치도 김제시 백산면 자유무역길 167,,제조,35.8464459,126.8831924,35.8462159,126.8833957,31
(주)스페이스솔루션,전북특별자치도 군산시 산단남북로 78 (주)스페이스솔루션 (오식도동),일반,제조,35.9525541,126.5631250,35.9528335,126.5631669,31
(주)스페이스솔루션,전북특별자치도 군산시 산단남북로 78 (오식도동),,저장소,35.9525541,126.5631250,35.9528335,126.5631669,31
익산목천액화수소자동차충전소,전북특별자치도 익산시 무왕로2길 132 (목천동),충전,제조,35.9333438,126.9206432,35.9331111,126.9204502,31
우송양만장,전북특별자치도 고창군 해리면 해리동호길 68-2,,저장소,35.5093778,126.4861702,35.5091845,126.4864189,31
(주)참고을 제2공장,전북특별자치도 김제시 순동산단길 95-17 (순동),냉동,제조,35.8194399,126.9220529,35.8192074,126.9222304,30
은혜양만,"전북특별자치도 고창군 해리면 명사십리로 514-33, 백경수산",,저장소,35.4881943,126.4678869,35.4879254,126.4679334,30
한국특수가스(주),"전북특별자치도 군산시 외항로 790, IBK (소룡동)",일반,제조,35.9559904,126.5862914,35.9557813,126.5860811,30
한국특수가스(주),"전북특별자치도 군산시 외항로 790, 한국특수가스(주) (소룡동)",,저장소,35.9559904,126.5862914,35.9557813,126.5860811,30
상무양만,전북특별자치도 고창군 해리면 광승중앙길 21,일반,제조,35.4949904,126.4718218,35.4947310,126.4717747,29
(유)삼각에프엠씨 웰빙랜드,전북특별자치도 익산시 왕궁면 푸드폴리스로 59,냉동,제조,35.9846376,127.0842021,35.9846564,127.0845241,29
케이넷(주),"전북특별자치도 정읍시 고부면 고부농단길 40, 케이넷 2공장",냉동,제조,35.6052905,126.7711843,35.6050421,126.7710924,29
케이넷(주)2공장,"전북특별자치도 정읍시 고부면 고부농단길 40, 케이넷 2공장",냉동,제조,35.6052905,126.7711843,35.6050421,126.7710924,29
(주)우양 군산공장,전북특별자치도 군산시 해망로 130 (금암동),냉동,제조,35.9869003,126.7229990,35.9870584,126.7227451,29
초원냉장,"전북특별자치도 군산시 새만금북로 534-42, 초원냉장 (내초동)",냉동,제조,35.9470957,126.5986698,35.9469407,126.5984227,28
대한예수교침례회 전주교회,전북특별자치도 전주시 덕진구 안덕원로 311-21 (인후동1가),냉동,제조,35.8394855,127.1601814,35.8397324,127.1602455,28
해군2함대사령부(282전탐감시대),전북특별자치도 군산시 옥도면 어청도리 339,충전,제조,36.1166058,125.9817126,36.1163587,125.9817574,28
(주)하림산업 함열식품공장,전북특별자치도 익산시 함열읍 익산대로78길 332,,저장소,36.0297174,126.9577508,36.0298110,126.9574645,28
주식회사 성현,전북특별자치도 군산시 자유무역2길 31 (오식도동),,저장소,35.9616242,126.5518366,35.9615062,126.5521069,28
롯데쇼핑(주) 롯데마트익산점,전북특별자치도 익산시 무왕로 1053 (영등동),냉동,제조,35.9590908,126.9740198,35.9592581,126.9742462,28
(주)이마트군산점,전북특별자치도 군산시 구암3.1로 137 (경암동),냉동,제조,35.9827387,126.7347240,35.9827847,126.7350152,27
매일유업 주식회사,"전북특별자치도 고창군 상하면 진암구시포로 412, 매일치즈공장",특정,제조,35.4436386,126.4492479,35.4438772,126.4492374,27
유명스틸,전북특별자치도 김제시 백구면 석담4길 131-9,,저장소,35.8828798,126.9698364,35.8827847,126.9695670,26
롯데쇼핑(주) 롯데마트 남원점,전북특별자치도 남원시 춘향로 96 (향교동),냉동,제조,35.4233334,127.3927762,35.4233142,127.3924897,26
남원산소가스,전북특별자치도 남원시 이백면 이백로 213-24,일반,판매,35.4297176,127.4313782,35.4296130,127.4316263,25
대영종합가스(주),전북특별자치도 군산시 자유로 135-41 (소룡동),일반,제조,35.9600712,126.5885480,35.9601855,126.5883061,25
교동119안전센터(김제소방서),전북특별자치도 김제시 교동 314-19,충전,제조,35.7988027,126.8700865,35.7990266,126.8700999,25
주식회사 비엔비,"전북특별자치도 군산시 산단로 110-13, 주식회사 비엔비 (소룡동)",냉동,제조,35.9581482,126.5834828,35.9583353,126.5833307,25
(주)파워이앤지,전북특별자치도 군산시 임피면 항쟁로 43-27,,저장소,35.9883928,126.8597384,35.9886149,126.8597535,25
송제영어조합법인,전북특별자치도 고창군 해리면 동호로 332-17,,저장소,35.5098902,126.4994328,35.5097125,126.4995959,25
군산소방서[사정119안전센터],전북특별자치도 군산시 번영로 308 (사정동),일반,제조,35.9626624,126.7509232,35.9628480,126.7510639,24
군산소방서[구조대],전북특별자치도 군산시 번영로 308 (사정동),일반,제조,35.9626624,126.7509232,35.9628480,126.7510639,24
케이비이주식회사,전북특별자치도 군산시 산단남북로 134-25  (오식도동),,저장소,35.9581344,126.5639709,35.9583515,126.5639560,24
주식회사 에버스톤,전북특별자치도 임실군 오수면 춘향로 1586-4,냉동,제조,35.5427348,127.3386718,35.5428122,127.3389208,24
(주)아이에스테크,전북특별자치도 군산시 오식도동 871-19,냉동,제조,35.9534909,126.5630499,35.9532807,126.5630673,23
군산수산업협동조합,"전북특별자치도 군산시 비응동로 30, 군산시수산업협동조합 (비응도동)",냉동,제조,35.9364548,126.5329331,35.9366644,126.5329225,23
군산시 수산업협동조합,"전북특별자치도 군산시 해망로 582-11, 군산시수협소룡동냉동공장 (소룡동)",냉동,제조,35.9822711,126.6780406,35.9820622,126.6780393,23
(주)엠피티,전북특별자치도 군산시 무역로 163-19 (오식도동),냉동,제조,35.9590389,126.5534944,35.9588417,126.5535726,23
교보생명(주) 익산사옥,"전북특별자치도 익산시 인북로 209, 교보생명빌딩 (남중동)",냉동,제조,35.9474236,126.9562698,35.9476246,126.9562123,23
익산양만,전북특별자치도 익산시 용동면 용동로 56-72,,저장소,36.1024245,127.0130874,36.1026031,127.0129692,23
진일산업,전북특별자치도 군산시 무역로 158 (오식도동),,저장소,35.9593553,126.5560263,35.9595556,126.5560056,22
대박산업,"전북특별자치도 군산시 새만금북로 139-33, 139-35 (비응도동)",,판매,35.9444755,126.5339883,35.9442763,126.5340047,22
부안수산업협동조합,전북특별자치도 부안군 행안면 부안농공단지길 14-3 (외 1필지(1121-7)),냉동,제조,35.7394241,126.7202942,35.7392310,126.7203511,22
부안 곰소 수소충전소,전북특별자치도 부안군 진서면 청자로 1055,충전,제조,35.5943284,126.6159795,35.5945141,126.6160651,22
개복,"전북특별자치도 군산시 중앙로 119-5, 개복교회 (개복동)",일반,제조,35.9840034,126.7153975,35.9838266,126.7152869,22
정일산업주식회사,전북특별자치도 정읍시 북면 북면공단2길 85-14,,저장소,35.6120962,126.9019623,35.6120219,126.9017366,22
(주)하림 삼기부화장,전북특별자치도 익산시 삼기면 미륵사지로 760,냉동,제조,36.0359838,127.0014131,36.0359787,127.0011689,22
사단법인 한국선급,전북특별자치도 군산시 자유로 396-6 (오식도동),일반,제조,35.9609132,126.5596398,35.9607216,126.5596800,22
(주)한솔케미칼 익산공장,전북특별자치도 익산시 삼기면 오룡리 1101,냉동,제조,36.0396324,126.9894442,36.0398204,126.9894979,21
(주)엠에스가스 전북영업소,전북특별자치도 익산시 낭산면 진북로 555,충전,제조,36.0523067,127.0202890,36.0521670,127.0204511,21
한일특수가스,전북특별자치도 전주시 덕진구 팔복로 251-19 (여의동),일반,판매,35.8566732,127.0814785,35.8567151,127.0817085,21
군산수산업협동조합,전북특별자치도 군산시 비응6길 13 (비응도동),냉동,제조,35.9347608,126.5326336,35.9346125,126.5324872,21
전주삼천수소충전소,"전북특별자치도 전주시 완산구 정여립로 536, 전주시 수소버스충전소 (삼천동3가)",충전,제조,35.8023342,127.0797512,35.8023226,127.0799812,21
농업회사법인(주)그린피아,전북특별자치도 임실군 오수면 오류3길 31-9,냉동,제조,35.5886346,127.3118911,35.5884591,127.3118144,21
순창소방서,"전북특별자치도 순창군 순창읍 교성로 24, 순창소방서",충전,제조,35.3721740,127.1337456,35.3720523,127.1339169,21
한양양만,전북특별자치도 고창군 아산면 학전리 991,,저장소,35.4578008,126.5999530,35.4577088,126.5997569,20
(주)참고을지평선 제2공장,전북특별자치도 김제시 백산면 지평선산단5길 320,냉동,제조,35.8417594,126.8796294,35.8418811,126.8797950,20
칠보가스,전북특별자치도 정읍시 옹동면 태산로 2346,,판매,35.6178767,126.9829435,35.6178471,126.9831633,20
고창군청,전북특별자치도 고창군 고창읍 중앙로 245,일반,제조,35.4356143,126.7021137,35.4357899,126.7020656,20
(주)대덕로지스틱,전북특별자치도 군산시 외항로 913-20 (오식도동),,판매,35.9533090,126.5722858,35.9533374,126.5720665,20
(주)신진에너텍,전북특별자치도 전주시 덕진구 하오용흥길 18-7 (호성동3가),,판매,35.8963756,127.1313187,35.8963652,127.1311002,20
대흥산업가스(주),"전북특별자치도 군산시 공항로 161, 대흥산업가스(주) (산북동)",충전,제조,35.9711731,126.6731391,35.9710177,126.6732434,20
군산소방서(산북119안전센터),"전북특별자치도 군산시 산북로 71-11, 소룡119안전센터 (산북동)",일반,제조,35.9601710,126.6721754,35.9602795,126.6723473,20
한국전력공사익산지점,전북특별자치도 익산시 석암로15길 156 (팔봉동),냉동,제조,35.9617039,127.0046177,35.9617520,127.0044081,20
(주)크랜앤사이언스 정읍지점,전북특별자치도 정읍시 북면 3산단3길 67,,제조,35.6143371,126.9112295,35.6143684,126.9110172,20
(주)경인양행,전북특별자치도 익산시 삼기면 산단구평길 89,냉동,제조,36.0415011,127.0002001,36.0413397,127.0002833,19
완산소방서(효자119안전센터),전북특별자치도 전주시 완산구 거마평로 73 (효자동1가),충전,제조,35.7990559,127.1164742,35.7991836,127.1163282,19
서울산소가스,전북특별자치도 고창군 고창읍 녹두로 1293,일반,판매,35.4338275,126.6877743,35.4336807,126.6876713,19
(주)덕양에너젠,전북특별자치도 군산시 외항7길 28-23 (소룡동),일반,제조,35.9687400,126.6245409,35.9686412,126.6243763,18
(재)전북테크노파크 / 한국에너지기술연구원,"전북특별자치도 부안군 하서면 신재생에너지로 20-40, 수소스테이션",일반,제조,35.7123089,126.5999640,35.7121874,126.5998259,18
(재)전북테크노파크 / 한국에너지기술연구원,전북특별자치도 부안군 하서면 신재생에너지로 20-40,,저장소,35.7123089,126.5999640,35.7121874,126.5998259,18
왕궁가스,전북특별자치도 익산시 왕궁면 왕궁로 520,일반,판매,35.9653353,127.0891833,35.9652658,127.0890028,18
해태에이치티비(주) 익산공장,전북특별자치도 익산시 석암로7길 31-17 (용제동),냉동,제조,35.9500240,127.0015396,35.9500125,127.0013430,18
(주)우리냉장,전북특별자치도 전주시 덕진구 구렛들2길 25  (팔복동1가),냉동,제조,35.8588113,127.0996504,35.8588643,127.0994657,18
한국전력공사 남원지점,"전북특별자치도 남원시 충정로 119 (향교동,(한전 남원지점))",일반,제조,35.4163546,127.3869147,35.4162662,127.3870747,18
에스이솔루션(주),전북특별자치도 부안군 주산면 주산북로 301,,판매,35.6790595,126.7062202,35.6790429,126.7064118,17
임실소방서(임실119안전센터),"전북특별자치도 임실군 임실읍 감천로 33, 임실119안전센터",충전,제조,35.6106427,127.2891146,35.6106206,127.2889247,17
(주)하림산업 온라인물류센터,전북특별자치도 익산시 함열읍 익산대로78길 313,냉동,제조,36.0312942,126.9579519,36.0312735,126.9577634,17
주식회사 하림산업 온라인물류센터,전북특별자치도 익산시 함열읍 익산대로78길 313,일반,제조,36.0312942,126.9579519,36.0312735,126.9577634,17
정읍소방서,"전북특별자치도 정읍시 신태인읍 정신로 1241, 소방서",충전,제조,35.6913743,126.8781425,35.6913603,126.8783294,17
오성하이테크놀로지(주),"전북특별자치도 익산시 석암로17길 104, 오성첨단소재(주) (팔봉동)",냉동,제조,35.9614666,127.0123996,35.9613537,127.0125248,17
대흥산업가스 주식회사,전북특별자치도 군산시 공항로 161 (산북동),,판매,35.9711731,126.6731391,35.9711998,126.6729567,17
대흥산업가스(주),전북특별자치도 군산시 공항로 161 (산북동),충전,제조,35.9711731,126.6731391,35.9711998,126.6729567,17
문화종합가스,전북특별자치도 익산시 삼기면 검지길 33,일반,판매,36.0253952,126.9865789,36.0252551,126.9865202,16
주식회사 뉴텍,전북특별자치도 완주군 봉동읍 둔산리 948-15,,저장소,35.9532515,127.1247466,35.9533991,127.1247517,16
(주)알에프세미,"전북특별자치도 완주군 봉동읍 완주산단6로 12, 알에프세미",,저장소,35.9503065,127.1238636,35.9503422,127.1240377,16
주식회사 호룡,전북특별자치도 김제시 만경읍 몽산리 106-16,,저장소,35.8586322,126.8133819,35.8584947,126.8133246,16
전주지방법원,"전북특별자치도 전주시 덕진구 가인로 33, 전주지방법원 (만성동)",냉동,제조,35.8426532,127.0747850,35.8425189,127.0748497,16
(주)제이아이테크 제2공장,전북특별자치도 군산시 오식도동 878-9,,저장소,35.9477621,126.5576547,35.9476193,126.5576661,16
(유)신우에스엔에프,"전북특별자치도 정읍시 고부면 고부농단길 30, 신우에스엔에프",냉동,제조,35.6057438,126.7723840,35.6058831,126.7723544,16
남명양만,전북특별자치도 고창군 해리면 동호리 736,일반,저장소,35.5111889,126.4929445,35.5110480,126.4929393,16
(유)원테크,전북특별자치도 완주군 봉동읍 테크노밸리4로 22,냉동,제조,35.9753517,127.1154229,35.9754796,127.1154847,15
유한회사 에어솔루션,전북특별자치도 김제시 백구면 유강10길 113,일반,제조,35.9070096,126.9307171,35.9070647,126.9305619,15
대상(주)진안APC,전북특별자치도 진안군 진안읍 대연장길 4,냉동,제조,35.7722939,127.3820802,35.7723997,127.3821787,15
훼미리식품(주) 전주공장,"전북특별자치도 전주시 덕진구 팔과정로 216, 훼밀리식품(주) (팔복동4가)",냉동,제조,35.8642076,127.0981361,35.8642582,127.0982856,15
(주)오디텍 전주지점,전북특별자치도 완주군 봉동읍 둔산1로 165,,저장소,35.9659762,127.1209709,35.9660311,127.1208257,14
(주)오디텍,전북특별자치도 완주군 봉동읍 둔산1로 165,냉동,제조,35.9659762,127.1209709,35.9660311,127.1208257,14
전북특별자치도 소방본부(실화재훈련장),전북특별자치도 장수군 계남면 호덕리 660 번지 일원,충전,제조,35.7197312,127.5861406,35.7198604,127.5861479,14
(주)가나엔지니어링,전북특별자치도 완주군 봉동읍 완주산단8로 110 (주)가나엔지니어,냉동,제조,35.9603893,127.1155987,35.9604877,127.1156993,14
효성양만장,"전북특별자치도 익산시 성당면 장선리 752 753, 754, 790-5, 796-2",,저장소,36.0827912,126.9477833,36.0827344,126.9479240,14
한국특수가스(주),전북특별자치도 익산시 서동로32길 11 (금강동),충전,제조,35.9373029,126.9735436,35.9373603,126.9736816,14
황금어장,전북특별자치도 완주군 이서면 정농대농길 125-11,,저장소,35.8423828,127.0158910,35.8422592,127.0159107,14
(주)바이텍 익산지점,전북특별자치도 익산시 왕궁면 국가식품로 174,,저장소,35.9733211,127.0856783,35.9734426,127.0856865,14
덕진소방서(조촌119안전센터),"전북특별자치도 전주시 덕진구 기린대로 910, 조촌119안전센터 (여의동2가)",충전,제조,35.8637651,127.0856051,35.8638578,127.0855128,13
주식회사 에스아이지,전북특별자치도 순창군 인계면 물통길 22-40,냉동,제조,35.3865177,127.1642820,35.3864085,127.1642245,13
효성 전주호남 액화수소충전소,"전북특별자치도 전주시 덕진구 송천동2가 1195 외 2필지(1196, 1197)",충전,제조,35.8698039,127.1087321,35.8697928,127.1088753,13
(주)연두,전북특별자치도 익산시 함열읍 익산대로78길 145-28,냉동,제조,36.0333208,126.9599504,36.0334112,126.9598595,13
롯데쇼핑(주) 전주점,"전북특별자치도 전주시 완산구 온고을로 2, 롯데백화점 (서신동)",냉동,제조,35.8345309,127.1217985,35.8344583,127.1219082,13
롯데쇼핑(주) 전주점,전북특별자치도 전주시 완산구 온고을로 2 (서신동),냉동,제조,35.8345309,127.1217985,35.8344583,127.1219082,13
부안종합산소,전북특별자치도 부안군 보안면 상입석길 92,일반,판매,35.6248773,126.6819971,35.6248381,126.6818665,13
한일가스,전북특별자치도 진안군 진안읍 진장로 6,일반,판매,35.7921042,127.4318695,35.7919918,127.4318792,13
부안소방서(119안전센터 1호),전북특별자치도 부안군 행안면 변산로 86,충전,제조,35.7297641,126.7119840,35.7297893,126.7118492,12
중앙119구조본부(익산119화학구조센터),전북특별자치도 익산시 함열읍 익산대로78길 287,충전,제조,36.0319983,126.9556922,36.0320230,126.9558271,12
어업회사법인 유한회사 오아시스,전북특별자치도 부안군 부안읍 선돌로 117-17,,저장소,35.6904528,126.7280999,35.6903820,126.7282058,12
한신특수가스,전북특별자치도 익산시 삼기면 간촌길 11,,판매,36.0119460,126.9747025,36.0118433,126.9746508,12
도드람김제에프엠씨,전북특별자치도 김제시 백산면 지평선산단5길 412,냉동,제조,35.8413449,126.8861686,35.8413136,126.8862981,12
(주)정석케미칼,전북특별자치도 완주군 봉동읍 용암리 835,냉동,제조,35.9429397,127.1390207,35.9428303,127.1390205,12
신우양만영어조합법인,전북특별자치도 고창군 해리면 신동호길 33-8,,저장소,35.5067134,126.4925832,35.5068159,126.4926280,12
금마가스,전북특별자치도 익산시 금마면 미륵사지로1길 64-11,일반,판매,35.9890041,127.0567346,35.9888959,127.0567340,12
기린산소,전북특별자치도 익산시 춘포로 51 (금강동),일반,판매,35.9178334,126.9802765,35.9177986,126.9801499,12
무주 중도 가스,전북특별자치도 무주군 무주읍 무학로 138-1,,판매,36.0225070,127.6741556,36.0226146,127.6741469,12
(주)이마트 익산점,"전북특별자치도 익산시 평동로 705, E마트 (동산동)",냉동,제조,35.9306156,126.9579879,35.9306498,126.9578628,12
(주)이마트 익산점,"전북특별자치도 익산시 평동로 705  (동산동,E마트)",냉동,제조,35.9306156,126.9579879,35.9306498,126.9578628,12
진안소방서(진안119안전센터),"전북특별자치도 진안군 진안읍 쇠징계로 9, 진안소방서",충전,제조,35.7989323,127.4353750,35.7989058,127.4355026,12
삼례산소,전북특별자치도 완주군 삼례읍 별산농원길 92-7,일반,판매,35.9263299,127.0908497,35.9264295,127.0908927,12
대한가스,전북특별자치도 익산시 오산면 서오산1길 23,일반,판매,35.9398697,126.9097996,35.9398674,126.9099271,11
(유)동유산업,"전북특별자치도 전주시 완산구 콩쥐팥쥐로 1586, 가스충전소 (상림동)",,판매,35.8247481,127.0729677,35.8248103,127.0728672,11
(유)동유산업 전주 상림 수소충전소,전북특별자치도 전주시 완산구 콩쥐팥쥐로 1586 (상림동),충전,제조,35.8247481,127.0729677,35.8248103,127.0728672,11
군산해양경찰서(새만금파출소),전북특별자치도 군산시 옥도면 새만금로 1563-22,충전,제조,35.8222095,126.4757153,35.8222525,126.4756010,11
상하가스,전북특별자치도 고창군 상하면 하장1길 47-14,일반,판매,35.4400954,126.4935989,35.4401972,126.4935954,11
유한회사 현대에너지솔루션,"전북특별자치도 부안군 행안면 신기리 153-1 , 185-1, 186",충전,제조,35.7285267,126.7167355,35.7286264,126.7167582,11
진안산소,전북특별자치도 진안군 진안읍 쇠징계로 1-6,일반,판매,35.7985784,127.4354183,35.7986541,127.4355007,11
익산소방서(함열119안전센터),전북특별자치도 익산시 함열읍 함열중앙로 133,충전,제조,36.0760936,126.9720254,36.0761403,126.9719192,11
장수양만,전북특별자치도 고창군 심원면 선운대로 2517-18,,저장소,35.5265455,126.5957864,35.5265214,126.5959020,11
하이넷 전주송천 수소충전소,전북특별자치도 전주시 덕진구 동부대로 1275 (송천동2가),충전,제조,35.8697071,127.1072798,35.8696874,127.1071657,11
(주)프롬바이오,전북특별자치도 익산시 왕궁면 광암리 1403 (주)프롬바이오 익산공장,냉동,제조,35.9825785,127.0858887,35.9824842,127.0858886,10
대영가스,전북특별자치도 익산시 여산면 태성길 19,일반,판매,36.0523601,127.0883235,36.0524387,127.0883868,10
에스케이텔레콤(주),"전북특별자치도 전주시 완산구 기린대로 194, SK (서노송동)",냉동,제조,35.8250267,127.1484710,35.8249430,127.1485157,10
(주)신영푸드,전북특별자치도 익산시 왕궁면 푸드폴리스로9길 17,냉동,제조,35.9748812,127.0791645,35.9749693,127.0791418,10
전북생강농업협동조합,"전북특별자치도 완주군 고산면 남봉신기길 51-48, 전북생강농협가공유통시설",냉동,제조,35.9653928,127.1866096,35.9653480,127.1865133,10
(주)지엠에프,전북특별자치도 남원시 노암동 851-3,냉동,제조,35.3860464,127.3714319,35.3861105,127.3715069,10
이서에너지,전북특별자치도 완주군 이서면 반교로 68-68,,판매,35.8214324,127.0258591,35.8214925,127.0259384,10
부안산소,전북특별자치도 부안군 부안읍 삼거2길 9,,판매,35.6838063,126.7243420,35.6837523,126.7242597,10
함열가스,전북특별자치도 익산시 함열읍 함열로 49,일반,판매,36.0780300,126.9576346,36.0780492,126.9577376,10
일조양만,전북특별자치도 정읍시 입암면 입암천변길 59-13 (1/1),,저장소,35.4984553,126.7946096,35.4983765,126.7945874,9
고창웰파크병원,전북특별자치도 고창군 고창읍 석정2로 147,,저장소,35.4313477,126.7376723,35.4313951,126.7375944,9
(주)에프엔프레시 김제사업장,전북특별자치도 김제시 순동산단길 216 (순동),냉동,제조,35.8172243,126.9259656,35.8172587,126.9260494,8
황등가스,전북특별자치도 익산시 황등면 석재단지길 15-60,일반,판매,36.0275857,126.9468991,36.0275504,126.9468166,8
신한산소,전북특별자치도 김제시 백산면 옥정길 122,일반,판매,35.8425015,126.9175840,35.8425710,126.9175502,8
이리종합가스,전북특별자치도 익산시 삼기면 삼기길 318-1,,판매,36.0241176,127.0082550,36.0241790,127.0083020,8
마한가스,전북특별자치도 익산시 금마면 용순길 22-6,일반,판매,36.0000202,127.0426940,36.0000896,127.0426749,8
익산소방서(팔봉119안전센터),전북특별자치도 익산시 무왕로 1338 (팔봉동),충전,제조,35.9622043,127.0051408,35.9622746,127.0051502,8
장수소방서,"전북특별자치도 장수군 장계면 육십령로 136, 장수소방서",일반,제조,35.7323082,127.5896209,35.7322423,127.5895909,8
덕진소방서(아중119안전센터),전북특별자치도 전주시 덕진구 진버들4길 16 (인후동1가),충전,제조,35.8359813,127.1638140,35.8360070,127.1637361,8
부안소방서 (격포119안전센터),전북특별자치도 부안군 변산면 격포항길 64-17,충전,제조,35.6200426,126.4705550,35.6200811,126.4706238,8
하이버스 전주전미 수소충전소,전북특별자치도 전주시 덕진구 전미동2가 77-1,충전,제조,35.8892443,127.1056850,35.8892810,127.1057495,7
다원종합가스,전북특별자치도 익산시 황등면 황금로 201,일반,판매,36.0212318,126.9554664,36.0212717,126.9554055,7
김제하동수소충전소,"전북특별자치도 김제시 하공로 46 (지번:하동 414, 414-38, 414-54, 415) (하동)",충전,제조,35.8141613,126.8893513,35.8141180,126.8892949,7
오피모빌리티에이치투파워코리아(주),전북특별자치도 완주군 봉동읍 첨단산업1로 152,,저장소,35.9755746,127.1088601,35.9755124,127.1088666,7
농업회사법인 (유)대진영농수산,전북특별자치도 고창군 심원면 용기리 342-3,일반,저장소,35.5251744,126.5960700,35.5252328,126.5960439,7
수명가 장어,전북특별자치도 고창군 아산면 계산리 277-1,,저장소,35.4776168,126.6197697,35.4776154,126.6198452,7
주식회사 한국음료,"전북특별자치도 남원시 덕과면 덕과남길 115, 한국음료",,저장소,35.5039814,127.3727795,35.5039935,127.3728531,7
(주)한국음료,전북특별자치도 남원시 덕과면 덕과남길 115,냉동,제조,35.5039814,127.3727795,35.5039935,127.3728531,7
(주)디쏠,전북특별자치도 김제시 용지면 효정리 410-2,,저장소,35.8283352,126.9448771,35.8283712,126.9449375,7
행복한 세상,전북특별자치도 전주시 완산구 따박골8길 3 (중화산동2가),냉동,제조,35.8113384,127.1290434,35.8113939,127.1290706,7
(주)유피에프앤비 농업회사법인,전북특별자치도 정읍시 신태인읍 신용리 1724,,저장소,35.6989032,126.8741555,35.6989518,126.8741973,7
신일산업가스,전북특별자치도 김제시 죽산면 죽산로 236,일반,판매,35.7737560,126.8253813,35.7736992,126.8253633,7
에스케이텔레콤(주),전북특별자치도 전주시 완산구 서노송동 578-5 SK,냉동,제조,35.8250267,127.1484710,35.8250698,127.1485190,6
영생종합가스,전북특별자치도 익산시 계문길 47-5 (현영동),,판매,35.9733958,126.9408825,35.9733655,126.9408233,6
군산수중개발,전북특별자치도 군산시 산북동 916-1,충전,제조,35.9570376,126.6592985,35.9570934,126.6592991,6
이피캠텍(주) 군산2공장,전북특별자치도 군산시 오식도동 1075,냉동,제조,35.9398686,126.5804155,35.9398210,126.5803902,6
(주)비젤,전북특별자치도 군산시 소룡동 1582-3,냉동,제조,35.9749625,126.5855272,35.9749108,126.5855298,6
대중산소,전북특별자치도 순창군 유등면 건곡리 474,일반,저장소,35.3660661,127.1664669,35.3660230,127.1664332,6
고창소방서(대산119안전센터),전북특별자치도 고창군 대산면 공음대산로 932,일반,제조,35.3399524,126.5983307,35.3399114,126.5983680,6
한국원자력연구원,전북특별자치도 정읍시 신정동 1266 한국원자력연구원,냉동,제조,35.5122600,126.8328647,35.5122097,126.8328619,6
주식회사 한성냉동,전북특별자치도 완주군 소양면 전진로 1620,,판매,35.8558394,127.3225278,35.8557945,127.3225008,6
태평종합가스,전북특별자치도 전주시 덕진구 삼거1길 93 (금상동),,판매,35.8543260,127.1979195,35.8542773,127.1979183,5
주식회사 캐리어플랜트,전북특별자치도 완주군 소양면 전진로 1622,,판매,35.8559166,127.3226823,35.8558708,127.3226622,5
대상(주) 순창공장,전북특별자치도 순창군 순창읍 가남리 203-7,냉동,제조,35.3583781,127.1456143,35.3584127,127.1456562,5
(재)자동차융합기술원,전북특별자치도 완주군 봉동읍 제내리 1257,,저장소,35.9802037,127.1133923,35.9801556,127.1134010,5
익산소방서(공단119안전센터),"전북특별자치도 익산시 서동로 304, 공단 119안전센터 (신흥동)",충전,제조,35.9404059,126.9830517,35.9404451,126.9830856,5
(주)유니온케미칼,전북특별자치도 익산시 신흥동 740-34,냉동,제조,35.9434340,126.9838755,35.9433866,126.9838782,5
(주)유니온케미칼 익산,전북특별자치도 익산시 신흥동 740-34,,저장소,35.9434340,126.9838755,35.9433866,126.9838782,5
미원상사(주)익산공장,전북특별자치도 익산시 낭산면 구평리 1552 미원상사(주),냉동,제조,36.0415226,126.9970469,36.0414910,126.9970031,5
미원상사(주)익산공장,전북특별자치도 익산시 낭산면 구평리 1552,냉동,제조,36.0415226,126.9970469,36.0414910,126.9970031,5
다이토키스코(주),전북특별자치도 익산시 삼기면 미륵사지로 820-44,냉동,제조,36.0418380,126.9997836,36.0418160,126.9998353,5
변산산소,전북특별자치도 부안군 변산면 마포로 114,,판매,35.6428599,126.4965250,35.6429013,126.4965525,5
고인돌가스,전북특별자치도 고창군 아산면 녹두로 900,,판매,35.4353653,126.6446137,35.4353198,126.6446276,5
익산소방서(119구조대),전북특별자치도 익산시 팔봉동 850-1 익산소방서,충전,제조,35.9622043,127.0051408,35.9621891,127.0050860,5
중앙가스,전북특별자치도 정읍시 이평면 황토현로 372,,판매,35.6593796,126.8430588,35.6594138,126.8430981,5
(주)푸드웨어 2공장,전북특별자치도 김제시 순동 955-2,냉동,제조,35.8205235,126.9244146,35.8204807,126.9243916,5
신화정공,전북특별자치도 전주시 덕진구 원만성로 59  (팔복동3가),일반,제조,35.8543403,127.0861557,35.8543806,127.0861841,5
(주)유피에프앤비농업회사법인,전북특별자치도 정읍시 신태인읍 신용리 1722-0,냉동,제조,35.6996716,126.8748266,35.6997151,126.8748454,5
(주)코팩스,전북특별자치도 고창군 아산면 용계리 348,,저장소,35.4618667,126.6316453,35.4618280,126.6316146,5
동선양만장,전북특별자치도 고창군 심원면 하전리 1218,,저장소,35.5415533,126.5802009,35.5415658,126.5801474,5
대자인병원,"전북특별자치도 전주시 덕진구 우아동3가 734-16 외 4필지(11,13,15,25)",,저장소,35.8456103,127.1534120,35.8455859,127.1534590,5
DB 손해보험,"전북특별자치도 전주시 완산구 전라감영5길 10, 동부화재빌딩 (경원동1가)",냉동,제조,35.8164731,127.1467559,35.8165154,127.1467362,5
부안수산업협동조합,"전북특별자치도 부안군 변산면 격포중앙길 21-8, 부안수산업협동조합",냉동,제조,35.6209583,126.4705063,35.6209252,126.4705438,5
신흥가스,전북특별자치도 익산시 망성면 동안로 300,일반,판매,36.1433590,127.0427367,36.1433150,127.0427274,5
전주유성 LPG&수소충전소,"전북특별자치도 전주시 완산구 색장동 576 외4필지(577, 578, 579-4, 579-13)",충전,제조,35.7868408,127.1938979,35.7868733,127.1938606,5
무주소방서,"전북특별자치도 무주군 무주읍 당산강변로 126, 무주119안전센터",충전,제조,36.0027782,127.6549527,36.0027490,127.6549123,5
하이넷 군산지곡 수소충전소,"전북특별자치도 군산시 월명로 112, 새만금충전소 (지곡동)",충전,제조,35.9539395,126.7162357,35.9539546,126.7161850,5
안성승리가스,전북특별자치도 무주군 안성면 무주로 557,일반,저장소,35.8831939,127.6841366,35.8832215,127.6841768,5
린나이종합가스,전북특별자치도 남원시 주천면 은송리 27,,판매,35.4000019,127.4506350,35.3999607,127.4506471,5
예술의전당,"전북특별자치도 익산시 선화1로 106, 솜리문화예술회관 (마동)",냉동,제조,35.9392690,126.9686232,35.9393105,126.9686324,5
다이브투데이,전북특별자치도 군산시 비응로 102 (비응도동),충전,제조,35.9422880,126.5317312,35.9422521,126.5317574,5
현대고수가스,전북특별자치도 고창군 고수면 부곡길 107,일반,판매,35.4046674,126.6735822,35.4046329,126.6735548,5
대성종합가스,전북특별자치도 장수군 장수읍 노하숲길 134,,판매,35.6557467,127.5202198,35.6557515,127.5201716,4
용안가스,전북특별자치도 익산시 용안면 현내1로 133,일반,판매,36.1199136,126.9491396,36.1199320,126.9490964,4
전주시청(별관),"전북특별자치도 전주시 완산구 노송광장로 29, 현대해상빌딩 (서노송동)",냉동,제조,35.8242700,127.1467917,35.8242363,127.1468164,4
완주소방서(혁신119안전센터),전북특별자치도 완주군 이서면 지사제2로 12,충전,제조,35.8321506,127.0235269,35.8321511,127.0234805,4
전북특별자치도 소방본부 119특수대응단,전북특별자치도 완주군 봉동읍 용암리 813 소방항공대,충전,제조,35.9440501,127.1275854,35.9440867,127.1275910,4
완산소방서(교동119안전센터),전북특별자치도 전주시 완산구 경기전길 183 (교동),충전,제조,35.8111987,127.1517017,35.8111833,127.1517429,4
(주)오리온 제2 익산공장,전북특별자치도 익산시 신흥동 803-20 오리온익산공장,,저장소,35.9418357,126.9734399,35.9418666,126.9734640,4
북면가스,전북특별자치도 정읍시 북면 태곡리 512 1통,,판매,35.6077142,126.9097420,35.6077149,126.9096981,4
주식회사 스퀴즈브루어리 순창공장,"전북특별자치도 순창군 인계면 물통길 22-6, , 물통길 22-10 (주)스퀴즈브루어리 순창공장",,저장소,35.3830042,127.1642165,35.3830392,127.1642088,4
대명산소,전북특별자치도 익산시 황등면 죽촌1길 9,일반,판매,36.0155928,126.9418163,36.0155765,126.9417777,4
롯데에너지머티리얼즈(주),전북특별자치도 익산시 팔봉동 827 일진소재산업(주),냉동,제조,35.9540051,127.0010680,35.9540308,127.0010954,4
우리가스,전북특별자치도 순창군 팔덕면 장안리 196-1,일반,판매,35.3892779,127.0788087,35.3892547,127.0787808,4
완주소방서(구이119안전센터),전북특별자치도 완주군 구이면 원기리 585-8,충전,제조,35.7310406,127.1192913,35.7310240,127.1193248,4
(재)고창식품산업연구원,전북특별자치도 고창군 부안면 복분자로 560,냉동,제조,35.5118888,126.6474863,35.5119202,126.6474902,4
한국식품연구원,전북특별자치도 완주군 이서면 갈산리 703,냉동,제조,35.8351459,127.0496478,35.8351205,127.0496683,3
굿모닝신용특수가스,전북특별자치도 익산시 황등면 죽촌리 224-5,,판매,36.0180038,126.9413073,36.0179821,126.9412842,3
태광정밀화학(주),전북특별자치도 군산시 가도로 130-18 (소룡동),냉동,제조,35.9571460,126.5696438,35.9571624,126.5696717,3
태광정밀화학(주),전북특별자치도 군산시 가도로 130-18 (소룡동),,저장소,35.9571460,126.5696438,35.9571624,126.5696717,3
한국특수가스(주),전북특별자치도 전주시 덕진구 추천로 177-8 (팔복동1가),일반,제조,35.8520211,127.1114013,35.8519933,127.1113995,3
포세이돈,"전북특별자치도 군산시 새만금북로 243, 103호 (오식도동)",충전,제조,35.9460970,126.5630487,35.9460721,126.5630497,3
대흥산소,전북특별자치도 군산시 소룡동 1327-2,냉동,저장소,35.9702474,126.6850002,35.9702228,126.6849983,3
울산산소,전북특별자치도 김제시 두월로 178-6 (신풍동),일반,판매,35.7913561,126.9008527,35.7913779,126.9008666,3
설천가스,전북특별자치도 무주군 설천면 상평지길 33-15,일반,저장소,36.0099237,127.7891985,36.0099348,127.7892239,3
부안해양경찰서(위도파출소),"전북특별자치도 부안군 위도면 위도로 32, 부안해양경찰서위도파출소",충전,제조,35.6174744,126.3036322,35.6174530,126.3036438,3
(주)아성알앤지,전북특별자치도 완주군 소양면 전진로 1624,,판매,35.8559915,127.3228181,35.8559793,127.3228402,2
(유)오케이냉동상사,전북특별자치도 완주군 소양면 전진로 1624,,판매,35.8559915,127.3228181,35.8559793,127.3228402,2
부안군 수소충전소,전북특별자치도 부안군 행안면 역리 1200-1,충전,제조,35.7384955,126.7234280,35.7384765,126.7234173,2
한국토지주택공사 전북지역본부,전북특별자치도 전주시 완산구 홍산로 158 (효자동2가),냉동,제조,35.8074244,127.1049466,35.8074317,127.1049243,2
우성냉동수산,전북특별자치도 군산시 비응6길 23 (비응도동),냉동,제조,35.9355268,126.5330823,35.9355433,126.5330936,2
대상(주) 순창공장,전북특별자치도 순창군 순창읍 가남리 356,냉동,제조,35.3596153,127.1436729,35.3596336,127.1436707,2
대상식품주식회사,전북특별자치도 순창군 순창읍 가남리 356,냉동,제조,35.3596153,127.1436729,35.3596336,127.1436707,2
(주)우진고분자,"전북특별자치도 군산시 무역로 90, 우진고분자 (오식도동)",냉동,제조,35.9526930,126.5569849,35.9527089,126.5569772,2
(유)세계로 냉동상사,전북특별자치도 정읍시 구룡동 665-7,,판매,35.5697771,126.8683213,35.5697633,126.8683326,2
후포양만,전북특별자치도 고창군 흥덕면 후포리 745-1,,저장소,35.5450915,126.6837901,35.5451065,126.6837965,2
(재)전북테크노파크,전북특별자치도 완주군 봉동읍 장구리 624,,저장소,35.9764420,127.1091949,35.9764444,127.1091784,2
(주)정석케미칼,전북특별자치도 완주군 봉동읍 장구리 679,,저장소,35.9675196,127.1061217,35.9675243,127.1061070,1
대경특장 주식회사,전북특별자치도 군산시 오식도동 815-2,,저장소,35.9502777,126.5771926,35.9502899,126.5771951,1
백용가스,전북특별자치도 김제시 용지면 용지로 591,,판매,35.8556345,126.9692267,35.8556436,126.9692175,1
국민연금공단,전북특별자치도 전주시 덕진구 만성동 1165,냉동,제조,35.8372109,127.0716499,35.8372071,127.0716368,1
오수(완주)휴게소 수소충전소,전북특별자치도 임실군 오수면 순천완주고속도로 74,충전,제조,35.5402515,127.3115822,35.5402603,127.3115902,1
보령물산(주) 고창고인돌(서울) 주유소,전북특별자치도 고창군 신림면 벽송리 산 145 외 4필지(고창고인돌휴게소 내),충전,제조,35.4634791,126.6729137,35.4634702,126.6729177,1
정읍소방서,전북특별자치도 정읍시 정읍남로 1421 (시기동),충전,제조,35.5577792,126.8573864,35.5577869,126.8573803,1
(주)케이티에스테이트(전주타워),"전북특별자치도 전주시 완산구 온고을로 29, KT빌딩 (서신동)",냉동,제조,35.8333606,127.1204347,35.8333574,127.1204446,1
무진장소방서,전북특별자치도 진안군 마령면 평지리 976-16 (마령119안전센터),충전,제조,35.7317542,127.3697470,35.7317554,127.3697368,1
거성냉장,전북특별자치도 군산시 소룡동 921-1,냉동,제조,35.9809270,126.6823140,35.9809236,126.6823151,0
대농양만,전북특별자치도 고창군 심원면 도천리 819,,저장소,35.5221631,126.5456519,35.5221604,126.5456524,0
성심양만정,전북특별자치도 고창군 아산면 계산리 758,,저장소,35.4648763,126.6120691,35.4648787,126.6120688,0
(유)금성수산,전북특별자치도 고창군 심원면 월산리 1004,,저장소,35.5240140,126.5472363,35.5240123,126.5472384,0
(주)평화정공,전북특별자치도 군산시 소룡동 1670-4,,저장소,35.9557547,126.5691762,35.9557532,126.5691741,0
(주)함소아제약 익산공장,전북특별자치도 익산시 삼기면 오룡리 1243-1,냉동,제조,36.0350311,126.9930449,36.0350302,126.9930449,0
재단법인 한국탄소산업진흥원,전북특별자치도 전주시 덕진구 팔복동2가 837-4,일반,제조,35.8588628,127.0851374,35.8588622,127.0851371,0
21종합가스,전북특별자치도 군산시 산북동 3557-13,일반,판매,35.9659265,126.6773153,35.9659270,126.6773151,0
페이퍼코리아(주),전북특별자치도 군산시 비응도동 36-20 페이퍼코리아 주식회사,,저장소,35.9516141,126.5354348,35.9516142,126.5354348,0
(주)팜조아농업회사법인,전북특별자치도 익산시 목천동 915-9,냉동,제조,35.9170086,126.9187192,35.9170084,126.9187193,0
타코마테크놀러지(주),전북특별자치도 익산시 낭산면 구평리 1522,냉동,제조,36.0472296,126.9968616,36.0472297,126.9968616,0
(주) 피지티 군산,전북특별자치도 군산시 오식도동 873-8,냉동,제조,35.9471085,126.5472635,35.9471085,126.5472635,0
군산수산업협동조합(비응항),전북특별자치도 군산시 비응도동 112,냉동,제조,35.9346922,126.5321156,35.9346922,126.5321156,0
대덕가스(주),전북특별자치도 군산시 오식도동 878-2,충전,제조,35.9482053,126.5589882,35.9482054,126.5589882,0
다이토키스코(주),전북특별자치도 익산시 삼기면 연동리 925-3,냉동,제조,36.0418380,126.9997836,36.0418380,126.9997836,0
(주)대덕로지스틱,전북특별자치도 군산시 오식도동 833-5,충전,제조,35.9533090,126.5722858,35.9533090,126.5722858,0
(두)두산전자사업김제공장,전북특별자치도 김제시 백산면 부거리 1566-1,,저장소,35.8452396,126.8671224,35.8452396,126.8671224,0
